korytarz1.pgm,prm,281.015,289.882,315.164,428.619,31.032,363.685
korytarz1.pgm,prm,281.015,289.882,315.164,428.619,20.689,363.685
korytarz1.pgm,prm,281.015,289.882,315.164,428.619,22.234,363.685
korytarz1.pgm,prm,281.015,289.882,315.164,428.619,29.874,363.685
korytarz1.pgm,prm,281.015,289.882,315.164,428.619,27.834,363.685
korytarz1.pgm,prm,281.015,289.882,315.164,428.619,29.623,363.685
korytarz1.pgm,prm,281.015,289.882,315.164,428.619,34.845,363.685
korytarz1.pgm,prm,281.015,289.882,315.164,428.619,24.949,363.685
korytarz1.pgm,prm,281.015,289.882,315.164,428.619,23.249,363.685
korytarz1.pgm,prm,281.015,289.882,315.164,428.619,34.248,363.685
korytarz1.pgm,prm,281.015,289.882,315.164,428.619,32.221,363.685
korytarz1.pgm,prm,281.015,289.882,315.164,428.619,30.819,363.685
korytarz1.pgm,prm,281.015,289.882,315.164,428.619,31.805,363.685
korytarz1.pgm,prm,281.015,289.882,315.164,428.619,37.746,363.685
korytarz1.pgm,prm,281.015,289.882,315.164,428.619,27.579,363.685
korytarz1.pgm,prm,281.015,289.882,315.164,428.619,23.849,363.685
korytarz1.pgm,prm,281.015,289.882,315.164,428.619,35.412,363.685
korytarz1.pgm,prm,281.015,289.882,315.164,428.619,36.843,363.685
korytarz1.pgm,prm,281.015,289.882,315.164,428.619,33.103,363.685
korytarz1.pgm,prm,281.015,289.882,315.164,428.619,26.721,363.685
korytarz1.pgm,prm,281.015,289.882,315.164,428.619,28.653,363.685
korytarz1.pgm,prm,281.015,289.882,315.164,428.619,28.268,363.685
korytarz1.pgm,prm,281.015,289.882,315.164,428.619,31.814,363.685
korytarz1.pgm,prm,281.015,289.882,315.164,428.619,31.112,363.685
korytarz1.pgm,prm,281.015,289.882,315.164,428.619,25.705,363.685
korytarz1.pgm,prm,281.015,289.882,315.164,428.619,26.635,363.685
korytarz1.pgm,prm,281.015,289.882,315.164,428.619,33.643,363.685
korytarz1.pgm,prm,281.015,289.882,315.164,428.619,35.672,363.685
korytarz1.pgm,prm,281.015,289.882,315.164,428.619,31.091,363.685
korytarz1.pgm,prm,281.015,289.882,315.164,428.619,31.617,363.685
korytarz1.pgm,prm,281.015,289.882,315.164,428.619,31.249,363.685
korytarz1.pgm,prm,281.015,289.882,315.164,428.619,33.41,363.685
korytarz1.pgm,prm,281.015,289.882,315.164,428.619,34.003,363.685
korytarz1.pgm,prm,281.015,289.882,315.164,428.619,30.564,363.685
korytarz1.pgm,prm,281.015,289.882,315.164,428.619,35.097,363.685
korytarz1.pgm,prm,281.015,289.882,315.164,428.619,29.79,363.685
korytarz1.pgm,prm,281.015,289.882,315.164,428.619,33.861,363.685
korytarz1.pgm,prm,281.015,289.882,315.164,428.619,30.008,363.685
korytarz1.pgm,prm,281.015,289.882,315.164,428.619,30.837,363.685
korytarz1.pgm,prm,281.015,289.882,315.164,428.619,37.05,363.685
korytarz1.pgm,prm,281.015,289.882,315.164,428.619,30.532,363.685
korytarz1.pgm,prm,281.015,289.882,315.164,428.619,32.956,363.685
korytarz1.pgm,prm,281.015,289.882,315.164,428.619,37.782,363.685
korytarz1.pgm,prm,281.015,289.882,315.164,428.619,38.352,363.685
korytarz1.pgm,prm,281.015,289.882,315.164,428.619,34.104,363.685
korytarz1.pgm,prm,281.015,289.882,315.164,428.619,28.309,363.685
korytarz1.pgm,prm,281.015,289.882,315.164,428.619,31.786,363.685
korytarz1.pgm,prm,281.015,289.882,315.164,428.619,34.355,363.685
korytarz1.pgm,prm,281.015,289.882,315.164,428.619,36.659,363.685
korytarz1.pgm,prm,281.015,289.882,315.164,428.619,36.49,363.685
korytarz1.pgm,prm,281.015,289.882,315.164,428.619,39.523,363.685
korytarz1.pgm,prm,281.015,289.882,315.164,428.619,32.423,363.685
korytarz1.pgm,prm,281.015,289.882,315.164,428.619,37.727,363.685
korytarz1.pgm,prm,281.015,289.882,315.164,428.619,34.976,363.685
korytarz1.pgm,prm,281.015,289.882,315.164,428.619,32.767,363.685
korytarz1.pgm,prm,281.015,289.882,315.164,428.619,35.954,363.685
korytarz1.pgm,prm,281.015,289.882,315.164,428.619,29.123,363.685
korytarz1.pgm,prm,281.015,289.882,315.164,428.619,28.939,363.685
korytarz1.pgm,prm,281.015,289.882,315.164,428.619,24.784,363.685
korytarz1.pgm,prm,281.015,289.882,315.164,428.619,31.307,363.685
korytarz1.pgm,prm,281.015,289.882,315.164,428.619,38.407,363.685
korytarz1.pgm,prm,281.015,289.882,315.164,428.619,29.648,363.685
korytarz1.pgm,prm,281.015,289.882,315.164,428.619,33.408,363.685
korytarz1.pgm,prm,281.015,289.882,315.164,428.619,35.461,363.685
korytarz1.pgm,prm,281.015,289.882,315.164,428.619,35.713,363.685
korytarz1.pgm,prm,281.015,289.882,315.164,428.619,39.541,363.685
korytarz1.pgm,prm,281.015,289.882,315.164,428.619,36.198,363.685
korytarz1.pgm,prm,281.015,289.882,315.164,428.619,30.879,363.685
korytarz1.pgm,prm,281.015,289.882,315.164,428.619,38.698,363.685
korytarz1.pgm,prm,281.015,289.882,315.164,428.619,32.151,363.685
korytarz1.pgm,prm,281.015,289.882,315.164,428.619,32.208,363.685
korytarz1.pgm,prm,281.015,289.882,315.164,428.619,28.415,363.685
korytarz1.pgm,prm,281.015,289.882,315.164,428.619,34.507,363.685
korytarz1.pgm,prm,281.015,289.882,315.164,428.619,34.974,363.685
korytarz1.pgm,prm,281.015,289.882,315.164,428.619,33.498,363.685
korytarz1.pgm,prm,281.015,289.882,315.164,428.619,32.965,363.685
korytarz1.pgm,prm,281.015,289.882,315.164,428.619,34.137,363.685
korytarz1.pgm,prm,281.015,289.882,315.164,428.619,37.652,363.685
korytarz1.pgm,prm,281.015,289.882,315.164,428.619,36.458,363.685
korytarz1.pgm,prm,281.015,289.882,315.164,428.619,37.734,363.685
korytarz1.pgm,prm,281.015,289.882,315.164,428.619,37.922,363.685
korytarz1.pgm,prm,281.015,289.882,315.164,428.619,33.963,363.685
korytarz1.pgm,prm,281.015,289.882,315.164,428.619,36.345,363.685
korytarz1.pgm,prm,281.015,289.882,315.164,428.619,27.597,363.685
korytarz1.pgm,prm,281.015,289.882,315.164,428.619,23.483,363.685
korytarz1.pgm,prm,281.015,289.882,315.164,428.619,32.362,363.685
korytarz1.pgm,prm,281.015,289.882,315.164,428.619,28.888,363.685
korytarz1.pgm,prm,281.015,289.882,315.164,428.619,29.332,363.685
korytarz1.pgm,prm,281.015,289.882,315.164,428.619,29.126,363.685
korytarz1.pgm,prm,281.015,289.882,315.164,428.619,30.157,363.685
korytarz1.pgm,prm,281.015,289.882,315.164,428.619,29.084,363.685
korytarz1.pgm,prm,281.015,289.882,315.164,428.619,28.538,363.685
korytarz1.pgm,prm,281.015,289.882,315.164,428.619,28.057,363.685
korytarz1.pgm,prm,281.015,289.882,315.164,428.619,28.003,363.685
korytarz1.pgm,prm,281.015,289.882,315.164,428.619,24.506,363.685
korytarz1.pgm,prm,281.015,289.882,315.164,428.619,31.444,363.685
korytarz1.pgm,prm,281.015,289.882,315.164,428.619,28.26,363.685
korytarz1.pgm,prm,281.015,289.882,315.164,428.619,25.744,363.685
korytarz1.pgm,prm,281.015,289.882,315.164,428.619,28.385,363.685
korytarz1.pgm,prm,281.015,289.882,315.164,428.619,27.607,363.685


korytarz1.pgm,prm,205.935,331.552,506.227,157.698,28.34,540.741
korytarz1.pgm,prm,205.935,331.552,506.227,157.698,26.707,540.741
korytarz1.pgm,prm,205.935,331.552,506.227,157.698,28.522,540.741
korytarz1.pgm,prm,205.935,331.552,506.227,157.698,25.23,540.741
korytarz1.pgm,prm,205.935,331.552,506.227,157.698,34.857,540.741
korytarz1.pgm,prm,205.935,331.552,506.227,157.698,29.362,540.741
korytarz1.pgm,prm,205.935,331.552,506.227,157.698,27.316,540.741
korytarz1.pgm,prm,205.935,331.552,506.227,157.698,28.279,540.741
korytarz1.pgm,prm,205.935,331.552,506.227,157.698,28.301,540.741
korytarz1.pgm,prm,205.935,331.552,506.227,157.698,28.703,540.741
korytarz1.pgm,prm,205.935,331.552,506.227,157.698,26.625,540.741
korytarz1.pgm,prm,205.935,331.552,506.227,157.698,28.653,540.741
korytarz1.pgm,prm,205.935,331.552,506.227,157.698,24.342,540.741
korytarz1.pgm,prm,205.935,331.552,506.227,157.698,30.338,540.741
korytarz1.pgm,prm,205.935,331.552,506.227,157.698,29.009,540.741
korytarz1.pgm,prm,205.935,331.552,506.227,157.698,20.318,540.741
korytarz1.pgm,prm,205.935,331.552,506.227,157.698,28.075,540.741
korytarz1.pgm,prm,205.935,331.552,506.227,157.698,28.722,540.741
korytarz1.pgm,prm,205.935,331.552,506.227,157.698,28.528,540.741
korytarz1.pgm,prm,205.935,331.552,506.227,157.698,28.028,540.741
korytarz1.pgm,prm,205.935,331.552,506.227,157.698,27.955,540.741
korytarz1.pgm,prm,205.935,331.552,506.227,157.698,25.606,540.741
korytarz1.pgm,prm,205.935,331.552,506.227,157.698,25.914,540.741
korytarz1.pgm,prm,205.935,331.552,506.227,157.698,27.819,540.741
korytarz1.pgm,prm,205.935,331.552,506.227,157.698,26.733,540.741
korytarz1.pgm,prm,205.935,331.552,506.227,157.698,28.413,540.741
korytarz1.pgm,prm,205.935,331.552,506.227,157.698,28.26,540.741
korytarz1.pgm,prm,205.935,331.552,506.227,157.698,28.713,540.741
korytarz1.pgm,prm,205.935,331.552,506.227,157.698,28.144,540.741
korytarz1.pgm,prm,205.935,331.552,506.227,157.698,27.021,540.741
korytarz1.pgm,prm,205.935,331.552,506.227,157.698,25.459,540.741
korytarz1.pgm,prm,205.935,331.552,506.227,157.698,24.901,540.741
korytarz1.pgm,prm,205.935,331.552,506.227,157.698,28.007,540.741
korytarz1.pgm,prm,205.935,331.552,506.227,157.698,27.957,540.741
korytarz1.pgm,prm,205.935,331.552,506.227,157.698,29.107,540.741
korytarz1.pgm,prm,205.935,331.552,506.227,157.698,27.889,540.741
korytarz1.pgm,prm,205.935,331.552,506.227,157.698,26.983,540.741
korytarz1.pgm,prm,205.935,331.552,506.227,157.698,25.633,540.741
korytarz1.pgm,prm,205.935,331.552,506.227,157.698,23.573,540.741
korytarz1.pgm,prm,205.935,331.552,506.227,157.698,28.215,540.741
korytarz1.pgm,prm,205.935,331.552,506.227,157.698,28.983,540.741
korytarz1.pgm,prm,205.935,331.552,506.227,157.698,28.673,540.741
korytarz1.pgm,prm,205.935,331.552,506.227,157.698,28.748,540.741
korytarz1.pgm,prm,205.935,331.552,506.227,157.698,29.172,540.741
korytarz1.pgm,prm,205.935,331.552,506.227,157.698,27.927,540.741
korytarz1.pgm,prm,205.935,331.552,506.227,157.698,28.97,540.741
korytarz1.pgm,prm,205.935,331.552,506.227,157.698,26.695,540.741
korytarz1.pgm,prm,205.935,331.552,506.227,157.698,29.271,540.741
korytarz1.pgm,prm,205.935,331.552,506.227,157.698,30.324,540.741
korytarz1.pgm,prm,205.935,331.552,506.227,157.698,26.191,540.741
korytarz1.pgm,prm,205.935,331.552,506.227,157.698,28.129,540.741
korytarz1.pgm,prm,205.935,331.552,506.227,157.698,36.513,540.741
korytarz1.pgm,prm,205.935,331.552,506.227,157.698,29.773,540.741
korytarz1.pgm,prm,205.935,331.552,506.227,157.698,29.735,540.741
korytarz1.pgm,prm,205.935,331.552,506.227,157.698,29.959,540.741
korytarz1.pgm,prm,205.935,331.552,506.227,157.698,25.721,540.741
korytarz1.pgm,prm,205.935,331.552,506.227,157.698,27.824,540.741
korytarz1.pgm,prm,205.935,331.552,506.227,157.698,27.733,540.741
korytarz1.pgm,prm,205.935,331.552,506.227,157.698,30.661,540.741
korytarz1.pgm,prm,205.935,331.552,506.227,157.698,29.91,540.741
korytarz1.pgm,prm,205.935,331.552,506.227,157.698,29.813,540.741
korytarz1.pgm,prm,205.935,331.552,506.227,157.698,30.879,540.741
korytarz1.pgm,prm,205.935,331.552,506.227,157.698,29.761,540.741
korytarz1.pgm,prm,205.935,331.552,506.227,157.698,29.264,540.741
korytarz1.pgm,prm,205.935,331.552,506.227,157.698,28.166,540.741
korytarz1.pgm,prm,205.935,331.552,506.227,157.698,30.308,540.741
korytarz1.pgm,prm,205.935,331.552,506.227,157.698,29.544,540.741
korytarz1.pgm,prm,205.935,331.552,506.227,157.698,29.896,540.741
korytarz1.pgm,prm,205.935,331.552,506.227,157.698,27.744,540.741
korytarz1.pgm,prm,205.935,331.552,506.227,157.698,27.124,540.741
korytarz1.pgm,prm,205.935,331.552,506.227,157.698,27.835,540.741
korytarz1.pgm,prm,205.935,331.552,506.227,157.698,27.708,540.741
korytarz1.pgm,prm,205.935,331.552,506.227,157.698,29.743,540.741
korytarz1.pgm,prm,205.935,331.552,506.227,157.698,29.247,540.741
korytarz1.pgm,prm,205.935,331.552,506.227,157.698,28.222,540.741
korytarz1.pgm,prm,205.935,331.552,506.227,157.698,27.67,540.741
korytarz1.pgm,prm,205.935,331.552,506.227,157.698,23.516,540.741
korytarz1.pgm,prm,205.935,331.552,506.227,157.698,27.75,540.741
korytarz1.pgm,prm,205.935,331.552,506.227,157.698,29.328,540.741
korytarz1.pgm,prm,205.935,331.552,506.227,157.698,24.283,540.741
korytarz1.pgm,prm,205.935,331.552,506.227,157.698,29.084,540.741
korytarz1.pgm,prm,205.935,331.552,506.227,157.698,30.021,540.741
korytarz1.pgm,prm,205.935,331.552,506.227,157.698,27.524,540.741
korytarz1.pgm,prm,205.935,331.552,506.227,157.698,30.22,540.741
korytarz1.pgm,prm,205.935,331.552,506.227,157.698,25.094,540.741
korytarz1.pgm,prm,205.935,331.552,506.227,157.698,34.141,540.741
korytarz1.pgm,prm,205.935,331.552,506.227,157.698,26.085,540.741
korytarz1.pgm,prm,205.935,331.552,506.227,157.698,30.949,540.741
korytarz1.pgm,prm,205.935,331.552,506.227,157.698,29.915,540.741
korytarz1.pgm,prm,205.935,331.552,506.227,157.698,29.977,540.741
korytarz1.pgm,prm,205.935,331.552,506.227,157.698,30.435,540.741
korytarz1.pgm,prm,205.935,331.552,506.227,157.698,30.407,540.741
korytarz1.pgm,prm,205.935,331.552,506.227,157.698,29.479,540.741
korytarz1.pgm,prm,205.935,331.552,506.227,157.698,30.011,540.741
korytarz1.pgm,prm,205.935,331.552,506.227,157.698,25.901,540.741
korytarz1.pgm,prm,205.935,331.552,506.227,157.698,30.017,540.741
korytarz1.pgm,prm,205.935,331.552,506.227,157.698,26.984,540.741
korytarz1.pgm,prm,205.935,331.552,506.227,157.698,30.061,540.741
korytarz1.pgm,prm,205.935,331.552,506.227,157.698,30.702,540.741
korytarz1.pgm,prm,205.935,331.552,506.227,157.698,30.051,540.741


korytarz1.pgm,prm,281.095,269.638,393.121,220.771,27.061,525.628
korytarz1.pgm,prm,281.095,269.638,393.121,220.771,29.552,525.628
korytarz1.pgm,prm,281.095,269.638,393.121,220.771,27.734,525.628
korytarz1.pgm,prm,281.095,269.638,393.121,220.771,31.006,525.628
korytarz1.pgm,prm,281.095,269.638,393.121,220.771,26.655,525.628
korytarz1.pgm,prm,281.095,269.638,393.121,220.771,29.487,525.628
korytarz1.pgm,prm,281.095,269.638,393.121,220.771,29.52,525.628
korytarz1.pgm,prm,281.095,269.638,393.121,220.771,28.905,525.628
korytarz1.pgm,prm,281.095,269.638,393.121,220.771,29.328,525.628
korytarz1.pgm,prm,281.095,269.638,393.121,220.771,31.761,525.628
korytarz1.pgm,prm,281.095,269.638,393.121,220.771,28.407,525.628
korytarz1.pgm,prm,281.095,269.638,393.121,220.771,29.822,525.628
korytarz1.pgm,prm,281.095,269.638,393.121,220.771,29.075,525.628
korytarz1.pgm,prm,281.095,269.638,393.121,220.771,29.854,525.628
korytarz1.pgm,prm,281.095,269.638,393.121,220.771,30.138,525.628
korytarz1.pgm,prm,281.095,269.638,393.121,220.771,27.194,525.628
korytarz1.pgm,prm,281.095,269.638,393.121,220.771,29.627,525.628
korytarz1.pgm,prm,281.095,269.638,393.121,220.771,27.1,525.628
korytarz1.pgm,prm,281.095,269.638,393.121,220.771,29.704,525.628
korytarz1.pgm,prm,281.095,269.638,393.121,220.771,25.789,525.628
korytarz1.pgm,prm,281.095,269.638,393.121,220.771,31.705,525.628
korytarz1.pgm,prm,281.095,269.638,393.121,220.771,27.08,525.628
korytarz1.pgm,prm,281.095,269.638,393.121,220.771,23.289,525.628
korytarz1.pgm,prm,281.095,269.638,393.121,220.771,27.605,525.628
korytarz1.pgm,prm,281.095,269.638,393.121,220.771,29.168,525.628
korytarz1.pgm,prm,281.095,269.638,393.121,220.771,30.318,525.628
korytarz1.pgm,prm,281.095,269.638,393.121,220.771,29.07,525.628
korytarz1.pgm,prm,281.095,269.638,393.121,220.771,25.751,525.628
korytarz1.pgm,prm,281.095,269.638,393.121,220.771,27.696,525.628
korytarz1.pgm,prm,281.095,269.638,393.121,220.771,27.563,525.628
korytarz1.pgm,prm,281.095,269.638,393.121,220.771,29.603,525.628
korytarz1.pgm,prm,281.095,269.638,393.121,220.771,30.117,525.628
korytarz1.pgm,prm,281.095,269.638,393.121,220.771,28.72,525.628
korytarz1.pgm,prm,281.095,269.638,393.121,220.771,29.651,525.628
korytarz1.pgm,prm,281.095,269.638,393.121,220.771,28.681,525.628
korytarz1.pgm,prm,281.095,269.638,393.121,220.771,27.323,525.628
korytarz1.pgm,prm,281.095,269.638,393.121,220.771,25.789,525.628
korytarz1.pgm,prm,281.095,269.638,393.121,220.771,30.385,525.628
korytarz1.pgm,prm,281.095,269.638,393.121,220.771,29.667,525.628
korytarz1.pgm,prm,281.095,269.638,393.121,220.771,28.95,525.628
korytarz1.pgm,prm,281.095,269.638,393.121,220.771,27.12,525.628
korytarz1.pgm,prm,281.095,269.638,393.121,220.771,30.407,525.628
korytarz1.pgm,prm,281.095,269.638,393.121,220.771,29.009,525.628
korytarz1.pgm,prm,281.095,269.638,393.121,220.771,29.6,525.628
korytarz1.pgm,prm,281.095,269.638,393.121,220.771,29.923,525.628
korytarz1.pgm,prm,281.095,269.638,393.121,220.771,28.249,525.628
korytarz1.pgm,prm,281.095,269.638,393.121,220.771,26.602,525.628
korytarz1.pgm,prm,281.095,269.638,393.121,220.771,30.473,525.628
korytarz1.pgm,prm,281.095,269.638,393.121,220.771,27.252,525.628
korytarz1.pgm,prm,281.095,269.638,393.121,220.771,27.075,525.628
korytarz1.pgm,prm,281.095,269.638,393.121,220.771,28.522,525.628
korytarz1.pgm,prm,281.095,269.638,393.121,220.771,28.334,525.628
korytarz1.pgm,prm,281.095,269.638,393.121,220.771,29.552,525.628
korytarz1.pgm,prm,281.095,269.638,393.121,220.771,28.288,525.628
korytarz1.pgm,prm,281.095,269.638,393.121,220.771,29.348,525.628
korytarz1.pgm,prm,281.095,269.638,393.121,220.771,29.781,525.628
korytarz1.pgm,prm,281.095,269.638,393.121,220.771,30.022,525.628
korytarz1.pgm,prm,281.095,269.638,393.121,220.771,30.986,525.628
korytarz1.pgm,prm,281.095,269.638,393.121,220.771,28.958,525.628
korytarz1.pgm,prm,281.095,269.638,393.121,220.771,30.632,525.628
korytarz1.pgm,prm,281.095,269.638,393.121,220.771,28.541,525.628
korytarz1.pgm,prm,281.095,269.638,393.121,220.771,26.331,525.628
korytarz1.pgm,prm,281.095,269.638,393.121,220.771,29.465,525.628
korytarz1.pgm,prm,281.095,269.638,393.121,220.771,29.913,525.628
korytarz1.pgm,prm,281.095,269.638,393.121,220.771,29.882,525.628
korytarz1.pgm,prm,281.095,269.638,393.121,220.771,29.886,525.628
korytarz1.pgm,prm,281.095,269.638,393.121,220.771,28.775,525.628
korytarz1.pgm,prm,281.095,269.638,393.121,220.771,29.998,525.628
korytarz1.pgm,prm,281.095,269.638,393.121,220.771,27.639,525.628
korytarz1.pgm,prm,281.095,269.638,393.121,220.771,29.007,525.628
korytarz1.pgm,prm,281.095,269.638,393.121,220.771,29.871,525.628
korytarz1.pgm,prm,281.095,269.638,393.121,220.771,32.728,525.628
korytarz1.pgm,prm,281.095,269.638,393.121,220.771,32.587,525.628
korytarz1.pgm,prm,281.095,269.638,393.121,220.771,26.844,525.628
korytarz1.pgm,prm,281.095,269.638,393.121,220.771,27.658,525.628
korytarz1.pgm,prm,281.095,269.638,393.121,220.771,28.424,525.628
korytarz1.pgm,prm,281.095,269.638,393.121,220.771,30.324,525.628
korytarz1.pgm,prm,281.095,269.638,393.121,220.771,29.643,525.628
korytarz1.pgm,prm,281.095,269.638,393.121,220.771,30.12,525.628
korytarz1.pgm,prm,281.095,269.638,393.121,220.771,32.636,525.628
korytarz1.pgm,prm,281.095,269.638,393.121,220.771,30.167,525.628
korytarz1.pgm,prm,281.095,269.638,393.121,220.771,25.229,525.628
korytarz1.pgm,prm,281.095,269.638,393.121,220.771,29.019,525.628
korytarz1.pgm,prm,281.095,269.638,393.121,220.771,29.718,525.628
korytarz1.pgm,prm,281.095,269.638,393.121,220.771,29.728,525.628
korytarz1.pgm,prm,281.095,269.638,393.121,220.771,31.503,525.628
korytarz1.pgm,prm,281.095,269.638,393.121,220.771,29.494,525.628
korytarz1.pgm,prm,281.095,269.638,393.121,220.771,27.749,525.628
korytarz1.pgm,prm,281.095,269.638,393.121,220.771,30.734,525.628
korytarz1.pgm,prm,281.095,269.638,393.121,220.771,26.244,525.628
korytarz1.pgm,prm,281.095,269.638,393.121,220.771,28.806,525.628
korytarz1.pgm,prm,281.095,269.638,393.121,220.771,29.324,525.628
korytarz1.pgm,prm,281.095,269.638,393.121,220.771,30.641,525.628
korytarz1.pgm,prm,281.095,269.638,393.121,220.771,26.46,525.628
korytarz1.pgm,prm,281.095,269.638,393.121,220.771,29.48,525.628
korytarz1.pgm,prm,281.095,269.638,393.121,220.771,30.341,525.628
korytarz1.pgm,prm,281.095,269.638,393.121,220.771,31.059,525.628
korytarz1.pgm,prm,281.095,269.638,393.121,220.771,30.042,525.628
korytarz1.pgm,prm,281.095,269.638,393.121,220.771,29.556,525.628
korytarz1.pgm,prm,281.095,269.638,393.121,220.771,26.755,525.628


korytarz1.pgm,prm,277.793,254.32,320.145,492.106,29.015,394.822
korytarz1.pgm,prm,277.793,254.32,320.145,492.106,26.201,394.822
korytarz1.pgm,prm,277.793,254.32,320.145,492.106,29.069,394.822
korytarz1.pgm,prm,277.793,254.32,320.145,492.106,29.495,394.822
korytarz1.pgm,prm,277.793,254.32,320.145,492.106,28.314,394.822
korytarz1.pgm,prm,277.793,254.32,320.145,492.106,23.29,394.822
korytarz1.pgm,prm,277.793,254.32,320.145,492.106,29.138,394.822
korytarz1.pgm,prm,277.793,254.32,320.145,492.106,27.607,394.822
korytarz1.pgm,prm,277.793,254.32,320.145,492.106,26.306,394.822
korytarz1.pgm,prm,277.793,254.32,320.145,492.106,31.097,394.822
korytarz1.pgm,prm,277.793,254.32,320.145,492.106,27.938,394.822
korytarz1.pgm,prm,277.793,254.32,320.145,492.106,28.271,394.822
korytarz1.pgm,prm,277.793,254.32,320.145,492.106,28.771,394.822
korytarz1.pgm,prm,277.793,254.32,320.145,492.106,26.92,394.822
korytarz1.pgm,prm,277.793,254.32,320.145,492.106,29.233,394.822
korytarz1.pgm,prm,277.793,254.32,320.145,492.106,28.831,394.822
korytarz1.pgm,prm,277.793,254.32,320.145,492.106,26.391,394.822
korytarz1.pgm,prm,277.793,254.32,320.145,492.106,29.152,394.822
korytarz1.pgm,prm,277.793,254.32,320.145,492.106,29.897,394.822
korytarz1.pgm,prm,277.793,254.32,320.145,492.106,28.274,394.822
korytarz1.pgm,prm,277.793,254.32,320.145,492.106,28.668,394.822
korytarz1.pgm,prm,277.793,254.32,320.145,492.106,29,394.822
korytarz1.pgm,prm,277.793,254.32,320.145,492.106,29.048,394.822
korytarz1.pgm,prm,277.793,254.32,320.145,492.106,29.586,394.822
korytarz1.pgm,prm,277.793,254.32,320.145,492.106,27.209,394.822
korytarz1.pgm,prm,277.793,254.32,320.145,492.106,29.222,394.822
korytarz1.pgm,prm,277.793,254.32,320.145,492.106,29.016,394.822
korytarz1.pgm,prm,277.793,254.32,320.145,492.106,28.095,394.822
korytarz1.pgm,prm,277.793,254.32,320.145,492.106,28.965,394.822
korytarz1.pgm,prm,277.793,254.32,320.145,492.106,28.696,394.822
korytarz1.pgm,prm,277.793,254.32,320.145,492.106,29.25,394.822
korytarz1.pgm,prm,277.793,254.32,320.145,492.106,28.966,394.822
korytarz1.pgm,prm,277.793,254.32,320.145,492.106,31.084,394.822
korytarz1.pgm,prm,277.793,254.32,320.145,492.106,29.651,394.822
korytarz1.pgm,prm,277.793,254.32,320.145,492.106,29.324,394.822
korytarz1.pgm,prm,277.793,254.32,320.145,492.106,29.002,394.822
korytarz1.pgm,prm,277.793,254.32,320.145,492.106,29.767,394.822
korytarz1.pgm,prm,277.793,254.32,320.145,492.106,26.314,394.822
korytarz1.pgm,prm,277.793,254.32,320.145,492.106,29.543,394.822
korytarz1.pgm,prm,277.793,254.32,320.145,492.106,29.303,394.822
korytarz1.pgm,prm,277.793,254.32,320.145,492.106,31.349,394.822
korytarz1.pgm,prm,277.793,254.32,320.145,492.106,31.386,394.822
korytarz1.pgm,prm,277.793,254.32,320.145,492.106,30.103,394.822
korytarz1.pgm,prm,277.793,254.32,320.145,492.106,26.292,394.822
korytarz1.pgm,prm,277.793,254.32,320.145,492.106,28.696,394.822
korytarz1.pgm,prm,277.793,254.32,320.145,492.106,37.496,394.822
korytarz1.pgm,prm,277.793,254.32,320.145,492.106,37.849,394.822
korytarz1.pgm,prm,277.793,254.32,320.145,492.106,31.466,394.822
korytarz1.pgm,prm,277.793,254.32,320.145,492.106,34.435,394.822
korytarz1.pgm,prm,277.793,254.32,320.145,492.106,37.109,394.822
korytarz1.pgm,prm,277.793,254.32,320.145,492.106,31.457,394.822
korytarz1.pgm,prm,277.793,254.32,320.145,492.106,37.573,394.822
korytarz1.pgm,prm,277.793,254.32,320.145,492.106,38.223,394.822
korytarz1.pgm,prm,277.793,254.32,320.145,492.106,31.373,394.822
korytarz1.pgm,prm,277.793,254.32,320.145,492.106,33.392,394.822
korytarz1.pgm,prm,277.793,254.32,320.145,492.106,37.264,394.822
korytarz1.pgm,prm,277.793,254.32,320.145,492.106,37.617,394.822
korytarz1.pgm,prm,277.793,254.32,320.145,492.106,38.93,394.822
korytarz1.pgm,prm,277.793,254.32,320.145,492.106,38.962,394.822
korytarz1.pgm,prm,277.793,254.32,320.145,492.106,34.15,394.822
korytarz1.pgm,prm,277.793,254.32,320.145,492.106,37.847,394.822
korytarz1.pgm,prm,277.793,254.32,320.145,492.106,30.215,394.822
korytarz1.pgm,prm,277.793,254.32,320.145,492.106,27.459,394.822
korytarz1.pgm,prm,277.793,254.32,320.145,492.106,25.953,394.822
korytarz1.pgm,prm,277.793,254.32,320.145,492.106,36.51,394.822
korytarz1.pgm,prm,277.793,254.32,320.145,492.106,39.437,394.822
korytarz1.pgm,prm,277.793,254.32,320.145,492.106,34.232,394.822
korytarz1.pgm,prm,277.793,254.32,320.145,492.106,24.177,394.822
korytarz1.pgm,prm,277.793,254.32,320.145,492.106,37.893,394.822
korytarz1.pgm,prm,277.793,254.32,320.145,492.106,31.265,394.822
korytarz1.pgm,prm,277.793,254.32,320.145,492.106,26.12,394.822
korytarz1.pgm,prm,277.793,254.32,320.145,492.106,27.691,394.822
korytarz1.pgm,prm,277.793,254.32,320.145,492.106,32.198,394.822
korytarz1.pgm,prm,277.793,254.32,320.145,492.106,34.386,394.822
korytarz1.pgm,prm,277.793,254.32,320.145,492.106,33.454,394.822
korytarz1.pgm,prm,277.793,254.32,320.145,492.106,35.224,394.822
korytarz1.pgm,prm,277.793,254.32,320.145,492.106,37.375,394.822
korytarz1.pgm,prm,277.793,254.32,320.145,492.106,38.355,394.822
korytarz1.pgm,prm,277.793,254.32,320.145,492.106,36.599,394.822
korytarz1.pgm,prm,277.793,254.32,320.145,492.106,38.179,394.822
korytarz1.pgm,prm,277.793,254.32,320.145,492.106,27.895,394.822
korytarz1.pgm,prm,277.793,254.32,320.145,492.106,20.44,394.822
korytarz1.pgm,prm,277.793,254.32,320.145,492.106,28.539,394.822
korytarz1.pgm,prm,277.793,254.32,320.145,492.106,38.463,394.822
korytarz1.pgm,prm,277.793,254.32,320.145,492.106,37.654,394.822
korytarz1.pgm,prm,277.793,254.32,320.145,492.106,38.12,394.822
korytarz1.pgm,prm,277.793,254.32,320.145,492.106,38.048,394.822
korytarz1.pgm,prm,277.793,254.32,320.145,492.106,39.086,394.822
korytarz1.pgm,prm,277.793,254.32,320.145,492.106,39.258,394.822
korytarz1.pgm,prm,277.793,254.32,320.145,492.106,34.527,394.822
korytarz1.pgm,prm,277.793,254.32,320.145,492.106,39.403,394.822
korytarz1.pgm,prm,277.793,254.32,320.145,492.106,39.56,394.822
korytarz1.pgm,prm,277.793,254.32,320.145,492.106,39.068,394.822
korytarz1.pgm,prm,277.793,254.32,320.145,492.106,22.554,394.822
korytarz1.pgm,prm,277.793,254.32,320.145,492.106,28.664,394.822
korytarz1.pgm,prm,277.793,254.32,320.145,492.106,38.886,394.822
korytarz1.pgm,prm,277.793,254.32,320.145,492.106,35.158,394.822
korytarz1.pgm,prm,277.793,254.32,320.145,492.106,38.406,394.822
korytarz1.pgm,prm,277.793,254.32,320.145,492.106,33.614,394.822
korytarz1.pgm,prm,277.793,254.32,320.145,492.106,38.294,394.822


korytarz1.pgm,prm,477.427,201.88,340.739,282.088,38.362,166.989
korytarz1.pgm,prm,477.427,201.88,340.739,282.088,38.762,166.989
korytarz1.pgm,prm,477.427,201.88,340.739,282.088,31.722,166.989
korytarz1.pgm,prm,477.427,201.88,340.739,282.088,37.454,166.989
korytarz1.pgm,prm,477.427,201.88,340.739,282.088,39.101,166.989
korytarz1.pgm,prm,477.427,201.88,340.739,282.088,39.082,166.989
korytarz1.pgm,prm,477.427,201.88,340.739,282.088,38.749,166.989
korytarz1.pgm,prm,477.427,201.88,340.739,282.088,38.153,166.989
korytarz1.pgm,prm,477.427,201.88,340.739,282.088,36.129,166.989
korytarz1.pgm,prm,477.427,201.88,340.739,282.088,33.956,166.989
korytarz1.pgm,prm,477.427,201.88,340.739,282.088,35.249,166.989
korytarz1.pgm,prm,477.427,201.88,340.739,282.088,36.044,166.989
korytarz1.pgm,prm,477.427,201.88,340.739,282.088,34.371,166.989
korytarz1.pgm,prm,477.427,201.88,340.739,282.088,37.684,166.989
korytarz1.pgm,prm,477.427,201.88,340.739,282.088,37.359,166.989
korytarz1.pgm,prm,477.427,201.88,340.739,282.088,22.747,166.989
korytarz1.pgm,prm,477.427,201.88,340.739,282.088,36.068,166.989
korytarz1.pgm,prm,477.427,201.88,340.739,282.088,25.266,166.989
korytarz1.pgm,prm,477.427,201.88,340.739,282.088,38.997,166.989
korytarz1.pgm,prm,477.427,201.88,340.739,282.088,35.678,166.989
korytarz1.pgm,prm,477.427,201.88,340.739,282.088,36.502,166.989
korytarz1.pgm,prm,477.427,201.88,340.739,282.088,36.059,166.989
korytarz1.pgm,prm,477.427,201.88,340.739,282.088,27.318,166.989
korytarz1.pgm,prm,477.427,201.88,340.739,282.088,24.383,166.989
korytarz1.pgm,prm,477.427,201.88,340.739,282.088,40.218,166.989
korytarz1.pgm,prm,477.427,201.88,340.739,282.088,35.419,166.989
korytarz1.pgm,prm,477.427,201.88,340.739,282.088,34.862,166.989
korytarz1.pgm,prm,477.427,201.88,340.739,282.088,34.026,166.989
korytarz1.pgm,prm,477.427,201.88,340.739,282.088,35.439,166.989
korytarz1.pgm,prm,477.427,201.88,340.739,282.088,30.214,166.989
korytarz1.pgm,prm,477.427,201.88,340.739,282.088,32.509,166.989
korytarz1.pgm,prm,477.427,201.88,340.739,282.088,36.143,166.989
korytarz1.pgm,prm,477.427,201.88,340.739,282.088,39.104,166.989
korytarz1.pgm,prm,477.427,201.88,340.739,282.088,37.734,166.989
korytarz1.pgm,prm,477.427,201.88,340.739,282.088,35.046,166.989
korytarz1.pgm,prm,477.427,201.88,340.739,282.088,34.578,166.989
korytarz1.pgm,prm,477.427,201.88,340.739,282.088,38.688,166.989
korytarz1.pgm,prm,477.427,201.88,340.739,282.088,38.263,166.989
korytarz1.pgm,prm,477.427,201.88,340.739,282.088,33.521,166.989
korytarz1.pgm,prm,477.427,201.88,340.739,282.088,31.79,166.989
korytarz1.pgm,prm,477.427,201.88,340.739,282.088,34.462,166.989
korytarz1.pgm,prm,477.427,201.88,340.739,282.088,39.043,166.989
korytarz1.pgm,prm,477.427,201.88,340.739,282.088,39.591,166.989
korytarz1.pgm,prm,477.427,201.88,340.739,282.088,37.081,166.989
korytarz1.pgm,prm,477.427,201.88,340.739,282.088,33.455,166.989
korytarz1.pgm,prm,477.427,201.88,340.739,282.088,25.774,166.989
korytarz1.pgm,prm,477.427,201.88,340.739,282.088,28.34,166.989
korytarz1.pgm,prm,477.427,201.88,340.739,282.088,37.88,166.989
korytarz1.pgm,prm,477.427,201.88,340.739,282.088,31.416,166.989
korytarz1.pgm,prm,477.427,201.88,340.739,282.088,35.401,166.989
korytarz1.pgm,prm,477.427,201.88,340.739,282.088,26.355,166.989
korytarz1.pgm,prm,477.427,201.88,340.739,282.088,36.115,166.989
korytarz1.pgm,prm,477.427,201.88,340.739,282.088,39.608,166.989
korytarz1.pgm,prm,477.427,201.88,340.739,282.088,40.407,166.989
korytarz1.pgm,prm,477.427,201.88,340.739,282.088,19.288,166.989
korytarz1.pgm,prm,477.427,201.88,340.739,282.088,35.3,166.989
korytarz1.pgm,prm,477.427,201.88,340.739,282.088,38.091,166.989
korytarz1.pgm,prm,477.427,201.88,340.739,282.088,39.614,166.989
korytarz1.pgm,prm,477.427,201.88,340.739,282.088,26.481,166.989
korytarz1.pgm,prm,477.427,201.88,340.739,282.088,39.28,166.989
korytarz1.pgm,prm,477.427,201.88,340.739,282.088,31.692,166.989
korytarz1.pgm,prm,477.427,201.88,340.739,282.088,33.561,166.989
korytarz1.pgm,prm,477.427,201.88,340.739,282.088,29.923,166.989
korytarz1.pgm,prm,477.427,201.88,340.739,282.088,33.654,166.989
korytarz1.pgm,prm,477.427,201.88,340.739,282.088,33.655,166.989
korytarz1.pgm,prm,477.427,201.88,340.739,282.088,34.931,166.989
korytarz1.pgm,prm,477.427,201.88,340.739,282.088,37.022,166.989
korytarz1.pgm,prm,477.427,201.88,340.739,282.088,33.342,166.989
korytarz1.pgm,prm,477.427,201.88,340.739,282.088,34.732,166.989
korytarz1.pgm,prm,477.427,201.88,340.739,282.088,36.96,166.989
korytarz1.pgm,prm,477.427,201.88,340.739,282.088,34.316,166.989
korytarz1.pgm,prm,477.427,201.88,340.739,282.088,33.249,166.989
korytarz1.pgm,prm,477.427,201.88,340.739,282.088,31.796,166.989
korytarz1.pgm,prm,477.427,201.88,340.739,282.088,35.795,166.989
korytarz1.pgm,prm,477.427,201.88,340.739,282.088,37.601,166.989
korytarz1.pgm,prm,477.427,201.88,340.739,282.088,37.162,166.989
korytarz1.pgm,prm,477.427,201.88,340.739,282.088,34.868,166.989
korytarz1.pgm,prm,477.427,201.88,340.739,282.088,40.227,166.989
korytarz1.pgm,prm,477.427,201.88,340.739,282.088,29.735,166.989
korytarz1.pgm,prm,477.427,201.88,340.739,282.088,37.535,166.989
korytarz1.pgm,prm,477.427,201.88,340.739,282.088,41.775,166.989
korytarz1.pgm,prm,477.427,201.88,340.739,282.088,31.904,166.989
korytarz1.pgm,prm,477.427,201.88,340.739,282.088,31.469,166.989
korytarz1.pgm,prm,477.427,201.88,340.739,282.088,36.927,166.989
korytarz1.pgm,prm,477.427,201.88,340.739,282.088,41.162,166.989
korytarz1.pgm,prm,477.427,201.88,340.739,282.088,37.058,166.989
korytarz1.pgm,prm,477.427,201.88,340.739,282.088,36.876,166.989
korytarz1.pgm,prm,477.427,201.88,340.739,282.088,30.994,166.989
korytarz1.pgm,prm,477.427,201.88,340.739,282.088,28.914,166.989
korytarz1.pgm,prm,477.427,201.88,340.739,282.088,36.832,166.989
korytarz1.pgm,prm,477.427,201.88,340.739,282.088,40.016,166.989
korytarz1.pgm,prm,477.427,201.88,340.739,282.088,39.636,166.989
korytarz1.pgm,prm,477.427,201.88,340.739,282.088,39.951,166.989
korytarz1.pgm,prm,477.427,201.88,340.739,282.088,36.294,166.989
korytarz1.pgm,prm,477.427,201.88,340.739,282.088,22.676,166.989
korytarz1.pgm,prm,477.427,201.88,340.739,282.088,28.746,166.989
korytarz1.pgm,prm,477.427,201.88,340.739,282.088,26.492,166.989
korytarz1.pgm,prm,477.427,201.88,340.739,282.088,30.194,166.989
korytarz1.pgm,prm,477.427,201.88,340.739,282.088,33.841,166.989
korytarz1.pgm,prm,477.427,201.88,340.739,282.088,34.595,166.989


korytarz2.pgm,prm,436.477,371.604,197.589,192.953,31.935,762.613
korytarz2.pgm,prm,436.477,371.604,197.589,192.953,24.187,762.613
korytarz2.pgm,prm,436.477,371.604,197.589,192.953,28.699,762.613
korytarz2.pgm,prm,436.477,371.604,197.589,192.953,31.792,762.613
korytarz2.pgm,prm,436.477,371.604,197.589,192.953,34.217,762.613
korytarz2.pgm,prm,436.477,371.604,197.589,192.953,32.442,762.613
korytarz2.pgm,prm,436.477,371.604,197.589,192.953,20.162,762.613
korytarz2.pgm,prm,436.477,371.604,197.589,192.953,29.34,762.613
korytarz2.pgm,prm,436.477,371.604,197.589,192.953,31.305,762.613
korytarz2.pgm,prm,436.477,371.604,197.589,192.953,25.978,762.613
korytarz2.pgm,prm,436.477,371.604,197.589,192.953,32.412,762.613
korytarz2.pgm,prm,436.477,371.604,197.589,192.953,35.014,762.613
korytarz2.pgm,prm,436.477,371.604,197.589,192.953,32.789,762.613
korytarz2.pgm,prm,436.477,371.604,197.589,192.953,34.316,762.613
korytarz2.pgm,prm,436.477,371.604,197.589,192.953,35.171,762.613
korytarz2.pgm,prm,436.477,371.604,197.589,192.953,32.435,762.613
korytarz2.pgm,prm,436.477,371.604,197.589,192.953,32.648,762.613
korytarz2.pgm,prm,436.477,371.604,197.589,192.953,33.225,762.613
korytarz2.pgm,prm,436.477,371.604,197.589,192.953,33.462,762.613
korytarz2.pgm,prm,436.477,371.604,197.589,192.953,25.341,762.613
korytarz2.pgm,prm,436.477,371.604,197.589,192.953,24.405,762.613
korytarz2.pgm,prm,436.477,371.604,197.589,192.953,10.818,762.613
korytarz2.pgm,prm,436.477,371.604,197.589,192.953,29.482,762.613
korytarz2.pgm,prm,436.477,371.604,197.589,192.953,32.297,762.613
korytarz2.pgm,prm,436.477,371.604,197.589,192.953,30.362,762.613
korytarz2.pgm,prm,436.477,371.604,197.589,192.953,34.379,762.613
korytarz2.pgm,prm,436.477,371.604,197.589,192.953,31.349,762.613
korytarz2.pgm,prm,436.477,371.604,197.589,192.953,23.71,762.613
korytarz2.pgm,prm,436.477,371.604,197.589,192.953,4.473,762.613
korytarz2.pgm,prm,436.477,371.604,197.589,192.953,13.266,762.613
korytarz2.pgm,prm,436.477,371.604,197.589,192.953,33.263,762.613
korytarz2.pgm,prm,436.477,371.604,197.589,192.953,29.844,762.613
korytarz2.pgm,prm,436.477,371.604,197.589,192.953,31.871,762.613
korytarz2.pgm,prm,436.477,371.604,197.589,192.953,32.176,762.613
korytarz2.pgm,prm,436.477,371.604,197.589,192.953,34.971,762.613
korytarz2.pgm,prm,436.477,371.604,197.589,192.953,34.06,762.613
korytarz2.pgm,prm,436.477,371.604,197.589,192.953,32.309,762.613
korytarz2.pgm,prm,436.477,371.604,197.589,192.953,30.635,762.613
korytarz2.pgm,prm,436.477,371.604,197.589,192.953,26.895,762.613
korytarz2.pgm,prm,436.477,371.604,197.589,192.953,29.975,762.613
korytarz2.pgm,prm,436.477,371.604,197.589,192.953,33.106,762.613
korytarz2.pgm,prm,436.477,371.604,197.589,192.953,31.511,762.613
korytarz2.pgm,prm,436.477,371.604,197.589,192.953,33.087,762.613
korytarz2.pgm,prm,436.477,371.604,197.589,192.953,29.325,762.613
korytarz2.pgm,prm,436.477,371.604,197.589,192.953,31.193,762.613
korytarz2.pgm,prm,436.477,371.604,197.589,192.953,33.216,762.613
korytarz2.pgm,prm,436.477,371.604,197.589,192.953,35.144,762.613
korytarz2.pgm,prm,436.477,371.604,197.589,192.953,33.717,762.613
korytarz2.pgm,prm,436.477,371.604,197.589,192.953,34.534,762.613
korytarz2.pgm,prm,436.477,371.604,197.589,192.953,31.686,762.613
korytarz2.pgm,prm,436.477,371.604,197.589,192.953,34.314,762.613
korytarz2.pgm,prm,436.477,371.604,197.589,192.953,30.533,762.613
korytarz2.pgm,prm,436.477,371.604,197.589,192.953,28.069,762.613
korytarz2.pgm,prm,436.477,371.604,197.589,192.953,34.063,762.613
korytarz2.pgm,prm,436.477,371.604,197.589,192.953,30.154,762.613
korytarz2.pgm,prm,436.477,371.604,197.589,192.953,31.31,762.613
korytarz2.pgm,prm,436.477,371.604,197.589,192.953,34.331,762.613
korytarz2.pgm,prm,436.477,371.604,197.589,192.953,31.933,762.613
korytarz2.pgm,prm,436.477,371.604,197.589,192.953,30.992,762.613
korytarz2.pgm,prm,436.477,371.604,197.589,192.953,32.477,762.613
korytarz2.pgm,prm,436.477,371.604,197.589,192.953,32.19,762.613
korytarz2.pgm,prm,436.477,371.604,197.589,192.953,32.927,762.613
korytarz2.pgm,prm,436.477,371.604,197.589,192.953,32.161,762.613
korytarz2.pgm,prm,436.477,371.604,197.589,192.953,32.927,762.613
korytarz2.pgm,prm,436.477,371.604,197.589,192.953,33.605,762.613
korytarz2.pgm,prm,436.477,371.604,197.589,192.953,33.649,762.613
korytarz2.pgm,prm,436.477,371.604,197.589,192.953,32.787,762.613
korytarz2.pgm,prm,436.477,371.604,197.589,192.953,34.127,762.613
korytarz2.pgm,prm,436.477,371.604,197.589,192.953,32.121,762.613
korytarz2.pgm,prm,436.477,371.604,197.589,192.953,34.111,762.613
korytarz2.pgm,prm,436.477,371.604,197.589,192.953,36.177,762.613
korytarz2.pgm,prm,436.477,371.604,197.589,192.953,32.082,762.613
korytarz2.pgm,prm,436.477,371.604,197.589,192.953,29.426,762.613
korytarz2.pgm,prm,436.477,371.604,197.589,192.953,25.359,762.613
korytarz2.pgm,prm,436.477,371.604,197.589,192.953,16.984,762.613
korytarz2.pgm,prm,436.477,371.604,197.589,192.953,32.69,762.613
korytarz2.pgm,prm,436.477,371.604,197.589,192.953,30.078,762.613
korytarz2.pgm,prm,436.477,371.604,197.589,192.953,25.834,762.613
korytarz2.pgm,prm,436.477,371.604,197.589,192.953,32.296,762.613
korytarz2.pgm,prm,436.477,371.604,197.589,192.953,24.622,762.613
korytarz2.pgm,prm,436.477,371.604,197.589,192.953,31.359,762.613
korytarz2.pgm,prm,436.477,371.604,197.589,192.953,24.923,762.613
korytarz2.pgm,prm,436.477,371.604,197.589,192.953,29.812,762.613
korytarz2.pgm,prm,436.477,371.604,197.589,192.953,30.08,762.613
korytarz2.pgm,prm,436.477,371.604,197.589,192.953,30.111,762.613
korytarz2.pgm,prm,436.477,371.604,197.589,192.953,22.043,762.613
korytarz2.pgm,prm,436.477,371.604,197.589,192.953,24.803,762.613
korytarz2.pgm,prm,436.477,371.604,197.589,192.953,31.245,762.613
korytarz2.pgm,prm,436.477,371.604,197.589,192.953,29.998,762.613
korytarz2.pgm,prm,436.477,371.604,197.589,192.953,33.046,762.613
korytarz2.pgm,prm,436.477,371.604,197.589,192.953,23.835,762.613
korytarz2.pgm,prm,436.477,371.604,197.589,192.953,31.564,762.613
korytarz2.pgm,prm,436.477,371.604,197.589,192.953,32.971,762.613
korytarz2.pgm,prm,436.477,371.604,197.589,192.953,32.004,762.613
korytarz2.pgm,prm,436.477,371.604,197.589,192.953,33.74,762.613
korytarz2.pgm,prm,436.477,371.604,197.589,192.953,33.873,762.613
korytarz2.pgm,prm,436.477,371.604,197.589,192.953,33.436,762.613
korytarz2.pgm,prm,436.477,371.604,197.589,192.953,29.356,762.613
korytarz2.pgm,prm,436.477,371.604,197.589,192.953,29.66,762.613
korytarz2.pgm,prm,436.477,371.604,197.589,192.953,29.489,762.613


korytarz2.pgm,prm,362.583,223.582,204.179,255.2,32.441,512.91
korytarz2.pgm,prm,362.583,223.582,204.179,255.2,33.751,512.91
korytarz2.pgm,prm,362.583,223.582,204.179,255.2,29.998,512.91
korytarz2.pgm,prm,362.583,223.582,204.179,255.2,25.861,512.91
korytarz2.pgm,prm,362.583,223.582,204.179,255.2,36.167,512.91
korytarz2.pgm,prm,362.583,223.582,204.179,255.2,30.922,512.91
korytarz2.pgm,prm,362.583,223.582,204.179,255.2,36.695,512.91
korytarz2.pgm,prm,362.583,223.582,204.179,255.2,30.933,512.91
korytarz2.pgm,prm,362.583,223.582,204.179,255.2,22.556,512.91
korytarz2.pgm,prm,362.583,223.582,204.179,255.2,30.714,512.91
korytarz2.pgm,prm,362.583,223.582,204.179,255.2,32.768,512.91
korytarz2.pgm,prm,362.583,223.582,204.179,255.2,32.501,512.91
korytarz2.pgm,prm,362.583,223.582,204.179,255.2,27.27,512.91
korytarz2.pgm,prm,362.583,223.582,204.179,255.2,26.529,512.91
korytarz2.pgm,prm,362.583,223.582,204.179,255.2,28.753,512.91
korytarz2.pgm,prm,362.583,223.582,204.179,255.2,23.292,512.91
korytarz2.pgm,prm,362.583,223.582,204.179,255.2,27.822,512.91
korytarz2.pgm,prm,362.583,223.582,204.179,255.2,30.788,512.91
korytarz2.pgm,prm,362.583,223.582,204.179,255.2,38.158,512.91
korytarz2.pgm,prm,362.583,223.582,204.179,255.2,27.792,512.91
korytarz2.pgm,prm,362.583,223.582,204.179,255.2,36.422,512.91
korytarz2.pgm,prm,362.583,223.582,204.179,255.2,35.677,512.91
korytarz2.pgm,prm,362.583,223.582,204.179,255.2,30.8,512.91
korytarz2.pgm,prm,362.583,223.582,204.179,255.2,33.612,512.91
korytarz2.pgm,prm,362.583,223.582,204.179,255.2,29.397,512.91
korytarz2.pgm,prm,362.583,223.582,204.179,255.2,37.736,512.91
korytarz2.pgm,prm,362.583,223.582,204.179,255.2,34.492,512.91
korytarz2.pgm,prm,362.583,223.582,204.179,255.2,32.731,512.91
korytarz2.pgm,prm,362.583,223.582,204.179,255.2,30.759,512.91
korytarz2.pgm,prm,362.583,223.582,204.179,255.2,28.86,512.91
korytarz2.pgm,prm,362.583,223.582,204.179,255.2,34.666,512.91
korytarz2.pgm,prm,362.583,223.582,204.179,255.2,27.424,512.91
korytarz2.pgm,prm,362.583,223.582,204.179,255.2,32.858,512.91
korytarz2.pgm,prm,362.583,223.582,204.179,255.2,35.567,512.91
korytarz2.pgm,prm,362.583,223.582,204.179,255.2,30.307,512.91
korytarz2.pgm,prm,362.583,223.582,204.179,255.2,34.634,512.91
korytarz2.pgm,prm,362.583,223.582,204.179,255.2,33.522,512.91
korytarz2.pgm,prm,362.583,223.582,204.179,255.2,30.97,512.91
korytarz2.pgm,prm,362.583,223.582,204.179,255.2,29.999,512.91
korytarz2.pgm,prm,362.583,223.582,204.179,255.2,36.073,512.91
korytarz2.pgm,prm,362.583,223.582,204.179,255.2,32.933,512.91
korytarz2.pgm,prm,362.583,223.582,204.179,255.2,29.42,512.91
korytarz2.pgm,prm,362.583,223.582,204.179,255.2,35.66,512.91
korytarz2.pgm,prm,362.583,223.582,204.179,255.2,33.622,512.91
korytarz2.pgm,prm,362.583,223.582,204.179,255.2,26.615,512.91
korytarz2.pgm,prm,362.583,223.582,204.179,255.2,34.008,512.91
korytarz2.pgm,prm,362.583,223.582,204.179,255.2,37.846,512.91
korytarz2.pgm,prm,362.583,223.582,204.179,255.2,35.766,512.91
korytarz2.pgm,prm,362.583,223.582,204.179,255.2,36.351,512.91
korytarz2.pgm,prm,362.583,223.582,204.179,255.2,36.64,512.91
korytarz2.pgm,prm,362.583,223.582,204.179,255.2,37.298,512.91
korytarz2.pgm,prm,362.583,223.582,204.179,255.2,34.887,512.91
korytarz2.pgm,prm,362.583,223.582,204.179,255.2,35.509,512.91
korytarz2.pgm,prm,362.583,223.582,204.179,255.2,27.986,512.91
korytarz2.pgm,prm,362.583,223.582,204.179,255.2,34.722,512.91
korytarz2.pgm,prm,362.583,223.582,204.179,255.2,36.011,512.91
korytarz2.pgm,prm,362.583,223.582,204.179,255.2,35.402,512.91
korytarz2.pgm,prm,362.583,223.582,204.179,255.2,30.868,512.91
korytarz2.pgm,prm,362.583,223.582,204.179,255.2,32.915,512.91
korytarz2.pgm,prm,362.583,223.582,204.179,255.2,32.339,512.91
korytarz2.pgm,prm,362.583,223.582,204.179,255.2,32.321,512.91
korytarz2.pgm,prm,362.583,223.582,204.179,255.2,32.349,512.91
korytarz2.pgm,prm,362.583,223.582,204.179,255.2,27.113,512.91
korytarz2.pgm,prm,362.583,223.582,204.179,255.2,28.014,512.91
korytarz2.pgm,prm,362.583,223.582,204.179,255.2,25.996,512.91
korytarz2.pgm,prm,362.583,223.582,204.179,255.2,25.379,512.91
korytarz2.pgm,prm,362.583,223.582,204.179,255.2,26.895,512.91
korytarz2.pgm,prm,362.583,223.582,204.179,255.2,36.459,512.91
korytarz2.pgm,prm,362.583,223.582,204.179,255.2,33.312,512.91
korytarz2.pgm,prm,362.583,223.582,204.179,255.2,32.567,512.91
korytarz2.pgm,prm,362.583,223.582,204.179,255.2,35.549,512.91
korytarz2.pgm,prm,362.583,223.582,204.179,255.2,32.318,512.91
korytarz2.pgm,prm,362.583,223.582,204.179,255.2,31.677,512.91
korytarz2.pgm,prm,362.583,223.582,204.179,255.2,28.053,512.91
korytarz2.pgm,prm,362.583,223.582,204.179,255.2,24.008,512.91
korytarz2.pgm,prm,362.583,223.582,204.179,255.2,26.238,512.91
korytarz2.pgm,prm,362.583,223.582,204.179,255.2,34.179,512.91
korytarz2.pgm,prm,362.583,223.582,204.179,255.2,35.99,512.91
korytarz2.pgm,prm,362.583,223.582,204.179,255.2,35.364,512.91
korytarz2.pgm,prm,362.583,223.582,204.179,255.2,33.475,512.91
korytarz2.pgm,prm,362.583,223.582,204.179,255.2,36.673,512.91
korytarz2.pgm,prm,362.583,223.582,204.179,255.2,32.385,512.91
korytarz2.pgm,prm,362.583,223.582,204.179,255.2,32.147,512.91
korytarz2.pgm,prm,362.583,223.582,204.179,255.2,28.706,512.91
korytarz2.pgm,prm,362.583,223.582,204.179,255.2,28.824,512.91
korytarz2.pgm,prm,362.583,223.582,204.179,255.2,32.383,512.91
korytarz2.pgm,prm,362.583,223.582,204.179,255.2,35.645,512.91
korytarz2.pgm,prm,362.583,223.582,204.179,255.2,33.539,512.91
korytarz2.pgm,prm,362.583,223.582,204.179,255.2,28.966,512.91
korytarz2.pgm,prm,362.583,223.582,204.179,255.2,30.273,512.91
korytarz2.pgm,prm,362.583,223.582,204.179,255.2,29.282,512.91
korytarz2.pgm,prm,362.583,223.582,204.179,255.2,32.997,512.91
korytarz2.pgm,prm,362.583,223.582,204.179,255.2,37.937,512.91
korytarz2.pgm,prm,362.583,223.582,204.179,255.2,38.111,512.91
korytarz2.pgm,prm,362.583,223.582,204.179,255.2,34.813,512.91
korytarz2.pgm,prm,362.583,223.582,204.179,255.2,38.046,512.91
korytarz2.pgm,prm,362.583,223.582,204.179,255.2,37.731,512.91
korytarz2.pgm,prm,362.583,223.582,204.179,255.2,28.683,512.91
korytarz2.pgm,prm,362.583,223.582,204.179,255.2,34.463,512.91
korytarz2.pgm,prm,362.583,223.582,204.179,255.2,28.631,512.91


korytarz2.pgm,prm,200.799,333.171,304.847,435.493,34.053,559.428
korytarz2.pgm,prm,200.799,333.171,304.847,435.493,31.655,559.428
korytarz2.pgm,prm,200.799,333.171,304.847,435.493,29.394,559.428
korytarz2.pgm,prm,200.799,333.171,304.847,435.493,34.545,559.428
korytarz2.pgm,prm,200.799,333.171,304.847,435.493,35.149,559.428
korytarz2.pgm,prm,200.799,333.171,304.847,435.493,37.408,559.428
korytarz2.pgm,prm,200.799,333.171,304.847,435.493,38.998,559.428
korytarz2.pgm,prm,200.799,333.171,304.847,435.493,37.081,559.428
korytarz2.pgm,prm,200.799,333.171,304.847,435.493,37.744,559.428
korytarz2.pgm,prm,200.799,333.171,304.847,435.493,30.942,559.428
korytarz2.pgm,prm,200.799,333.171,304.847,435.493,37.001,559.428
korytarz2.pgm,prm,200.799,333.171,304.847,435.493,34.196,559.428
korytarz2.pgm,prm,200.799,333.171,304.847,435.493,37.129,559.428
korytarz2.pgm,prm,200.799,333.171,304.847,435.493,27.618,559.428
korytarz2.pgm,prm,200.799,333.171,304.847,435.493,30.637,559.428
korytarz2.pgm,prm,200.799,333.171,304.847,435.493,38.459,559.428
korytarz2.pgm,prm,200.799,333.171,304.847,435.493,32.613,559.428
korytarz2.pgm,prm,200.799,333.171,304.847,435.493,34.409,559.428
korytarz2.pgm,prm,200.799,333.171,304.847,435.493,31.321,559.428
korytarz2.pgm,prm,200.799,333.171,304.847,435.493,33.542,559.428
korytarz2.pgm,prm,200.799,333.171,304.847,435.493,28.177,559.428
korytarz2.pgm,prm,200.799,333.171,304.847,435.493,31.374,559.428
korytarz2.pgm,prm,200.799,333.171,304.847,435.493,30.445,559.428
korytarz2.pgm,prm,200.799,333.171,304.847,435.493,28.607,559.428
korytarz2.pgm,prm,200.799,333.171,304.847,435.493,28.707,559.428
korytarz2.pgm,prm,200.799,333.171,304.847,435.493,29.016,559.428
korytarz2.pgm,prm,200.799,333.171,304.847,435.493,34.942,559.428
korytarz2.pgm,prm,200.799,333.171,304.847,435.493,30.686,559.428
korytarz2.pgm,prm,200.799,333.171,304.847,435.493,34.39,559.428
korytarz2.pgm,prm,200.799,333.171,304.847,435.493,26.188,559.428
korytarz2.pgm,prm,200.799,333.171,304.847,435.493,31.976,559.428
korytarz2.pgm,prm,200.799,333.171,304.847,435.493,31.074,559.428
korytarz2.pgm,prm,200.799,333.171,304.847,435.493,32.489,559.428
korytarz2.pgm,prm,200.799,333.171,304.847,435.493,31.425,559.428
korytarz2.pgm,prm,200.799,333.171,304.847,435.493,33.38,559.428
korytarz2.pgm,prm,200.799,333.171,304.847,435.493,31.418,559.428
korytarz2.pgm,prm,200.799,333.171,304.847,435.493,34.936,559.428
korytarz2.pgm,prm,200.799,333.171,304.847,435.493,32.673,559.428
korytarz2.pgm,prm,200.799,333.171,304.847,435.493,35.114,559.428
korytarz2.pgm,prm,200.799,333.171,304.847,435.493,32.626,559.428
korytarz2.pgm,prm,200.799,333.171,304.847,435.493,34.929,559.428
korytarz2.pgm,prm,200.799,333.171,304.847,435.493,34.401,559.428
korytarz2.pgm,prm,200.799,333.171,304.847,435.493,31.135,559.428
korytarz2.pgm,prm,200.799,333.171,304.847,435.493,37.315,559.428
korytarz2.pgm,prm,200.799,333.171,304.847,435.493,39.655,559.428
korytarz2.pgm,prm,200.799,333.171,304.847,435.493,28.181,559.428
korytarz2.pgm,prm,200.799,333.171,304.847,435.493,25.745,559.428
korytarz2.pgm,prm,200.799,333.171,304.847,435.493,23.76,559.428
korytarz2.pgm,prm,200.799,333.171,304.847,435.493,37.471,559.428
korytarz2.pgm,prm,200.799,333.171,304.847,435.493,36.477,559.428
korytarz2.pgm,prm,200.799,333.171,304.847,435.493,31.622,559.428
korytarz2.pgm,prm,200.799,333.171,304.847,435.493,39.744,559.428
korytarz2.pgm,prm,200.799,333.171,304.847,435.493,37.688,559.428
korytarz2.pgm,prm,200.799,333.171,304.847,435.493,31.184,559.428
korytarz2.pgm,prm,200.799,333.171,304.847,435.493,35.054,559.428
korytarz2.pgm,prm,200.799,333.171,304.847,435.493,35.567,559.428
korytarz2.pgm,prm,200.799,333.171,304.847,435.493,35.632,559.428
korytarz2.pgm,prm,200.799,333.171,304.847,435.493,36.267,559.428
korytarz2.pgm,prm,200.799,333.171,304.847,435.493,37.068,559.428
korytarz2.pgm,prm,200.799,333.171,304.847,435.493,35.493,559.428
korytarz2.pgm,prm,200.799,333.171,304.847,435.493,38.516,559.428
korytarz2.pgm,prm,200.799,333.171,304.847,435.493,32.148,559.428
korytarz2.pgm,prm,200.799,333.171,304.847,435.493,35.359,559.428
korytarz2.pgm,prm,200.799,333.171,304.847,435.493,35.315,559.428
korytarz2.pgm,prm,200.799,333.171,304.847,435.493,29.32,559.428
korytarz2.pgm,prm,200.799,333.171,304.847,435.493,29.938,559.428
korytarz2.pgm,prm,200.799,333.171,304.847,435.493,34.198,559.428
korytarz2.pgm,prm,200.799,333.171,304.847,435.493,32.491,559.428
korytarz2.pgm,prm,200.799,333.171,304.847,435.493,37.187,559.428
korytarz2.pgm,prm,200.799,333.171,304.847,435.493,30.272,559.428
korytarz2.pgm,prm,200.799,333.171,304.847,435.493,37.836,559.428
korytarz2.pgm,prm,200.799,333.171,304.847,435.493,34.169,559.428
korytarz2.pgm,prm,200.799,333.171,304.847,435.493,34.48,559.428
korytarz2.pgm,prm,200.799,333.171,304.847,435.493,38.411,559.428
korytarz2.pgm,prm,200.799,333.171,304.847,435.493,37.031,559.428
korytarz2.pgm,prm,200.799,333.171,304.847,435.493,38.933,559.428
korytarz2.pgm,prm,200.799,333.171,304.847,435.493,36.481,559.428
korytarz2.pgm,prm,200.799,333.171,304.847,435.493,32.383,559.428
korytarz2.pgm,prm,200.799,333.171,304.847,435.493,31.699,559.428
korytarz2.pgm,prm,200.799,333.171,304.847,435.493,32.446,559.428
korytarz2.pgm,prm,200.799,333.171,304.847,435.493,31.105,559.428
korytarz2.pgm,prm,200.799,333.171,304.847,435.493,38.273,559.428
korytarz2.pgm,prm,200.799,333.171,304.847,435.493,35.643,559.428
korytarz2.pgm,prm,200.799,333.171,304.847,435.493,28.708,559.428
korytarz2.pgm,prm,200.799,333.171,304.847,435.493,35.251,559.428
korytarz2.pgm,prm,200.799,333.171,304.847,435.493,38.2,559.428
korytarz2.pgm,prm,200.799,333.171,304.847,435.493,22.503,559.428
korytarz2.pgm,prm,200.799,333.171,304.847,435.493,36.026,559.428
korytarz2.pgm,prm,200.799,333.171,304.847,435.493,34.056,559.428
korytarz2.pgm,prm,200.799,333.171,304.847,435.493,38.045,559.428
korytarz2.pgm,prm,200.799,333.171,304.847,435.493,31.445,559.428
korytarz2.pgm,prm,200.799,333.171,304.847,435.493,33.427,559.428
korytarz2.pgm,prm,200.799,333.171,304.847,435.493,35.635,559.428
korytarz2.pgm,prm,200.799,333.171,304.847,435.493,32.27,559.428
korytarz2.pgm,prm,200.799,333.171,304.847,435.493,35.559,559.428
korytarz2.pgm,prm,200.799,333.171,304.847,435.493,39.515,559.428
korytarz2.pgm,prm,200.799,333.171,304.847,435.493,37.31,559.428
korytarz2.pgm,prm,200.799,333.171,304.847,435.493,31.08,559.428
korytarz2.pgm,prm,200.799,333.171,304.847,435.493,36.844,559.428
korytarz2.pgm,prm,200.799,333.171,304.847,435.493,28.029,559.428


korytarz2.pgm,prm,95.9787,185.552,225.158,230.27,31.845,321.657
korytarz2.pgm,prm,95.9787,185.552,225.158,230.27,27.17,321.657
korytarz2.pgm,prm,95.9787,185.552,225.158,230.27,28.134,321.657
korytarz2.pgm,prm,95.9787,185.552,225.158,230.27,31.635,321.657
korytarz2.pgm,prm,95.9787,185.552,225.158,230.27,20.759,321.657
korytarz2.pgm,prm,95.9787,185.552,225.158,230.27,34.817,321.657
korytarz2.pgm,prm,95.9787,185.552,225.158,230.27,30.03,321.657
korytarz2.pgm,prm,95.9787,185.552,225.158,230.27,30.433,321.657
korytarz2.pgm,prm,95.9787,185.552,225.158,230.27,35.043,321.657
korytarz2.pgm,prm,95.9787,185.552,225.158,230.27,31.975,321.657
korytarz2.pgm,prm,95.9787,185.552,225.158,230.27,36.817,321.657
korytarz2.pgm,prm,95.9787,185.552,225.158,230.27,35.44,321.657
korytarz2.pgm,prm,95.9787,185.552,225.158,230.27,35.86,321.657
korytarz2.pgm,prm,95.9787,185.552,225.158,230.27,36.865,321.657
korytarz2.pgm,prm,95.9787,185.552,225.158,230.27,36.673,321.657
korytarz2.pgm,prm,95.9787,185.552,225.158,230.27,35.835,321.657
korytarz2.pgm,prm,95.9787,185.552,225.158,230.27,36.95,321.657
korytarz2.pgm,prm,95.9787,185.552,225.158,230.27,32.034,321.657
korytarz2.pgm,prm,95.9787,185.552,225.158,230.27,34.487,321.657
korytarz2.pgm,prm,95.9787,185.552,225.158,230.27,37.622,321.657
korytarz2.pgm,prm,95.9787,185.552,225.158,230.27,35.699,321.657
korytarz2.pgm,prm,95.9787,185.552,225.158,230.27,38.243,321.657
korytarz2.pgm,prm,95.9787,185.552,225.158,230.27,29.308,321.657
korytarz2.pgm,prm,95.9787,185.552,225.158,230.27,38.123,321.657
korytarz2.pgm,prm,95.9787,185.552,225.158,230.27,31.636,321.657
korytarz2.pgm,prm,95.9787,185.552,225.158,230.27,27.779,321.657
korytarz2.pgm,prm,95.9787,185.552,225.158,230.27,37.951,321.657
korytarz2.pgm,prm,95.9787,185.552,225.158,230.27,31.759,321.657
korytarz2.pgm,prm,95.9787,185.552,225.158,230.27,37.611,321.657
korytarz2.pgm,prm,95.9787,185.552,225.158,230.27,37.967,321.657
korytarz2.pgm,prm,95.9787,185.552,225.158,230.27,38.454,321.657
korytarz2.pgm,prm,95.9787,185.552,225.158,230.27,37.969,321.657
korytarz2.pgm,prm,95.9787,185.552,225.158,230.27,38.175,321.657
korytarz2.pgm,prm,95.9787,185.552,225.158,230.27,34.352,321.657
korytarz2.pgm,prm,95.9787,185.552,225.158,230.27,25.903,321.657
korytarz2.pgm,prm,95.9787,185.552,225.158,230.27,36.922,321.657
korytarz2.pgm,prm,95.9787,185.552,225.158,230.27,37.32,321.657
korytarz2.pgm,prm,95.9787,185.552,225.158,230.27,38.133,321.657
korytarz2.pgm,prm,95.9787,185.552,225.158,230.27,37.947,321.657
korytarz2.pgm,prm,95.9787,185.552,225.158,230.27,36.996,321.657
korytarz2.pgm,prm,95.9787,185.552,225.158,230.27,31.982,321.657
korytarz2.pgm,prm,95.9787,185.552,225.158,230.27,29.613,321.657
korytarz2.pgm,prm,95.9787,185.552,225.158,230.27,37.644,321.657
korytarz2.pgm,prm,95.9787,185.552,225.158,230.27,35.847,321.657
korytarz2.pgm,prm,95.9787,185.552,225.158,230.27,38.664,321.657
korytarz2.pgm,prm,95.9787,185.552,225.158,230.27,25.744,321.657
korytarz2.pgm,prm,95.9787,185.552,225.158,230.27,25.6,321.657
korytarz2.pgm,prm,95.9787,185.552,225.158,230.27,39.116,321.657
korytarz2.pgm,prm,95.9787,185.552,225.158,230.27,37.932,321.657
korytarz2.pgm,prm,95.9787,185.552,225.158,230.27,31.767,321.657
korytarz2.pgm,prm,95.9787,185.552,225.158,230.27,29.715,321.657
korytarz2.pgm,prm,95.9787,185.552,225.158,230.27,37.183,321.657
korytarz2.pgm,prm,95.9787,185.552,225.158,230.27,36.073,321.657
korytarz2.pgm,prm,95.9787,185.552,225.158,230.27,38.533,321.657
korytarz2.pgm,prm,95.9787,185.552,225.158,230.27,37.629,321.657
korytarz2.pgm,prm,95.9787,185.552,225.158,230.27,27.894,321.657
korytarz2.pgm,prm,95.9787,185.552,225.158,230.27,28.235,321.657
korytarz2.pgm,prm,95.9787,185.552,225.158,230.27,38.209,321.657
korytarz2.pgm,prm,95.9787,185.552,225.158,230.27,35.045,321.657
korytarz2.pgm,prm,95.9787,185.552,225.158,230.27,37.333,321.657
korytarz2.pgm,prm,95.9787,185.552,225.158,230.27,38.235,321.657
korytarz2.pgm,prm,95.9787,185.552,225.158,230.27,34.216,321.657
korytarz2.pgm,prm,95.9787,185.552,225.158,230.27,32.121,321.657
korytarz2.pgm,prm,95.9787,185.552,225.158,230.27,35.417,321.657
korytarz2.pgm,prm,95.9787,185.552,225.158,230.27,36.356,321.657
korytarz2.pgm,prm,95.9787,185.552,225.158,230.27,32.855,321.657
korytarz2.pgm,prm,95.9787,185.552,225.158,230.27,32.69,321.657
korytarz2.pgm,prm,95.9787,185.552,225.158,230.27,36.186,321.657
korytarz2.pgm,prm,95.9787,185.552,225.158,230.27,38.336,321.657
korytarz2.pgm,prm,95.9787,185.552,225.158,230.27,31.649,321.657
korytarz2.pgm,prm,95.9787,185.552,225.158,230.27,35.064,321.657
korytarz2.pgm,prm,95.9787,185.552,225.158,230.27,33.83,321.657
korytarz2.pgm,prm,95.9787,185.552,225.158,230.27,34.541,321.657
korytarz2.pgm,prm,95.9787,185.552,225.158,230.27,34.26,321.657
korytarz2.pgm,prm,95.9787,185.552,225.158,230.27,33.83,321.657
korytarz2.pgm,prm,95.9787,185.552,225.158,230.27,31.55,321.657
korytarz2.pgm,prm,95.9787,185.552,225.158,230.27,29.344,321.657
korytarz2.pgm,prm,95.9787,185.552,225.158,230.27,32.213,321.657
korytarz2.pgm,prm,95.9787,185.552,225.158,230.27,35.211,321.657
korytarz2.pgm,prm,95.9787,185.552,225.158,230.27,37.183,321.657
korytarz2.pgm,prm,95.9787,185.552,225.158,230.27,27.056,321.657
korytarz2.pgm,prm,95.9787,185.552,225.158,230.27,36.287,321.657
korytarz2.pgm,prm,95.9787,185.552,225.158,230.27,37.378,321.657
korytarz2.pgm,prm,95.9787,185.552,225.158,230.27,37.63,321.657
korytarz2.pgm,prm,95.9787,185.552,225.158,230.27,36.521,321.657
korytarz2.pgm,prm,95.9787,185.552,225.158,230.27,37.787,321.657
korytarz2.pgm,prm,95.9787,185.552,225.158,230.27,29.08,321.657
korytarz2.pgm,prm,95.9787,185.552,225.158,230.27,38.603,321.657
korytarz2.pgm,prm,95.9787,185.552,225.158,230.27,34.727,321.657
korytarz2.pgm,prm,95.9787,185.552,225.158,230.27,37.292,321.657
korytarz2.pgm,prm,95.9787,185.552,225.158,230.27,38.101,321.657
korytarz2.pgm,prm,95.9787,185.552,225.158,230.27,33.085,321.657
korytarz2.pgm,prm,95.9787,185.552,225.158,230.27,32.631,321.657
korytarz2.pgm,prm,95.9787,185.552,225.158,230.27,33.643,321.657
korytarz2.pgm,prm,95.9787,185.552,225.158,230.27,29.997,321.657
korytarz2.pgm,prm,95.9787,185.552,225.158,230.27,26.781,321.657
korytarz2.pgm,prm,95.9787,185.552,225.158,230.27,31.501,321.657
korytarz2.pgm,prm,95.9787,185.552,225.158,230.27,31.017,321.657
korytarz2.pgm,prm,95.9787,185.552,225.158,230.27,29.699,321.657
korytarz2.pgm,prm,95.9787,185.552,225.158,230.27,28.655,321.657


korytarz2.pgm,prm,434.83,282.063,280.333,439.657,32.606,837.294
korytarz2.pgm,prm,434.83,282.063,280.333,439.657,32.794,837.294
korytarz2.pgm,prm,434.83,282.063,280.333,439.657,32.307,837.294
korytarz2.pgm,prm,434.83,282.063,280.333,439.657,36.342,837.294
korytarz2.pgm,prm,434.83,282.063,280.333,439.657,39.869,837.294
korytarz2.pgm,prm,434.83,282.063,280.333,439.657,32.818,837.294
korytarz2.pgm,prm,434.83,282.063,280.333,439.657,30.734,837.294
korytarz2.pgm,prm,434.83,282.063,280.333,439.657,34.892,837.294
korytarz2.pgm,prm,434.83,282.063,280.333,439.657,40.303,837.294
korytarz2.pgm,prm,434.83,282.063,280.333,439.657,35.027,837.294
korytarz2.pgm,prm,434.83,282.063,280.333,439.657,28.627,837.294
korytarz2.pgm,prm,434.83,282.063,280.333,439.657,32.173,837.294
korytarz2.pgm,prm,434.83,282.063,280.333,439.657,36.942,837.294
korytarz2.pgm,prm,434.83,282.063,280.333,439.657,35.732,837.294
korytarz2.pgm,prm,434.83,282.063,280.333,439.657,35.799,837.294
korytarz2.pgm,prm,434.83,282.063,280.333,439.657,30.716,837.294
korytarz2.pgm,prm,434.83,282.063,280.333,439.657,32.035,837.294
korytarz2.pgm,prm,434.83,282.063,280.333,439.657,40.394,837.294
korytarz2.pgm,prm,434.83,282.063,280.333,439.657,40.802,837.294
korytarz2.pgm,prm,434.83,282.063,280.333,439.657,28.661,837.294
korytarz2.pgm,prm,434.83,282.063,280.333,439.657,29.672,837.294
korytarz2.pgm,prm,434.83,282.063,280.333,439.657,37.593,837.294
korytarz2.pgm,prm,434.83,282.063,280.333,439.657,25.529,837.294
korytarz2.pgm,prm,434.83,282.063,280.333,439.657,35.047,837.294
korytarz2.pgm,prm,434.83,282.063,280.333,439.657,41.37,837.294
korytarz2.pgm,prm,434.83,282.063,280.333,439.657,38.484,837.294
korytarz2.pgm,prm,434.83,282.063,280.333,439.657,41.325,837.294
korytarz2.pgm,prm,434.83,282.063,280.333,439.657,40.381,837.294
korytarz2.pgm,prm,434.83,282.063,280.333,439.657,28.036,837.294
korytarz2.pgm,prm,434.83,282.063,280.333,439.657,34.56,837.294
korytarz2.pgm,prm,434.83,282.063,280.333,439.657,39.749,837.294
korytarz2.pgm,prm,434.83,282.063,280.333,439.657,36.558,837.294
korytarz2.pgm,prm,434.83,282.063,280.333,439.657,36.493,837.294
korytarz2.pgm,prm,434.83,282.063,280.333,439.657,36.521,837.294
korytarz2.pgm,prm,434.83,282.063,280.333,439.657,38.406,837.294
korytarz2.pgm,prm,434.83,282.063,280.333,439.657,34.547,837.294
korytarz2.pgm,prm,434.83,282.063,280.333,439.657,36.24,837.294
korytarz2.pgm,prm,434.83,282.063,280.333,439.657,41.177,837.294
korytarz2.pgm,prm,434.83,282.063,280.333,439.657,31.825,837.294
korytarz2.pgm,prm,434.83,282.063,280.333,439.657,28.193,837.294
korytarz2.pgm,prm,434.83,282.063,280.333,439.657,33.853,837.294
korytarz2.pgm,prm,434.83,282.063,280.333,439.657,38.061,837.294
korytarz2.pgm,prm,434.83,282.063,280.333,439.657,39.437,837.294
korytarz2.pgm,prm,434.83,282.063,280.333,439.657,40.795,837.294
korytarz2.pgm,prm,434.83,282.063,280.333,439.657,37.664,837.294
korytarz2.pgm,prm,434.83,282.063,280.333,439.657,33.512,837.294
korytarz2.pgm,prm,434.83,282.063,280.333,439.657,27.21,837.294
korytarz2.pgm,prm,434.83,282.063,280.333,439.657,14.558,837.294
korytarz2.pgm,prm,434.83,282.063,280.333,439.657,33.164,837.294
korytarz2.pgm,prm,434.83,282.063,280.333,439.657,31.467,837.294
korytarz2.pgm,prm,434.83,282.063,280.333,439.657,32.313,837.294
korytarz2.pgm,prm,434.83,282.063,280.333,439.657,34.359,837.294
korytarz2.pgm,prm,434.83,282.063,280.333,439.657,35.632,837.294
korytarz2.pgm,prm,434.83,282.063,280.333,439.657,33.406,837.294
korytarz2.pgm,prm,434.83,282.063,280.333,439.657,36.636,837.294
korytarz2.pgm,prm,434.83,282.063,280.333,439.657,39.134,837.294
korytarz2.pgm,prm,434.83,282.063,280.333,439.657,35.207,837.294
korytarz2.pgm,prm,434.83,282.063,280.333,439.657,37.85,837.294
korytarz2.pgm,prm,434.83,282.063,280.333,439.657,40.024,837.294
korytarz2.pgm,prm,434.83,282.063,280.333,439.657,33.534,837.294
korytarz2.pgm,prm,434.83,282.063,280.333,439.657,40.239,837.294
korytarz2.pgm,prm,434.83,282.063,280.333,439.657,36.402,837.294
korytarz2.pgm,prm,434.83,282.063,280.333,439.657,38.633,837.294
korytarz2.pgm,prm,434.83,282.063,280.333,439.657,39.871,837.294
korytarz2.pgm,prm,434.83,282.063,280.333,439.657,34.452,837.294
korytarz2.pgm,prm,434.83,282.063,280.333,439.657,27.008,837.294
korytarz2.pgm,prm,434.83,282.063,280.333,439.657,23.273,837.294
korytarz2.pgm,prm,434.83,282.063,280.333,439.657,31.149,837.294
korytarz2.pgm,prm,434.83,282.063,280.333,439.657,35.399,837.294
korytarz2.pgm,prm,434.83,282.063,280.333,439.657,36.884,837.294
korytarz2.pgm,prm,434.83,282.063,280.333,439.657,39.885,837.294
korytarz2.pgm,prm,434.83,282.063,280.333,439.657,39.09,837.294
korytarz2.pgm,prm,434.83,282.063,280.333,439.657,32.146,837.294
korytarz2.pgm,prm,434.83,282.063,280.333,439.657,30.65,837.294
korytarz2.pgm,prm,434.83,282.063,280.333,439.657,37.759,837.294
korytarz2.pgm,prm,434.83,282.063,280.333,439.657,40.481,837.294
korytarz2.pgm,prm,434.83,282.063,280.333,439.657,41.206,837.294
korytarz2.pgm,prm,434.83,282.063,280.333,439.657,41.606,837.294
korytarz2.pgm,prm,434.83,282.063,280.333,439.657,36.91,837.294
korytarz2.pgm,prm,434.83,282.063,280.333,439.657,26.934,837.294
korytarz2.pgm,prm,434.83,282.063,280.333,439.657,27.663,837.294
korytarz2.pgm,prm,434.83,282.063,280.333,439.657,31.134,837.294
korytarz2.pgm,prm,434.83,282.063,280.333,439.657,33.048,837.294
korytarz2.pgm,prm,434.83,282.063,280.333,439.657,40.409,837.294
korytarz2.pgm,prm,434.83,282.063,280.333,439.657,40.575,837.294
korytarz2.pgm,prm,434.83,282.063,280.333,439.657,35.129,837.294
korytarz2.pgm,prm,434.83,282.063,280.333,439.657,34.699,837.294
korytarz2.pgm,prm,434.83,282.063,280.333,439.657,28.336,837.294
korytarz2.pgm,prm,434.83,282.063,280.333,439.657,31.973,837.294
korytarz2.pgm,prm,434.83,282.063,280.333,439.657,36.787,837.294
korytarz2.pgm,prm,434.83,282.063,280.333,439.657,32.54,837.294
korytarz2.pgm,prm,434.83,282.063,280.333,439.657,31.34,837.294
korytarz2.pgm,prm,434.83,282.063,280.333,439.657,40.12,837.294
korytarz2.pgm,prm,434.83,282.063,280.333,439.657,33.005,837.294
korytarz2.pgm,prm,434.83,282.063,280.333,439.657,30.28,837.294
korytarz2.pgm,prm,434.83,282.063,280.333,439.657,39.887,837.294
korytarz2.pgm,prm,434.83,282.063,280.333,439.657,41.154,837.294
korytarz2.pgm,prm,434.83,282.063,280.333,439.657,39.54,837.294
korytarz2.pgm,prm,434.83,282.063,280.333,439.657,32.454,837.294
korytarz2.pgm,prm,434.83,282.063,280.333,439.657,30.339,837.294


korytarz3.pgm,prm,226.885,299.122,77.5639,386.195,24.163,275.104
korytarz3.pgm,prm,226.885,299.122,77.5639,386.195,39.59,275.104
korytarz3.pgm,prm,226.885,299.122,77.5639,386.195,27.61,275.104
korytarz3.pgm,prm,226.885,299.122,77.5639,386.195,28.531,275.104
korytarz3.pgm,prm,226.885,299.122,77.5639,386.195,29.122,275.104
korytarz3.pgm,prm,226.885,299.122,77.5639,386.195,29.655,275.104
korytarz3.pgm,prm,226.885,299.122,77.5639,386.195,39.591,275.104
korytarz3.pgm,prm,226.885,299.122,77.5639,386.195,25.844,275.104
korytarz3.pgm,prm,226.885,299.122,77.5639,386.195,22.324,275.104
korytarz3.pgm,prm,226.885,299.122,77.5639,386.195,19.796,275.104
korytarz3.pgm,prm,226.885,299.122,77.5639,386.195,18.89,275.104
korytarz3.pgm,prm,226.885,299.122,77.5639,386.195,16.92,275.104
korytarz3.pgm,prm,226.885,299.122,77.5639,386.195,18.327,275.104
korytarz3.pgm,prm,226.885,299.122,77.5639,386.195,15.41,275.104
korytarz3.pgm,prm,226.885,299.122,77.5639,386.195,22.495,275.104
korytarz3.pgm,prm,226.885,299.122,77.5639,386.195,28.913,275.104
korytarz3.pgm,prm,226.885,299.122,77.5639,386.195,26.648,275.104
korytarz3.pgm,prm,226.885,299.122,77.5639,386.195,29.503,275.104
korytarz3.pgm,prm,226.885,299.122,77.5639,386.195,25.959,275.104
korytarz3.pgm,prm,226.885,299.122,77.5639,386.195,34.454,275.104
korytarz3.pgm,prm,226.885,299.122,77.5639,386.195,26.407,275.104
korytarz3.pgm,prm,226.885,299.122,77.5639,386.195,24.109,275.104
korytarz3.pgm,prm,226.885,299.122,77.5639,386.195,34.101,275.104
korytarz3.pgm,prm,226.885,299.122,77.5639,386.195,33.728,275.104
korytarz3.pgm,prm,226.885,299.122,77.5639,386.195,38.942,275.104
korytarz3.pgm,prm,226.885,299.122,77.5639,386.195,25.698,275.104
korytarz3.pgm,prm,226.885,299.122,77.5639,386.195,24.109,275.104
korytarz3.pgm,prm,226.885,299.122,77.5639,386.195,32.897,275.104
korytarz3.pgm,prm,226.885,299.122,77.5639,386.195,35.205,275.104
korytarz3.pgm,prm,226.885,299.122,77.5639,386.195,38.621,275.104
korytarz3.pgm,prm,226.885,299.122,77.5639,386.195,30.668,275.104
korytarz3.pgm,prm,226.885,299.122,77.5639,386.195,35.082,275.104
korytarz3.pgm,prm,226.885,299.122,77.5639,386.195,35.847,275.104
korytarz3.pgm,prm,226.885,299.122,77.5639,386.195,36.111,275.104
korytarz3.pgm,prm,226.885,299.122,77.5639,386.195,24.503,275.104
korytarz3.pgm,prm,226.885,299.122,77.5639,386.195,29.97,275.104
korytarz3.pgm,prm,226.885,299.122,77.5639,386.195,28.719,275.104
korytarz3.pgm,prm,226.885,299.122,77.5639,386.195,25.322,275.104
korytarz3.pgm,prm,226.885,299.122,77.5639,386.195,23.417,275.104
korytarz3.pgm,prm,226.885,299.122,77.5639,386.195,30.004,275.104
korytarz3.pgm,prm,226.885,299.122,77.5639,386.195,30.736,275.104
korytarz3.pgm,prm,226.885,299.122,77.5639,386.195,18.432,275.104
korytarz3.pgm,prm,226.885,299.122,77.5639,386.195,27.469,275.104
korytarz3.pgm,prm,226.885,299.122,77.5639,386.195,32.486,275.104
korytarz3.pgm,prm,226.885,299.122,77.5639,386.195,23.822,275.104
korytarz3.pgm,prm,226.885,299.122,77.5639,386.195,33.745,275.104
korytarz3.pgm,prm,226.885,299.122,77.5639,386.195,29.243,275.104
korytarz3.pgm,prm,226.885,299.122,77.5639,386.195,22.497,275.104
korytarz3.pgm,prm,226.885,299.122,77.5639,386.195,33.17,275.104
korytarz3.pgm,prm,226.885,299.122,77.5639,386.195,22.505,275.104
korytarz3.pgm,prm,226.885,299.122,77.5639,386.195,24.737,275.104
korytarz3.pgm,prm,226.885,299.122,77.5639,386.195,31.315,275.104
korytarz3.pgm,prm,226.885,299.122,77.5639,386.195,26.338,275.104
korytarz3.pgm,prm,226.885,299.122,77.5639,386.195,35.961,275.104
korytarz3.pgm,prm,226.885,299.122,77.5639,386.195,24.73,275.104
korytarz3.pgm,prm,226.885,299.122,77.5639,386.195,30.317,275.104
korytarz3.pgm,prm,226.885,299.122,77.5639,386.195,38.721,275.104
korytarz3.pgm,prm,226.885,299.122,77.5639,386.195,20.841,275.104
korytarz3.pgm,prm,226.885,299.122,77.5639,386.195,30.908,275.104
korytarz3.pgm,prm,226.885,299.122,77.5639,386.195,23.633,275.104
korytarz3.pgm,prm,226.885,299.122,77.5639,386.195,27.277,275.104
korytarz3.pgm,prm,226.885,299.122,77.5639,386.195,28.084,275.104
korytarz3.pgm,prm,226.885,299.122,77.5639,386.195,31.226,275.104
korytarz3.pgm,prm,226.885,299.122,77.5639,386.195,29.357,275.104
korytarz3.pgm,prm,226.885,299.122,77.5639,386.195,19.658,275.104
korytarz3.pgm,prm,226.885,299.122,77.5639,386.195,27.25,275.104
korytarz3.pgm,prm,226.885,299.122,77.5639,386.195,32.439,275.104
korytarz3.pgm,prm,226.885,299.122,77.5639,386.195,23.87,275.104
korytarz3.pgm,prm,226.885,299.122,77.5639,386.195,28.472,275.104
korytarz3.pgm,prm,226.885,299.122,77.5639,386.195,30.766,275.104
korytarz3.pgm,prm,226.885,299.122,77.5639,386.195,33.249,275.104
korytarz3.pgm,prm,226.885,299.122,77.5639,386.195,26.855,275.104
korytarz3.pgm,prm,226.885,299.122,77.5639,386.195,25.035,275.104
korytarz3.pgm,prm,226.885,299.122,77.5639,386.195,32.919,275.104
korytarz3.pgm,prm,226.885,299.122,77.5639,386.195,32.361,275.104
korytarz3.pgm,prm,226.885,299.122,77.5639,386.195,33.974,275.104
korytarz3.pgm,prm,226.885,299.122,77.5639,386.195,27.269,275.104
korytarz3.pgm,prm,226.885,299.122,77.5639,386.195,24.315,275.104
korytarz3.pgm,prm,226.885,299.122,77.5639,386.195,34.393,275.104
korytarz3.pgm,prm,226.885,299.122,77.5639,386.195,32.93,275.104
korytarz3.pgm,prm,226.885,299.122,77.5639,386.195,26.627,275.104
korytarz3.pgm,prm,226.885,299.122,77.5639,386.195,24.648,275.104
korytarz3.pgm,prm,226.885,299.122,77.5639,386.195,31.172,275.104
korytarz3.pgm,prm,226.885,299.122,77.5639,386.195,28.987,275.104
korytarz3.pgm,prm,226.885,299.122,77.5639,386.195,28.743,275.104
korytarz3.pgm,prm,226.885,299.122,77.5639,386.195,30.296,275.104
korytarz3.pgm,prm,226.885,299.122,77.5639,386.195,26.455,275.104
korytarz3.pgm,prm,226.885,299.122,77.5639,386.195,33.908,275.104
korytarz3.pgm,prm,226.885,299.122,77.5639,386.195,34.056,275.104
korytarz3.pgm,prm,226.885,299.122,77.5639,386.195,31.435,275.104
korytarz3.pgm,prm,226.885,299.122,77.5639,386.195,24.538,275.104
korytarz3.pgm,prm,226.885,299.122,77.5639,386.195,28.687,275.104
korytarz3.pgm,prm,226.885,299.122,77.5639,386.195,29.123,275.104
korytarz3.pgm,prm,226.885,299.122,77.5639,386.195,30.227,275.104
korytarz3.pgm,prm,226.885,299.122,77.5639,386.195,30.624,275.104
korytarz3.pgm,prm,226.885,299.122,77.5639,386.195,30.606,275.104
korytarz3.pgm,prm,226.885,299.122,77.5639,386.195,30.928,275.104
korytarz3.pgm,prm,226.885,299.122,77.5639,386.195,34.686,275.104
korytarz3.pgm,prm,226.885,299.122,77.5639,386.195,30.678,275.104
korytarz3.pgm,prm,226.885,299.122,77.5639,386.195,30.46,275.104


korytarz3.pgm,prm,103.066,288.547,301.477,443.872,31.361,340.85
korytarz3.pgm,prm,103.066,288.547,301.477,443.872,29.347,340.85
korytarz3.pgm,prm,103.066,288.547,301.477,443.872,33.311,340.85
korytarz3.pgm,prm,103.066,288.547,301.477,443.872,31.034,340.85
korytarz3.pgm,prm,103.066,288.547,301.477,443.872,29.671,340.85
korytarz3.pgm,prm,103.066,288.547,301.477,443.872,29.503,340.85
korytarz3.pgm,prm,103.066,288.547,301.477,443.872,29.014,340.85
korytarz3.pgm,prm,103.066,288.547,301.477,443.872,32.806,340.85
korytarz3.pgm,prm,103.066,288.547,301.477,443.872,23.223,340.85
korytarz3.pgm,prm,103.066,288.547,301.477,443.872,32.154,340.85
korytarz3.pgm,prm,103.066,288.547,301.477,443.872,27.46,340.85
korytarz3.pgm,prm,103.066,288.547,301.477,443.872,31.25,340.85
korytarz3.pgm,prm,103.066,288.547,301.477,443.872,26.138,340.85
korytarz3.pgm,prm,103.066,288.547,301.477,443.872,30.163,340.85
korytarz3.pgm,prm,103.066,288.547,301.477,443.872,28.795,340.85
korytarz3.pgm,prm,103.066,288.547,301.477,443.872,26.97,340.85
korytarz3.pgm,prm,103.066,288.547,301.477,443.872,28.864,340.85
korytarz3.pgm,prm,103.066,288.547,301.477,443.872,31.322,340.85
korytarz3.pgm,prm,103.066,288.547,301.477,443.872,27.546,340.85
korytarz3.pgm,prm,103.066,288.547,301.477,443.872,33.866,340.85
korytarz3.pgm,prm,103.066,288.547,301.477,443.872,28.728,340.85
korytarz3.pgm,prm,103.066,288.547,301.477,443.872,25.469,340.85
korytarz3.pgm,prm,103.066,288.547,301.477,443.872,30.687,340.85
korytarz3.pgm,prm,103.066,288.547,301.477,443.872,25.181,340.85
korytarz3.pgm,prm,103.066,288.547,301.477,443.872,30.084,340.85
korytarz3.pgm,prm,103.066,288.547,301.477,443.872,33.325,340.85
korytarz3.pgm,prm,103.066,288.547,301.477,443.872,28.988,340.85
korytarz3.pgm,prm,103.066,288.547,301.477,443.872,24.037,340.85
korytarz3.pgm,prm,103.066,288.547,301.477,443.872,31.956,340.85
korytarz3.pgm,prm,103.066,288.547,301.477,443.872,34.203,340.85
korytarz3.pgm,prm,103.066,288.547,301.477,443.872,35.369,340.85
korytarz3.pgm,prm,103.066,288.547,301.477,443.872,26.317,340.85
korytarz3.pgm,prm,103.066,288.547,301.477,443.872,35.235,340.85
korytarz3.pgm,prm,103.066,288.547,301.477,443.872,27.009,340.85
korytarz3.pgm,prm,103.066,288.547,301.477,443.872,30.172,340.85
korytarz3.pgm,prm,103.066,288.547,301.477,443.872,30.067,340.85
korytarz3.pgm,prm,103.066,288.547,301.477,443.872,29.725,340.85
korytarz3.pgm,prm,103.066,288.547,301.477,443.872,26.49,340.85
korytarz3.pgm,prm,103.066,288.547,301.477,443.872,31.196,340.85
korytarz3.pgm,prm,103.066,288.547,301.477,443.872,32.923,340.85
korytarz3.pgm,prm,103.066,288.547,301.477,443.872,32.936,340.85
korytarz3.pgm,prm,103.066,288.547,301.477,443.872,24.23,340.85
korytarz3.pgm,prm,103.066,288.547,301.477,443.872,30.674,340.85
korytarz3.pgm,prm,103.066,288.547,301.477,443.872,31.537,340.85
korytarz3.pgm,prm,103.066,288.547,301.477,443.872,29.602,340.85
korytarz3.pgm,prm,103.066,288.547,301.477,443.872,33.672,340.85
korytarz3.pgm,prm,103.066,288.547,301.477,443.872,29.214,340.85
korytarz3.pgm,prm,103.066,288.547,301.477,443.872,35.542,340.85
korytarz3.pgm,prm,103.066,288.547,301.477,443.872,21.657,340.85
korytarz3.pgm,prm,103.066,288.547,301.477,443.872,30.699,340.85
korytarz3.pgm,prm,103.066,288.547,301.477,443.872,30.82,340.85
korytarz3.pgm,prm,103.066,288.547,301.477,443.872,36.395,340.85
korytarz3.pgm,prm,103.066,288.547,301.477,443.872,31.022,340.85
korytarz3.pgm,prm,103.066,288.547,301.477,443.872,27.516,340.85
korytarz3.pgm,prm,103.066,288.547,301.477,443.872,23.017,340.85
korytarz3.pgm,prm,103.066,288.547,301.477,443.872,32.238,340.85
korytarz3.pgm,prm,103.066,288.547,301.477,443.872,30.594,340.85
korytarz3.pgm,prm,103.066,288.547,301.477,443.872,23.696,340.85
korytarz3.pgm,prm,103.066,288.547,301.477,443.872,24.331,340.85
korytarz3.pgm,prm,103.066,288.547,301.477,443.872,37.252,340.85
korytarz3.pgm,prm,103.066,288.547,301.477,443.872,31.318,340.85
korytarz3.pgm,prm,103.066,288.547,301.477,443.872,24.135,340.85
korytarz3.pgm,prm,103.066,288.547,301.477,443.872,24.258,340.85
korytarz3.pgm,prm,103.066,288.547,301.477,443.872,22.403,340.85
korytarz3.pgm,prm,103.066,288.547,301.477,443.872,33.083,340.85
korytarz3.pgm,prm,103.066,288.547,301.477,443.872,34.376,340.85
korytarz3.pgm,prm,103.066,288.547,301.477,443.872,33.003,340.85
korytarz3.pgm,prm,103.066,288.547,301.477,443.872,34.261,340.85
korytarz3.pgm,prm,103.066,288.547,301.477,443.872,35.37,340.85
korytarz3.pgm,prm,103.066,288.547,301.477,443.872,34.137,340.85
korytarz3.pgm,prm,103.066,288.547,301.477,443.872,36.427,340.85
korytarz3.pgm,prm,103.066,288.547,301.477,443.872,27.331,340.85
korytarz3.pgm,prm,103.066,288.547,301.477,443.872,28.911,340.85
korytarz3.pgm,prm,103.066,288.547,301.477,443.872,29.353,340.85
korytarz3.pgm,prm,103.066,288.547,301.477,443.872,21.638,340.85
korytarz3.pgm,prm,103.066,288.547,301.477,443.872,31.222,340.85
korytarz3.pgm,prm,103.066,288.547,301.477,443.872,31.344,340.85
korytarz3.pgm,prm,103.066,288.547,301.477,443.872,26.703,340.85
korytarz3.pgm,prm,103.066,288.547,301.477,443.872,24.616,340.85
korytarz3.pgm,prm,103.066,288.547,301.477,443.872,31.337,340.85
korytarz3.pgm,prm,103.066,288.547,301.477,443.872,28.703,340.85
korytarz3.pgm,prm,103.066,288.547,301.477,443.872,29.148,340.85
korytarz3.pgm,prm,103.066,288.547,301.477,443.872,33.11,340.85
korytarz3.pgm,prm,103.066,288.547,301.477,443.872,18.562,340.85
korytarz3.pgm,prm,103.066,288.547,301.477,443.872,35.836,340.85
korytarz3.pgm,prm,103.066,288.547,301.477,443.872,34.471,340.85
korytarz3.pgm,prm,103.066,288.547,301.477,443.872,34.215,340.85
korytarz3.pgm,prm,103.066,288.547,301.477,443.872,33.049,340.85
korytarz3.pgm,prm,103.066,288.547,301.477,443.872,36.265,340.85
korytarz3.pgm,prm,103.066,288.547,301.477,443.872,34.164,340.85
korytarz3.pgm,prm,103.066,288.547,301.477,443.872,33.189,340.85
korytarz3.pgm,prm,103.066,288.547,301.477,443.872,35.127,340.85
korytarz3.pgm,prm,103.066,288.547,301.477,443.872,28.849,340.85
korytarz3.pgm,prm,103.066,288.547,301.477,443.872,35.67,340.85
korytarz3.pgm,prm,103.066,288.547,301.477,443.872,30.511,340.85
korytarz3.pgm,prm,103.066,288.547,301.477,443.872,37.455,340.85
korytarz3.pgm,prm,103.066,288.547,301.477,443.872,33.138,340.85
korytarz3.pgm,prm,103.066,288.547,301.477,443.872,28.523,340.85
korytarz3.pgm,prm,103.066,288.547,301.477,443.872,33.88,340.85
korytarz3.pgm,prm,103.066,288.547,301.477,443.872,36.123,340.85


korytarz3.pgm,prm,149.617,381.427,407.528,263.157,26.845,390.044
korytarz3.pgm,prm,149.617,381.427,407.528,263.157,30.866,390.044
korytarz3.pgm,prm,149.617,381.427,407.528,263.157,29.735,390.044
korytarz3.pgm,prm,149.617,381.427,407.528,263.157,29.688,390.044
korytarz3.pgm,prm,149.617,381.427,407.528,263.157,29.731,390.044
korytarz3.pgm,prm,149.617,381.427,407.528,263.157,33.56,390.044
korytarz3.pgm,prm,149.617,381.427,407.528,263.157,32.903,390.044
korytarz3.pgm,prm,149.617,381.427,407.528,263.157,34.074,390.044
korytarz3.pgm,prm,149.617,381.427,407.528,263.157,30.196,390.044
korytarz3.pgm,prm,149.617,381.427,407.528,263.157,19.124,390.044
korytarz3.pgm,prm,149.617,381.427,407.528,263.157,21.643,390.044
korytarz3.pgm,prm,149.617,381.427,407.528,263.157,20.096,390.044
korytarz3.pgm,prm,149.617,381.427,407.528,263.157,24.462,390.044
korytarz3.pgm,prm,149.617,381.427,407.528,263.157,34.851,390.044
korytarz3.pgm,prm,149.617,381.427,407.528,263.157,33.757,390.044
korytarz3.pgm,prm,149.617,381.427,407.528,263.157,36.667,390.044
korytarz3.pgm,prm,149.617,381.427,407.528,263.157,35.577,390.044
korytarz3.pgm,prm,149.617,381.427,407.528,263.157,36.522,390.044
korytarz3.pgm,prm,149.617,381.427,407.528,263.157,28.625,390.044
korytarz3.pgm,prm,149.617,381.427,407.528,263.157,28.457,390.044
korytarz3.pgm,prm,149.617,381.427,407.528,263.157,31.706,390.044
korytarz3.pgm,prm,149.617,381.427,407.528,263.157,29.191,390.044
korytarz3.pgm,prm,149.617,381.427,407.528,263.157,23.382,390.044
korytarz3.pgm,prm,149.617,381.427,407.528,263.157,29.886,390.044
korytarz3.pgm,prm,149.617,381.427,407.528,263.157,30.835,390.044
korytarz3.pgm,prm,149.617,381.427,407.528,263.157,33.306,390.044
korytarz3.pgm,prm,149.617,381.427,407.528,263.157,32.245,390.044
korytarz3.pgm,prm,149.617,381.427,407.528,263.157,30.678,390.044
korytarz3.pgm,prm,149.617,381.427,407.528,263.157,24.562,390.044
korytarz3.pgm,prm,149.617,381.427,407.528,263.157,27.232,390.044
korytarz3.pgm,prm,149.617,381.427,407.528,263.157,31.67,390.044
korytarz3.pgm,prm,149.617,381.427,407.528,263.157,27.802,390.044
korytarz3.pgm,prm,149.617,381.427,407.528,263.157,35.304,390.044
korytarz3.pgm,prm,149.617,381.427,407.528,263.157,33.635,390.044
korytarz3.pgm,prm,149.617,381.427,407.528,263.157,36.508,390.044
korytarz3.pgm,prm,149.617,381.427,407.528,263.157,37.351,390.044
korytarz3.pgm,prm,149.617,381.427,407.528,263.157,24.624,390.044
korytarz3.pgm,prm,149.617,381.427,407.528,263.157,23.008,390.044
korytarz3.pgm,prm,149.617,381.427,407.528,263.157,26.388,390.044
korytarz3.pgm,prm,149.617,381.427,407.528,263.157,31.712,390.044
korytarz3.pgm,prm,149.617,381.427,407.528,263.157,28.539,390.044
korytarz3.pgm,prm,149.617,381.427,407.528,263.157,29.011,390.044
korytarz3.pgm,prm,149.617,381.427,407.528,263.157,29.414,390.044
korytarz3.pgm,prm,149.617,381.427,407.528,263.157,30.943,390.044
korytarz3.pgm,prm,149.617,381.427,407.528,263.157,32.157,390.044
korytarz3.pgm,prm,149.617,381.427,407.528,263.157,32.392,390.044
korytarz3.pgm,prm,149.617,381.427,407.528,263.157,21.542,390.044
korytarz3.pgm,prm,149.617,381.427,407.528,263.157,27.604,390.044
korytarz3.pgm,prm,149.617,381.427,407.528,263.157,35.529,390.044
korytarz3.pgm,prm,149.617,381.427,407.528,263.157,30.389,390.044
korytarz3.pgm,prm,149.617,381.427,407.528,263.157,29.885,390.044
korytarz3.pgm,prm,149.617,381.427,407.528,263.157,31.401,390.044
korytarz3.pgm,prm,149.617,381.427,407.528,263.157,32.953,390.044
korytarz3.pgm,prm,149.617,381.427,407.528,263.157,37.441,390.044
korytarz3.pgm,prm,149.617,381.427,407.528,263.157,35.785,390.044
korytarz3.pgm,prm,149.617,381.427,407.528,263.157,30.97,390.044
korytarz3.pgm,prm,149.617,381.427,407.528,263.157,34.395,390.044
korytarz3.pgm,prm,149.617,381.427,407.528,263.157,32.174,390.044
korytarz3.pgm,prm,149.617,381.427,407.528,263.157,25.654,390.044
korytarz3.pgm,prm,149.617,381.427,407.528,263.157,33.342,390.044
korytarz3.pgm,prm,149.617,381.427,407.528,263.157,31.265,390.044
korytarz3.pgm,prm,149.617,381.427,407.528,263.157,30.502,390.044
korytarz3.pgm,prm,149.617,381.427,407.528,263.157,36.427,390.044
korytarz3.pgm,prm,149.617,381.427,407.528,263.157,27.101,390.044
korytarz3.pgm,prm,149.617,381.427,407.528,263.157,32.143,390.044
korytarz3.pgm,prm,149.617,381.427,407.528,263.157,28.751,390.044
korytarz3.pgm,prm,149.617,381.427,407.528,263.157,35.176,390.044
korytarz3.pgm,prm,149.617,381.427,407.528,263.157,32.139,390.044
korytarz3.pgm,prm,149.617,381.427,407.528,263.157,29.513,390.044
korytarz3.pgm,prm,149.617,381.427,407.528,263.157,29.077,390.044
korytarz3.pgm,prm,149.617,381.427,407.528,263.157,36.867,390.044
korytarz3.pgm,prm,149.617,381.427,407.528,263.157,34.676,390.044
korytarz3.pgm,prm,149.617,381.427,407.528,263.157,33.624,390.044
korytarz3.pgm,prm,149.617,381.427,407.528,263.157,33.777,390.044
korytarz3.pgm,prm,149.617,381.427,407.528,263.157,34.384,390.044
korytarz3.pgm,prm,149.617,381.427,407.528,263.157,31.554,390.044
korytarz3.pgm,prm,149.617,381.427,407.528,263.157,30.372,390.044
korytarz3.pgm,prm,149.617,381.427,407.528,263.157,29.926,390.044
korytarz3.pgm,prm,149.617,381.427,407.528,263.157,33.531,390.044
korytarz3.pgm,prm,149.617,381.427,407.528,263.157,35.19,390.044
korytarz3.pgm,prm,149.617,381.427,407.528,263.157,36.825,390.044
korytarz3.pgm,prm,149.617,381.427,407.528,263.157,35.556,390.044
korytarz3.pgm,prm,149.617,381.427,407.528,263.157,33.385,390.044
korytarz3.pgm,prm,149.617,381.427,407.528,263.157,38.63,390.044
korytarz3.pgm,prm,149.617,381.427,407.528,263.157,28.597,390.044
korytarz3.pgm,prm,149.617,381.427,407.528,263.157,32.786,390.044
korytarz3.pgm,prm,149.617,381.427,407.528,263.157,36.587,390.044
korytarz3.pgm,prm,149.617,381.427,407.528,263.157,38.56,390.044
korytarz3.pgm,prm,149.617,381.427,407.528,263.157,35.2,390.044
korytarz3.pgm,prm,149.617,381.427,407.528,263.157,31.017,390.044
korytarz3.pgm,prm,149.617,381.427,407.528,263.157,37.014,390.044
korytarz3.pgm,prm,149.617,381.427,407.528,263.157,35.777,390.044
korytarz3.pgm,prm,149.617,381.427,407.528,263.157,31.785,390.044
korytarz3.pgm,prm,149.617,381.427,407.528,263.157,32.257,390.044
korytarz3.pgm,prm,149.617,381.427,407.528,263.157,25.334,390.044
korytarz3.pgm,prm,149.617,381.427,407.528,263.157,31.174,390.044
korytarz3.pgm,prm,149.617,381.427,407.528,263.157,33.875,390.044
korytarz3.pgm,prm,149.617,381.427,407.528,263.157,31.86,390.044
korytarz3.pgm,prm,149.617,381.427,407.528,263.157,37.346,390.044
korytarz3.pgm,prm,149.617,381.427,407.528,263.157,33.432,390.044


korytarz3.pgm,prm,93.9751,321.653,305.85,452.636,28.739,398.788
korytarz3.pgm,prm,93.9751,321.653,305.85,452.636,35.234,398.788
korytarz3.pgm,prm,93.9751,321.653,305.85,452.636,29.163,398.788
korytarz3.pgm,prm,93.9751,321.653,305.85,452.636,31.116,398.788
korytarz3.pgm,prm,93.9751,321.653,305.85,452.636,29.388,398.788
korytarz3.pgm,prm,93.9751,321.653,305.85,452.636,27.44,398.788
korytarz3.pgm,prm,93.9751,321.653,305.85,452.636,21.516,398.788
korytarz3.pgm,prm,93.9751,321.653,305.85,452.636,35.247,398.788
korytarz3.pgm,prm,93.9751,321.653,305.85,452.636,30.073,398.788
korytarz3.pgm,prm,93.9751,321.653,305.85,452.636,18.099,398.788
korytarz3.pgm,prm,93.9751,321.653,305.85,452.636,25.422,398.788
korytarz3.pgm,prm,93.9751,321.653,305.85,452.636,35.152,398.788
korytarz3.pgm,prm,93.9751,321.653,305.85,452.636,36.592,398.788
korytarz3.pgm,prm,93.9751,321.653,305.85,452.636,37.404,398.788
korytarz3.pgm,prm,93.9751,321.653,305.85,452.636,32.039,398.788
korytarz3.pgm,prm,93.9751,321.653,305.85,452.636,29.01,398.788
korytarz3.pgm,prm,93.9751,321.653,305.85,452.636,27.362,398.788
korytarz3.pgm,prm,93.9751,321.653,305.85,452.636,26.736,398.788
korytarz3.pgm,prm,93.9751,321.653,305.85,452.636,31.226,398.788
korytarz3.pgm,prm,93.9751,321.653,305.85,452.636,34.385,398.788
korytarz3.pgm,prm,93.9751,321.653,305.85,452.636,34.011,398.788
korytarz3.pgm,prm,93.9751,321.653,305.85,452.636,37.269,398.788
korytarz3.pgm,prm,93.9751,321.653,305.85,452.636,38.491,398.788
korytarz3.pgm,prm,93.9751,321.653,305.85,452.636,38.175,398.788
korytarz3.pgm,prm,93.9751,321.653,305.85,452.636,33.121,398.788
korytarz3.pgm,prm,93.9751,321.653,305.85,452.636,33.568,398.788
korytarz3.pgm,prm,93.9751,321.653,305.85,452.636,31.672,398.788
korytarz3.pgm,prm,93.9751,321.653,305.85,452.636,38.198,398.788
korytarz3.pgm,prm,93.9751,321.653,305.85,452.636,28.279,398.788
korytarz3.pgm,prm,93.9751,321.653,305.85,452.636,30.182,398.788
korytarz3.pgm,prm,93.9751,321.653,305.85,452.636,19.47,398.788
korytarz3.pgm,prm,93.9751,321.653,305.85,452.636,38.81,398.788
korytarz3.pgm,prm,93.9751,321.653,305.85,452.636,36.722,398.788
korytarz3.pgm,prm,93.9751,321.653,305.85,452.636,29.882,398.788
korytarz3.pgm,prm,93.9751,321.653,305.85,452.636,37.658,398.788
korytarz3.pgm,prm,93.9751,321.653,305.85,452.636,33.556,398.788
korytarz3.pgm,prm,93.9751,321.653,305.85,452.636,33.715,398.788
korytarz3.pgm,prm,93.9751,321.653,305.85,452.636,39.972,398.788
korytarz3.pgm,prm,93.9751,321.653,305.85,452.636,37.809,398.788
korytarz3.pgm,prm,93.9751,321.653,305.85,452.636,35.77,398.788
korytarz3.pgm,prm,93.9751,321.653,305.85,452.636,34.314,398.788
korytarz3.pgm,prm,93.9751,321.653,305.85,452.636,34.132,398.788
korytarz3.pgm,prm,93.9751,321.653,305.85,452.636,36.59,398.788
korytarz3.pgm,prm,93.9751,321.653,305.85,452.636,36.097,398.788
korytarz3.pgm,prm,93.9751,321.653,305.85,452.636,34.61,398.788
korytarz3.pgm,prm,93.9751,321.653,305.85,452.636,37.36,398.788
korytarz3.pgm,prm,93.9751,321.653,305.85,452.636,36.099,398.788
korytarz3.pgm,prm,93.9751,321.653,305.85,452.636,26.902,398.788
korytarz3.pgm,prm,93.9751,321.653,305.85,452.636,26.386,398.788
korytarz3.pgm,prm,93.9751,321.653,305.85,452.636,26.723,398.788
korytarz3.pgm,prm,93.9751,321.653,305.85,452.636,33.22,398.788
korytarz3.pgm,prm,93.9751,321.653,305.85,452.636,31.672,398.788
korytarz3.pgm,prm,93.9751,321.653,305.85,452.636,27.34,398.788
korytarz3.pgm,prm,93.9751,321.653,305.85,452.636,30.362,398.788
korytarz3.pgm,prm,93.9751,321.653,305.85,452.636,19.409,398.788
korytarz3.pgm,prm,93.9751,321.653,305.85,452.636,31.008,398.788
korytarz3.pgm,prm,93.9751,321.653,305.85,452.636,29.649,398.788
korytarz3.pgm,prm,93.9751,321.653,305.85,452.636,31.694,398.788
korytarz3.pgm,prm,93.9751,321.653,305.85,452.636,25.984,398.788
korytarz3.pgm,prm,93.9751,321.653,305.85,452.636,31.61,398.788
korytarz3.pgm,prm,93.9751,321.653,305.85,452.636,35.949,398.788
korytarz3.pgm,prm,93.9751,321.653,305.85,452.636,33.287,398.788
korytarz3.pgm,prm,93.9751,321.653,305.85,452.636,36.986,398.788
korytarz3.pgm,prm,93.9751,321.653,305.85,452.636,29.632,398.788
korytarz3.pgm,prm,93.9751,321.653,305.85,452.636,21.174,398.788
korytarz3.pgm,prm,93.9751,321.653,305.85,452.636,26.885,398.788
korytarz3.pgm,prm,93.9751,321.653,305.85,452.636,35.361,398.788
korytarz3.pgm,prm,93.9751,321.653,305.85,452.636,28.847,398.788
korytarz3.pgm,prm,93.9751,321.653,305.85,452.636,36.137,398.788
korytarz3.pgm,prm,93.9751,321.653,305.85,452.636,27.549,398.788
korytarz3.pgm,prm,93.9751,321.653,305.85,452.636,33.024,398.788
korytarz3.pgm,prm,93.9751,321.653,305.85,452.636,32.821,398.788
korytarz3.pgm,prm,93.9751,321.653,305.85,452.636,25.871,398.788
korytarz3.pgm,prm,93.9751,321.653,305.85,452.636,33.721,398.788
korytarz3.pgm,prm,93.9751,321.653,305.85,452.636,38.234,398.788
korytarz3.pgm,prm,93.9751,321.653,305.85,452.636,37.836,398.788
korytarz3.pgm,prm,93.9751,321.653,305.85,452.636,37.171,398.788
korytarz3.pgm,prm,93.9751,321.653,305.85,452.636,40.016,398.788
korytarz3.pgm,prm,93.9751,321.653,305.85,452.636,38.846,398.788
korytarz3.pgm,prm,93.9751,321.653,305.85,452.636,36.403,398.788
korytarz3.pgm,prm,93.9751,321.653,305.85,452.636,33.88,398.788
korytarz3.pgm,prm,93.9751,321.653,305.85,452.636,37.829,398.788
korytarz3.pgm,prm,93.9751,321.653,305.85,452.636,26.151,398.788
korytarz3.pgm,prm,93.9751,321.653,305.85,452.636,23.127,398.788
korytarz3.pgm,prm,93.9751,321.653,305.85,452.636,31.707,398.788
korytarz3.pgm,prm,93.9751,321.653,305.85,452.636,34.545,398.788
korytarz3.pgm,prm,93.9751,321.653,305.85,452.636,33.26,398.788
korytarz3.pgm,prm,93.9751,321.653,305.85,452.636,35.262,398.788
korytarz3.pgm,prm,93.9751,321.653,305.85,452.636,39.612,398.788
korytarz3.pgm,prm,93.9751,321.653,305.85,452.636,36.992,398.788
korytarz3.pgm,prm,93.9751,321.653,305.85,452.636,34.338,398.788
korytarz3.pgm,prm,93.9751,321.653,305.85,452.636,39.978,398.788
korytarz3.pgm,prm,93.9751,321.653,305.85,452.636,36.538,398.788
korytarz3.pgm,prm,93.9751,321.653,305.85,452.636,31.439,398.788
korytarz3.pgm,prm,93.9751,321.653,305.85,452.636,32.658,398.788
korytarz3.pgm,prm,93.9751,321.653,305.85,452.636,34.835,398.788
korytarz3.pgm,prm,93.9751,321.653,305.85,452.636,35.959,398.788
korytarz3.pgm,prm,93.9751,321.653,305.85,452.636,36.877,398.788
korytarz3.pgm,prm,93.9751,321.653,305.85,452.636,21.775,398.788
korytarz3.pgm,prm,93.9751,321.653,305.85,452.636,27.595,398.788


korytarz3.pgm,prm,69.9906,238.158,239.067,311.747,35.532,442.075
korytarz3.pgm,prm,69.9906,238.158,239.067,311.747,39.544,442.075
korytarz3.pgm,prm,69.9906,238.158,239.067,311.747,39.328,442.075
korytarz3.pgm,prm,69.9906,238.158,239.067,311.747,31.778,442.075
korytarz3.pgm,prm,69.9906,238.158,239.067,311.747,39.196,442.075
korytarz3.pgm,prm,69.9906,238.158,239.067,311.747,39.511,442.075
korytarz3.pgm,prm,69.9906,238.158,239.067,311.747,31.346,442.075
korytarz3.pgm,prm,69.9906,238.158,239.067,311.747,30.699,442.075
korytarz3.pgm,prm,69.9906,238.158,239.067,311.747,36.03,442.075
korytarz3.pgm,prm,69.9906,238.158,239.067,311.747,31.863,442.075
korytarz3.pgm,prm,69.9906,238.158,239.067,311.747,29.437,442.075
korytarz3.pgm,prm,69.9906,238.158,239.067,311.747,25.96,442.075
korytarz3.pgm,prm,69.9906,238.158,239.067,311.747,34.87,442.075
korytarz3.pgm,prm,69.9906,238.158,239.067,311.747,35.888,442.075
korytarz3.pgm,prm,69.9906,238.158,239.067,311.747,26.76,442.075
korytarz3.pgm,prm,69.9906,238.158,239.067,311.747,25.604,442.075
korytarz3.pgm,prm,69.9906,238.158,239.067,311.747,31.133,442.075
korytarz3.pgm,prm,69.9906,238.158,239.067,311.747,30.661,442.075
korytarz3.pgm,prm,69.9906,238.158,239.067,311.747,34.233,442.075
korytarz3.pgm,prm,69.9906,238.158,239.067,311.747,37.174,442.075
korytarz3.pgm,prm,69.9906,238.158,239.067,311.747,31.181,442.075
korytarz3.pgm,prm,69.9906,238.158,239.067,311.747,35.467,442.075
korytarz3.pgm,prm,69.9906,238.158,239.067,311.747,30.988,442.075
korytarz3.pgm,prm,69.9906,238.158,239.067,311.747,23.111,442.075
korytarz3.pgm,prm,69.9906,238.158,239.067,311.747,24.987,442.075
korytarz3.pgm,prm,69.9906,238.158,239.067,311.747,36.408,442.075
korytarz3.pgm,prm,69.9906,238.158,239.067,311.747,38.632,442.075
korytarz3.pgm,prm,69.9906,238.158,239.067,311.747,29.672,442.075
korytarz3.pgm,prm,69.9906,238.158,239.067,311.747,31.116,442.075
korytarz3.pgm,prm,69.9906,238.158,239.067,311.747,35.011,442.075
korytarz3.pgm,prm,69.9906,238.158,239.067,311.747,29.07,442.075
korytarz3.pgm,prm,69.9906,238.158,239.067,311.747,33.107,442.075
korytarz3.pgm,prm,69.9906,238.158,239.067,311.747,32.355,442.075
korytarz3.pgm,prm,69.9906,238.158,239.067,311.747,32.311,442.075
korytarz3.pgm,prm,69.9906,238.158,239.067,311.747,35.848,442.075
korytarz3.pgm,prm,69.9906,238.158,239.067,311.747,38.279,442.075
korytarz3.pgm,prm,69.9906,238.158,239.067,311.747,35.153,442.075
korytarz3.pgm,prm,69.9906,238.158,239.067,311.747,28.887,442.075
korytarz3.pgm,prm,69.9906,238.158,239.067,311.747,35.043,442.075
korytarz3.pgm,prm,69.9906,238.158,239.067,311.747,36.187,442.075
korytarz3.pgm,prm,69.9906,238.158,239.067,311.747,30.918,442.075
korytarz3.pgm,prm,69.9906,238.158,239.067,311.747,34.039,442.075
korytarz3.pgm,prm,69.9906,238.158,239.067,311.747,34.423,442.075
korytarz3.pgm,prm,69.9906,238.158,239.067,311.747,36.897,442.075
korytarz3.pgm,prm,69.9906,238.158,239.067,311.747,37.511,442.075
korytarz3.pgm,prm,69.9906,238.158,239.067,311.747,39.984,442.075
korytarz3.pgm,prm,69.9906,238.158,239.067,311.747,32.277,442.075
korytarz3.pgm,prm,69.9906,238.158,239.067,311.747,27.552,442.075
korytarz3.pgm,prm,69.9906,238.158,239.067,311.747,34.045,442.075
korytarz3.pgm,prm,69.9906,238.158,239.067,311.747,35.963,442.075
korytarz3.pgm,prm,69.9906,238.158,239.067,311.747,38.501,442.075
korytarz3.pgm,prm,69.9906,238.158,239.067,311.747,34.692,442.075
korytarz3.pgm,prm,69.9906,238.158,239.067,311.747,30.025,442.075
korytarz3.pgm,prm,69.9906,238.158,239.067,311.747,29.811,442.075
korytarz3.pgm,prm,69.9906,238.158,239.067,311.747,29.346,442.075
korytarz3.pgm,prm,69.9906,238.158,239.067,311.747,35.329,442.075
korytarz3.pgm,prm,69.9906,238.158,239.067,311.747,23.495,442.075
korytarz3.pgm,prm,69.9906,238.158,239.067,311.747,30.29,442.075
korytarz3.pgm,prm,69.9906,238.158,239.067,311.747,36.515,442.075
korytarz3.pgm,prm,69.9906,238.158,239.067,311.747,38.225,442.075
korytarz3.pgm,prm,69.9906,238.158,239.067,311.747,37.911,442.075
korytarz3.pgm,prm,69.9906,238.158,239.067,311.747,28.943,442.075
korytarz3.pgm,prm,69.9906,238.158,239.067,311.747,28.507,442.075
korytarz3.pgm,prm,69.9906,238.158,239.067,311.747,31.919,442.075
korytarz3.pgm,prm,69.9906,238.158,239.067,311.747,37.369,442.075
korytarz3.pgm,prm,69.9906,238.158,239.067,311.747,39.524,442.075
korytarz3.pgm,prm,69.9906,238.158,239.067,311.747,36.168,442.075
korytarz3.pgm,prm,69.9906,238.158,239.067,311.747,30.692,442.075
korytarz3.pgm,prm,69.9906,238.158,239.067,311.747,26.124,442.075
korytarz3.pgm,prm,69.9906,238.158,239.067,311.747,27.965,442.075
korytarz3.pgm,prm,69.9906,238.158,239.067,311.747,28.986,442.075
korytarz3.pgm,prm,69.9906,238.158,239.067,311.747,33.638,442.075
korytarz3.pgm,prm,69.9906,238.158,239.067,311.747,29.485,442.075
korytarz3.pgm,prm,69.9906,238.158,239.067,311.747,32.621,442.075
korytarz3.pgm,prm,69.9906,238.158,239.067,311.747,32.811,442.075
korytarz3.pgm,prm,69.9906,238.158,239.067,311.747,37.648,442.075
korytarz3.pgm,prm,69.9906,238.158,239.067,311.747,32.983,442.075
korytarz3.pgm,prm,69.9906,238.158,239.067,311.747,29.446,442.075
korytarz3.pgm,prm,69.9906,238.158,239.067,311.747,26.192,442.075
korytarz3.pgm,prm,69.9906,238.158,239.067,311.747,34.323,442.075
korytarz3.pgm,prm,69.9906,238.158,239.067,311.747,31.49,442.075
korytarz3.pgm,prm,69.9906,238.158,239.067,311.747,31.324,442.075
korytarz3.pgm,prm,69.9906,238.158,239.067,311.747,33.802,442.075
korytarz3.pgm,prm,69.9906,238.158,239.067,311.747,34.843,442.075
korytarz3.pgm,prm,69.9906,238.158,239.067,311.747,27.663,442.075
korytarz3.pgm,prm,69.9906,238.158,239.067,311.747,37.528,442.075
korytarz3.pgm,prm,69.9906,238.158,239.067,311.747,29.345,442.075
korytarz3.pgm,prm,69.9906,238.158,239.067,311.747,40.257,442.075
korytarz3.pgm,prm,69.9906,238.158,239.067,311.747,32.21,442.075
korytarz3.pgm,prm,69.9906,238.158,239.067,311.747,36.279,442.075
korytarz3.pgm,prm,69.9906,238.158,239.067,311.747,40.192,442.075
korytarz3.pgm,prm,69.9906,238.158,239.067,311.747,35.786,442.075
korytarz3.pgm,prm,69.9906,238.158,239.067,311.747,34.523,442.075
korytarz3.pgm,prm,69.9906,238.158,239.067,311.747,32.893,442.075
korytarz3.pgm,prm,69.9906,238.158,239.067,311.747,36.501,442.075
korytarz3.pgm,prm,69.9906,238.158,239.067,311.747,34.357,442.075
korytarz3.pgm,prm,69.9906,238.158,239.067,311.747,40.755,442.075
korytarz3.pgm,prm,69.9906,238.158,239.067,311.747,28.755,442.075
korytarz3.pgm,prm,69.9906,238.158,239.067,311.747,31.991,442.075
korytarz3.pgm,prm,69.9906,238.158,239.067,311.747,36.461,442.075


