korytarz1.pgm,rrt,281.015,289.882,315.164,428.619,4704.61,306.404
korytarz1.pgm,rrt,281.015,289.882,315.164,428.619,498.307,322.891
korytarz1.pgm,rrt,281.015,289.882,315.164,428.619,0.788,256.974
korytarz1.pgm,rrt,281.015,289.882,315.164,428.619,24.384,340.091
korytarz1.pgm,rrt,281.015,289.882,315.164,428.619,77.022,278.888
korytarz1.pgm,rrt,281.015,289.882,315.164,428.619,467.984,294.932
korytarz1.pgm,rrt,281.015,289.882,315.164,428.619,639.53,311.827
korytarz1.pgm,rrt,281.015,289.882,315.164,428.619,171.162,324.836
korytarz1.pgm,rrt,281.015,289.882,315.164,428.619,234.005,263.751
korytarz1.pgm,rrt,281.015,289.882,315.164,428.619,2.104,267.741
korytarz1.pgm,rrt,281.015,289.882,315.164,428.619,452.392,305.256
korytarz1.pgm,rrt,281.015,289.882,315.164,428.619,29.362,311.858
korytarz1.pgm,rrt,281.015,289.882,315.164,428.619,96.019,336.356
korytarz1.pgm,rrt,281.015,289.882,315.164,428.619,0.726,265.734
korytarz1.pgm,rrt,281.015,289.882,315.164,428.619,0.511,296.122
korytarz1.pgm,rrt,281.015,289.882,315.164,428.619,1176.13,313.156
korytarz1.pgm,rrt,281.015,289.882,315.164,428.619,681.175,349.051
korytarz1.pgm,rrt,281.015,289.882,315.164,428.619,28.299,314.406
korytarz1.pgm,rrt,281.015,289.882,315.164,428.619,527.263,370.963
korytarz1.pgm,rrt,281.015,289.882,315.164,428.619,2.492,250.995
korytarz1.pgm,rrt,281.015,289.882,315.164,428.619,0.393,298.74
korytarz1.pgm,rrt,281.015,289.882,315.164,428.619,19.445,318.467
korytarz1.pgm,rrt,281.015,289.882,315.164,428.619,50.818,345.467
korytarz1.pgm,rrt,281.015,289.882,315.164,428.619,134.786,356.426
korytarz1.pgm,rrt,281.015,289.882,315.164,428.619,11.863,320.7
korytarz1.pgm,rrt,281.015,289.882,315.164,428.619,15.273,292.846
korytarz1.pgm,rrt,281.015,289.882,315.164,428.619,200.226,335.479
korytarz1.pgm,rrt,281.015,289.882,315.164,428.619,1395.23,390.506
korytarz1.pgm,rrt,281.015,289.882,315.164,428.619,70.403,324.171
korytarz1.pgm,rrt,281.015,289.882,315.164,428.619,9.189,317.249
korytarz1.pgm,rrt,281.015,289.882,315.164,428.619,68.404,359.471
korytarz1.pgm,rrt,281.015,289.882,315.164,428.619,1654.8,358.777
korytarz1.pgm,rrt,281.015,289.882,315.164,428.619,7438.9,354.938
korytarz1.pgm,rrt,281.015,289.882,315.164,428.619,4.607,335.942
korytarz1.pgm,rrt,281.015,289.882,315.164,428.619,16.488,322.295
korytarz1.pgm,rrt,281.015,289.882,315.164,428.619,0.501,253.136
korytarz1.pgm,rrt,281.015,289.882,315.164,428.619,8016.54,299.942
korytarz1.pgm,rrt,281.015,289.882,315.164,428.619,64.848,298.669
korytarz1.pgm,rrt,281.015,289.882,315.164,428.619,693.028,366.669
korytarz1.pgm,rrt,281.015,289.882,315.164,428.619,455.818,341.954
korytarz1.pgm,rrt,281.015,289.882,315.164,428.619,28.801,356.165
korytarz1.pgm,rrt,281.015,289.882,315.164,428.619,54.694,340.936
korytarz1.pgm,rrt,281.015,289.882,315.164,428.619,0.39,284.803
korytarz1.pgm,rrt,281.015,289.882,315.164,428.619,4.882,373.532
korytarz1.pgm,rrt,281.015,289.882,315.164,428.619,575.84,299.647
korytarz1.pgm,rrt,281.015,289.882,315.164,428.619,5340.2,381.016
korytarz1.pgm,rrt,281.015,289.882,315.164,428.619,1.21,286.73
korytarz1.pgm,rrt,281.015,289.882,315.164,428.619,1623.66,372.588
korytarz1.pgm,rrt,281.015,289.882,315.164,428.619,24.028,335.413
korytarz1.pgm,rrt,281.015,289.882,315.164,428.619,48.48,304.293
korytarz1.pgm,rrt,281.015,289.882,315.164,428.619,27.869,253.149
korytarz1.pgm,rrt,281.015,289.882,315.164,428.619,30.722,329.753
korytarz1.pgm,rrt,281.015,289.882,315.164,428.619,2.472,303.818
korytarz1.pgm,rrt,281.015,289.882,315.164,428.619,2382.48,296.785
korytarz1.pgm,rrt,281.015,289.882,315.164,428.619,1980.57,322.096
korytarz1.pgm,rrt,281.015,289.882,315.164,428.619,2757.82,327.722
korytarz1.pgm,rrt,281.015,289.882,315.164,428.619,22.314,397.266
korytarz1.pgm,rrt,281.015,289.882,315.164,428.619,55.025,316.861
korytarz1.pgm,rrt,281.015,289.882,315.164,428.619,124.056,343.848
korytarz1.pgm,rrt,281.015,289.882,315.164,428.619,39.379,250.272
korytarz1.pgm,rrt,281.015,289.882,315.164,428.619,120.856,279.812
korytarz1.pgm,rrt,281.015,289.882,315.164,428.619,72.538,287.906
korytarz1.pgm,rrt,281.015,289.882,315.164,428.619,43.701,317.841
korytarz1.pgm,rrt,281.015,289.882,315.164,428.619,115.978,287.239
korytarz1.pgm,rrt,281.015,289.882,315.164,428.619,9496.66,283.275
korytarz1.pgm,rrt,281.015,289.882,315.164,428.619,2.129,265.62
korytarz1.pgm,rrt,281.015,289.882,315.164,428.619,54.253,263.52
korytarz1.pgm,rrt,281.015,289.882,315.164,428.619,132.981,323.334
korytarz1.pgm,rrt,281.015,289.882,315.164,428.619,353.65,343.552
korytarz1.pgm,rrt,281.015,289.882,315.164,428.619,13.287,324.287
korytarz1.pgm,rrt,281.015,289.882,315.164,428.619,109.559,293.191
korytarz1.pgm,rrt,281.015,289.882,315.164,428.619,821.143,325.52
korytarz1.pgm,rrt,281.015,289.882,315.164,428.619,9.153,324.178
korytarz1.pgm,rrt,281.015,289.882,315.164,428.619,31.457,302.697
korytarz1.pgm,rrt,281.015,289.882,315.164,428.619,2755.86,352.122
korytarz1.pgm,rrt,281.015,289.882,315.164,428.619,19.025,308.788
korytarz1.pgm,rrt,281.015,289.882,315.164,428.619,416.304,288.967
korytarz1.pgm,rrt,281.015,289.882,315.164,428.619,310.535,390.71
korytarz1.pgm,rrt,281.015,289.882,315.164,428.619,630.106,268.995
korytarz1.pgm,rrt,281.015,289.882,315.164,428.619,30.338,333.83
korytarz1.pgm,rrt,281.015,289.882,315.164,428.619,2437.83,331.243
korytarz1.pgm,rrt,281.015,289.882,315.164,428.619,873.87,300.096
korytarz1.pgm,rrt,281.015,289.882,315.164,428.619,21.588,317.489
korytarz1.pgm,rrt,281.015,289.882,315.164,428.619,22.312,314.544
korytarz1.pgm,rrt,281.015,289.882,315.164,428.619,139.582,383.023
korytarz1.pgm,rrt,281.015,289.882,315.164,428.619,879.768,324.669
korytarz1.pgm,rrt,281.015,289.882,315.164,428.619,749.801,292.479
korytarz1.pgm,rrt,281.015,289.882,315.164,428.619,343.33,334.234
korytarz1.pgm,rrt,281.015,289.882,315.164,428.619,14.804,359.543
korytarz1.pgm,rrt,281.015,289.882,315.164,428.619,0.982,253.926
korytarz1.pgm,rrt,281.015,289.882,315.164,428.619,2936.79,345.995
korytarz1.pgm,rrt,281.015,289.882,315.164,428.619,4957.29,307.753
korytarz1.pgm,rrt,281.015,289.882,315.164,428.619,672.415,339.023
korytarz1.pgm,rrt,281.015,289.882,315.164,428.619,2.535,305.204
korytarz1.pgm,rrt,281.015,289.882,315.164,428.619,477.4,371.306
korytarz1.pgm,rrt,281.015,289.882,315.164,428.619,39.105,305.402
korytarz1.pgm,rrt,281.015,289.882,315.164,428.619,3.903,306.474
korytarz1.pgm,rrt,281.015,289.882,315.164,428.619,6.074,286.567
korytarz1.pgm,rrt,281.015,289.882,315.164,428.619,59.672,334.263
korytarz1.pgm,rrt,281.015,289.882,315.164,428.619,68.189,303.622


korytarz1.pgm,rrt,205.935,331.552,506.227,157.698,246.984,433.105
korytarz1.pgm,rrt,205.935,331.552,506.227,157.698,1481.81,425.985
korytarz1.pgm,rrt,205.935,331.552,506.227,157.698,131.789,441.055
korytarz1.pgm,rrt,205.935,331.552,506.227,157.698,5368.28,430.567
korytarz1.pgm,rrt,205.935,331.552,506.227,157.698,2195.45,443.32
korytarz1.pgm,rrt,205.935,331.552,506.227,157.698,538.272,462.052
korytarz1.pgm,rrt,205.935,331.552,506.227,157.698,709.483,424.418
korytarz1.pgm,rrt,205.935,331.552,506.227,157.698,3793.81,498.481
korytarz1.pgm,rrt,205.935,331.552,506.227,157.698,1238.21,418.494
korytarz1.pgm,rrt,205.935,331.552,506.227,157.698,543.6,439.562
korytarz1.pgm,rrt,205.935,331.552,506.227,157.698,552.896,414.921
korytarz1.pgm,rrt,205.935,331.552,506.227,157.698,22.423,414.994
korytarz1.pgm,rrt,205.935,331.552,506.227,157.698,3841.93,470.305
korytarz1.pgm,rrt,205.935,331.552,506.227,157.698,1751.76,465.106
korytarz1.pgm,rrt,205.935,331.552,506.227,157.698,53.168,461.58
korytarz1.pgm,rrt,205.935,331.552,506.227,157.698,1508.05,447.081
korytarz1.pgm,rrt,205.935,331.552,506.227,157.698,478.911,430.467
korytarz1.pgm,rrt,205.935,331.552,506.227,157.698,407.371,474.387
korytarz1.pgm,rrt,205.935,331.552,506.227,157.698,189.646,427.167
korytarz1.pgm,rrt,205.935,331.552,506.227,157.698,1757.75,436.662
korytarz1.pgm,rrt,205.935,331.552,506.227,157.698,450.822,461.275
korytarz1.pgm,rrt,205.935,331.552,506.227,157.698,16.285,409.269
korytarz1.pgm,rrt,205.935,331.552,506.227,157.698,414.368,430.514
korytarz1.pgm,rrt,205.935,331.552,506.227,157.698,74.041,435.973
korytarz1.pgm,rrt,205.935,331.552,506.227,157.698,784.112,500.957
korytarz1.pgm,rrt,205.935,331.552,506.227,157.698,1244.82,483.093
korytarz1.pgm,rrt,205.935,331.552,506.227,157.698,302.765,458.881
korytarz1.pgm,rrt,205.935,331.552,506.227,157.698,329.376,450.447
korytarz1.pgm,rrt,205.935,331.552,506.227,157.698,399.874,452.967
korytarz1.pgm,rrt,205.935,331.552,506.227,157.698,1761.82,465.911
korytarz1.pgm,rrt,205.935,331.552,506.227,157.698,2098.54,421.948
korytarz1.pgm,rrt,205.935,331.552,506.227,157.698,635.609,426.604
korytarz1.pgm,rrt,205.935,331.552,506.227,157.698,1.531,403.326
korytarz1.pgm,rrt,205.935,331.552,506.227,157.698,300.39,443.882
korytarz1.pgm,rrt,205.935,331.552,506.227,157.698,4286.2,459.71
korytarz1.pgm,rrt,205.935,331.552,506.227,157.698,6579.62,469.538
korytarz1.pgm,rrt,205.935,331.552,506.227,157.698,177.557,400.456
korytarz1.pgm,rrt,205.935,331.552,506.227,157.698,1638.83,458.989
korytarz1.pgm,rrt,205.935,331.552,506.227,157.698,1538.29,433.025
korytarz1.pgm,rrt,205.935,331.552,506.227,157.698,489.614,406.935
korytarz1.pgm,rrt,205.935,331.552,506.227,157.698,462.779,453.455
korytarz1.pgm,rrt,205.935,331.552,506.227,157.698,284.895,444.313
korytarz1.pgm,rrt,205.935,331.552,506.227,157.698,42.446,450.731
korytarz1.pgm,rrt,205.935,331.552,506.227,157.698,229.308,433.601
korytarz1.pgm,rrt,205.935,331.552,506.227,157.698,1948.51,475.528
korytarz1.pgm,rrt,205.935,331.552,506.227,157.698,31.822,422.117
korytarz1.pgm,rrt,205.935,331.552,506.227,157.698,229.338,461.397
korytarz1.pgm,rrt,205.935,331.552,506.227,157.698,562.119,428.491
korytarz1.pgm,rrt,205.935,331.552,506.227,157.698,869.206,428.17
korytarz1.pgm,rrt,205.935,331.552,506.227,157.698,1208.69,414.052
korytarz1.pgm,rrt,205.935,331.552,506.227,157.698,192.847,435.646
korytarz1.pgm,rrt,205.935,331.552,506.227,157.698,337.183,441.451
korytarz1.pgm,rrt,205.935,331.552,506.227,157.698,79.677,452.566
korytarz1.pgm,rrt,205.935,331.552,506.227,157.698,71.007,398.036
korytarz1.pgm,rrt,205.935,331.552,506.227,157.698,446.683,446.792
korytarz1.pgm,rrt,205.935,331.552,506.227,157.698,1622.98,427.077
korytarz1.pgm,rrt,205.935,331.552,506.227,157.698,878.393,436.039
korytarz1.pgm,rrt,205.935,331.552,506.227,157.698,1462.04,464.968
korytarz1.pgm,rrt,205.935,331.552,506.227,157.698,324.503,416.711
korytarz1.pgm,rrt,205.935,331.552,506.227,157.698,101.311,439.01
korytarz1.pgm,rrt,205.935,331.552,506.227,157.698,170.062,417.731
korytarz1.pgm,rrt,205.935,331.552,506.227,157.698,1306.61,421.676
korytarz1.pgm,rrt,205.935,331.552,506.227,157.698,138.959,457.592
korytarz1.pgm,rrt,205.935,331.552,506.227,157.698,810.439,451.838
korytarz1.pgm,rrt,205.935,331.552,506.227,157.698,128.734,436.632
korytarz1.pgm,rrt,205.935,331.552,506.227,157.698,290.965,453.439
korytarz1.pgm,rrt,205.935,331.552,506.227,157.698,644.003,457.83
korytarz1.pgm,rrt,205.935,331.552,506.227,157.698,510.067,441.073
korytarz1.pgm,rrt,205.935,331.552,506.227,157.698,2577.81,469.458
korytarz1.pgm,rrt,205.935,331.552,506.227,157.698,1431.97,456.875
korytarz1.pgm,rrt,205.935,331.552,506.227,157.698,669.779,473.888
korytarz1.pgm,rrt,205.935,331.552,506.227,157.698,507.45,434.846
korytarz1.pgm,rrt,205.935,331.552,506.227,157.698,1013.85,420.719
korytarz1.pgm,rrt,205.935,331.552,506.227,157.698,3160.81,404.701
korytarz1.pgm,rrt,205.935,331.552,506.227,157.698,2091.66,504.465
korytarz1.pgm,rrt,205.935,331.552,506.227,157.698,7170.38,452.807
korytarz1.pgm,rrt,205.935,331.552,506.227,157.698,59.361,407.146
korytarz1.pgm,rrt,205.935,331.552,506.227,157.698,15631.3,432.942
korytarz1.pgm,rrt,205.935,331.552,506.227,157.698,136.622,479.238
korytarz1.pgm,rrt,205.935,331.552,506.227,157.698,1223.44,461.617
korytarz1.pgm,rrt,205.935,331.552,506.227,157.698,1069.5,467.248
korytarz1.pgm,rrt,205.935,331.552,506.227,157.698,2910.27,411.881
korytarz1.pgm,rrt,205.935,331.552,506.227,157.698,61.529,440.331
korytarz1.pgm,rrt,205.935,331.552,506.227,157.698,20.363,419.686
korytarz1.pgm,rrt,205.935,331.552,506.227,157.698,94.009,485.538
korytarz1.pgm,rrt,205.935,331.552,506.227,157.698,23.191,449.338
korytarz1.pgm,rrt,205.935,331.552,506.227,157.698,24.984,420.766
korytarz1.pgm,rrt,205.935,331.552,506.227,157.698,7.322,441.304
korytarz1.pgm,rrt,205.935,331.552,506.227,157.698,3289.14,447.27
korytarz1.pgm,rrt,205.935,331.552,506.227,157.698,3415.84,445.953
korytarz1.pgm,rrt,205.935,331.552,506.227,157.698,2246.97,411.504
korytarz1.pgm,rrt,205.935,331.552,506.227,157.698,17782.2,451.098
korytarz1.pgm,rrt,205.935,331.552,506.227,157.698,67.495,466.418
korytarz1.pgm,rrt,205.935,331.552,506.227,157.698,214.644,423.032
korytarz1.pgm,rrt,205.935,331.552,506.227,157.698,117.239,396.853
korytarz1.pgm,rrt,205.935,331.552,506.227,157.698,374.956,460.515
korytarz1.pgm,rrt,205.935,331.552,506.227,157.698,363.368,454.668
korytarz1.pgm,rrt,205.935,331.552,506.227,157.698,7568.29,456.838
korytarz1.pgm,rrt,205.935,331.552,506.227,157.698,6242.04,446.636
korytarz1.pgm,rrt,205.935,331.552,506.227,157.698,675.471,431.29


korytarz1.pgm,rrt,281.095,269.638,393.121,220.771,291.544,187.923
korytarz1.pgm,rrt,281.095,269.638,393.121,220.771,269.221,187.204
korytarz1.pgm,rrt,281.095,269.638,393.121,220.771,148.3,167.258
korytarz1.pgm,rrt,281.095,269.638,393.121,220.771,1.366,174.343
korytarz1.pgm,rrt,281.095,269.638,393.121,220.771,0.881,166.608
korytarz1.pgm,rrt,281.095,269.638,393.121,220.771,266.462,202.033
korytarz1.pgm,rrt,281.095,269.638,393.121,220.771,496.743,204.252
korytarz1.pgm,rrt,281.095,269.638,393.121,220.771,1008.2,166.301
korytarz1.pgm,rrt,281.095,269.638,393.121,220.771,90.215,180.71
korytarz1.pgm,rrt,281.095,269.638,393.121,220.771,19.572,163.985
korytarz1.pgm,rrt,281.095,269.638,393.121,220.771,896.365,180.365
korytarz1.pgm,rrt,281.095,269.638,393.121,220.771,2.026,166.45
korytarz1.pgm,rrt,281.095,269.638,393.121,220.771,1894.5,168.018
korytarz1.pgm,rrt,281.095,269.638,393.121,220.771,1006.96,198.351
korytarz1.pgm,rrt,281.095,269.638,393.121,220.771,12.294,178.905
korytarz1.pgm,rrt,281.095,269.638,393.121,220.771,1244.35,211.826
korytarz1.pgm,rrt,281.095,269.638,393.121,220.771,71.325,148.351
korytarz1.pgm,rrt,281.095,269.638,393.121,220.771,824.711,185.076
korytarz1.pgm,rrt,281.095,269.638,393.121,220.771,0.549,152.897
korytarz1.pgm,rrt,281.095,269.638,393.121,220.771,43.937,181.174
korytarz1.pgm,rrt,281.095,269.638,393.121,220.771,1.344,160.076
korytarz1.pgm,rrt,281.095,269.638,393.121,220.771,2.728,183.784
korytarz1.pgm,rrt,281.095,269.638,393.121,220.771,21.806,187.698
korytarz1.pgm,rrt,281.095,269.638,393.121,220.771,0.182,156.276
korytarz1.pgm,rrt,281.095,269.638,393.121,220.771,0.315,164.161
korytarz1.pgm,rrt,281.095,269.638,393.121,220.771,0.577,160.247
korytarz1.pgm,rrt,281.095,269.638,393.121,220.771,23.434,177.942
korytarz1.pgm,rrt,281.095,269.638,393.121,220.771,1174.88,181.119
korytarz1.pgm,rrt,281.095,269.638,393.121,220.771,243.77,191.963
korytarz1.pgm,rrt,281.095,269.638,393.121,220.771,2.267,161.123
korytarz1.pgm,rrt,281.095,269.638,393.121,220.771,123.93,173.553
korytarz1.pgm,rrt,281.095,269.638,393.121,220.771,627.639,200.86
korytarz1.pgm,rrt,281.095,269.638,393.121,220.771,1.714,155.528
korytarz1.pgm,rrt,281.095,269.638,393.121,220.771,125.144,176.966
korytarz1.pgm,rrt,281.095,269.638,393.121,220.771,134.844,196.102
korytarz1.pgm,rrt,281.095,269.638,393.121,220.771,2.851,186.083
korytarz1.pgm,rrt,281.095,269.638,393.121,220.771,5.967,190.288
korytarz1.pgm,rrt,281.095,269.638,393.121,220.771,15.608,180.027
korytarz1.pgm,rrt,281.095,269.638,393.121,220.771,1176.69,195.971
korytarz1.pgm,rrt,281.095,269.638,393.121,220.771,30.56,175.187
korytarz1.pgm,rrt,281.095,269.638,393.121,220.771,4019.95,166.653
korytarz1.pgm,rrt,281.095,269.638,393.121,220.771,2038.78,155.358
korytarz1.pgm,rrt,281.095,269.638,393.121,220.771,191.362,167.976
korytarz1.pgm,rrt,281.095,269.638,393.121,220.771,12.548,184.293
korytarz1.pgm,rrt,281.095,269.638,393.121,220.771,100.496,195.974
korytarz1.pgm,rrt,281.095,269.638,393.121,220.771,0.454,152.568
korytarz1.pgm,rrt,281.095,269.638,393.121,220.771,243.061,173.034
korytarz1.pgm,rrt,281.095,269.638,393.121,220.771,0.648,173.557
korytarz1.pgm,rrt,281.095,269.638,393.121,220.771,3775.76,183.447
korytarz1.pgm,rrt,281.095,269.638,393.121,220.771,295.594,163.626
korytarz1.pgm,rrt,281.095,269.638,393.121,220.771,6.646,171.404
korytarz1.pgm,rrt,281.095,269.638,393.121,220.771,0.555,153.804
korytarz1.pgm,rrt,281.095,269.638,393.121,220.771,0.138,156.095
korytarz1.pgm,rrt,281.095,269.638,393.121,220.771,0.153,150.963
korytarz1.pgm,rrt,281.095,269.638,393.121,220.771,0.342,163.074
korytarz1.pgm,rrt,281.095,269.638,393.121,220.771,44.762,178.79
korytarz1.pgm,rrt,281.095,269.638,393.121,220.771,43.501,172.161
korytarz1.pgm,rrt,281.095,269.638,393.121,220.771,1.377,178.134
korytarz1.pgm,rrt,281.095,269.638,393.121,220.771,2.98,185.885
korytarz1.pgm,rrt,281.095,269.638,393.121,220.771,1.624,169.389
korytarz1.pgm,rrt,281.095,269.638,393.121,220.771,0.743,166.095
korytarz1.pgm,rrt,281.095,269.638,393.121,220.771,1.02,165.572
korytarz1.pgm,rrt,281.095,269.638,393.121,220.771,24.267,177.128
korytarz1.pgm,rrt,281.095,269.638,393.121,220.771,2.677,150.866
korytarz1.pgm,rrt,281.095,269.638,393.121,220.771,845.357,156.535
korytarz1.pgm,rrt,281.095,269.638,393.121,220.771,83.559,173.182
korytarz1.pgm,rrt,281.095,269.638,393.121,220.771,76.285,172.197
korytarz1.pgm,rrt,281.095,269.638,393.121,220.771,0.451,173.514
korytarz1.pgm,rrt,281.095,269.638,393.121,220.771,212.534,191.733
korytarz1.pgm,rrt,281.095,269.638,393.121,220.771,950.219,191.706
korytarz1.pgm,rrt,281.095,269.638,393.121,220.771,0.727,166.525
korytarz1.pgm,rrt,281.095,269.638,393.121,220.771,88.835,179.922
korytarz1.pgm,rrt,281.095,269.638,393.121,220.771,51.531,178.218
korytarz1.pgm,rrt,281.095,269.638,393.121,220.771,0.383,150.307
korytarz1.pgm,rrt,281.095,269.638,393.121,220.771,601.56,174.66
korytarz1.pgm,rrt,281.095,269.638,393.121,220.771,11.724,192.048
korytarz1.pgm,rrt,281.095,269.638,393.121,220.771,1481.95,162.648
korytarz1.pgm,rrt,281.095,269.638,393.121,220.771,2.525,182.972
korytarz1.pgm,rrt,281.095,269.638,393.121,220.771,32.157,184.886
korytarz1.pgm,rrt,281.095,269.638,393.121,220.771,1523.91,193.148
korytarz1.pgm,rrt,281.095,269.638,393.121,220.771,6508.04,210.707
korytarz1.pgm,rrt,281.095,269.638,393.121,220.771,169.378,180.588
korytarz1.pgm,rrt,281.095,269.638,393.121,220.771,49.393,180.915
korytarz1.pgm,rrt,281.095,269.638,393.121,220.771,0.592,190.791
korytarz1.pgm,rrt,281.095,269.638,393.121,220.771,398.069,173.784
korytarz1.pgm,rrt,281.095,269.638,393.121,220.771,76.647,181.378
korytarz1.pgm,rrt,281.095,269.638,393.121,220.771,33.345,177.314
korytarz1.pgm,rrt,281.095,269.638,393.121,220.771,19.999,176.044
korytarz1.pgm,rrt,281.095,269.638,393.121,220.771,0.215,150.959
korytarz1.pgm,rrt,281.095,269.638,393.121,220.771,0.93,176.207
korytarz1.pgm,rrt,281.095,269.638,393.121,220.771,2999.3,174.155
korytarz1.pgm,rrt,281.095,269.638,393.121,220.771,370.617,154.166
korytarz1.pgm,rrt,281.095,269.638,393.121,220.771,0.98,158.275
korytarz1.pgm,rrt,281.095,269.638,393.121,220.771,8487.87,203.315
korytarz1.pgm,rrt,281.095,269.638,393.121,220.771,3.908,185.506
korytarz1.pgm,rrt,281.095,269.638,393.121,220.771,98.324,184.949
korytarz1.pgm,rrt,281.095,269.638,393.121,220.771,854.213,173.302
korytarz1.pgm,rrt,281.095,269.638,393.121,220.771,270.24,187.557
korytarz1.pgm,rrt,281.095,269.638,393.121,220.771,15.651,146.003
korytarz1.pgm,rrt,281.095,269.638,393.121,220.771,109.545,179.698


korytarz1.pgm,rrt,277.793,254.32,320.145,492.106,1372.37,402.918
korytarz1.pgm,rrt,277.793,254.32,320.145,492.106,416.643,403.177
korytarz1.pgm,rrt,277.793,254.32,320.145,492.106,1084.26,448.25
korytarz1.pgm,rrt,277.793,254.32,320.145,492.106,465.953,417.548
korytarz1.pgm,rrt,277.793,254.32,320.145,492.106,11.498,438.614
korytarz1.pgm,rrt,277.793,254.32,320.145,492.106,10522.9,471.93
korytarz1.pgm,rrt,277.793,254.32,320.145,492.106,166.434,482.315
korytarz1.pgm,rrt,277.793,254.32,320.145,492.106,13077.9,495.915
korytarz1.pgm,rrt,277.793,254.32,320.145,492.106,4207.86,365.893
korytarz1.pgm,rrt,277.793,254.32,320.145,492.106,1233.81,473.783
korytarz1.pgm,rrt,277.793,254.32,320.145,492.106,286.972,429.708
korytarz1.pgm,rrt,277.793,254.32,320.145,492.106,8301.66,516.057
korytarz1.pgm,rrt,277.793,254.32,320.145,492.106,378.155,423.94
korytarz1.pgm,rrt,277.793,254.32,320.145,492.106,3113.07,417.616
korytarz1.pgm,rrt,277.793,254.32,320.145,492.106,1917.23,486.873
korytarz1.pgm,rrt,277.793,254.32,320.145,492.106,76.08,446.531
korytarz1.pgm,rrt,277.793,254.32,320.145,492.106,91.5,448.128
korytarz1.pgm,rrt,277.793,254.32,320.145,492.106,58.752,441.191
korytarz1.pgm,rrt,277.793,254.32,320.145,492.106,4580.24,397.503
korytarz1.pgm,rrt,277.793,254.32,320.145,492.106,1056.59,401.619
korytarz1.pgm,rrt,277.793,254.32,320.145,492.106,29.831,451.22
korytarz1.pgm,rrt,277.793,254.32,320.145,492.106,11.304,440.298
korytarz1.pgm,rrt,277.793,254.32,320.145,492.106,2412.78,491.82
korytarz1.pgm,rrt,277.793,254.32,320.145,492.106,363.752,490.728
korytarz1.pgm,rrt,277.793,254.32,320.145,492.106,393.476,423.541
korytarz1.pgm,rrt,277.793,254.32,320.145,492.106,572.57,474.211
korytarz1.pgm,rrt,277.793,254.32,320.145,492.106,21.773,434.068
korytarz1.pgm,rrt,277.793,254.32,320.145,492.106,862.144,374.723
korytarz1.pgm,rrt,277.793,254.32,320.145,492.106,2074.34,507.163
korytarz1.pgm,rrt,277.793,254.32,320.145,492.106,261.78,417.086
korytarz1.pgm,rrt,277.793,254.32,320.145,492.106,1189.42,514.186
korytarz1.pgm,rrt,277.793,254.32,320.145,492.106,249.438,473.797
korytarz1.pgm,rrt,277.793,254.32,320.145,492.106,296.364,470.487
korytarz1.pgm,rrt,277.793,254.32,320.145,492.106,166.189,395.07
korytarz1.pgm,rrt,277.793,254.32,320.145,492.106,147.783,420.814
korytarz1.pgm,rrt,277.793,254.32,320.145,492.106,2180.6,383.812
korytarz1.pgm,rrt,277.793,254.32,320.145,492.106,597.793,543.345
korytarz1.pgm,rrt,277.793,254.32,320.145,492.106,1487.69,469.306
korytarz1.pgm,rrt,277.793,254.32,320.145,492.106,856.213,405.824
korytarz1.pgm,rrt,277.793,254.32,320.145,492.106,171.474,416.779
korytarz1.pgm,rrt,277.793,254.32,320.145,492.106,382.78,418.654
korytarz1.pgm,rrt,277.793,254.32,320.145,492.106,935.361,426.315
korytarz1.pgm,rrt,277.793,254.32,320.145,492.106,328.204,480.615
korytarz1.pgm,rrt,277.793,254.32,320.145,492.106,2167.15,547.39
korytarz1.pgm,rrt,277.793,254.32,320.145,492.106,571.969,481.839
korytarz1.pgm,rrt,277.793,254.32,320.145,492.106,357.123,477.241
korytarz1.pgm,rrt,277.793,254.32,320.145,492.106,11833.3,446.823
korytarz1.pgm,rrt,277.793,254.32,320.145,492.106,170.698,432.421
korytarz1.pgm,rrt,277.793,254.32,320.145,492.106,25.456,420.624
korytarz1.pgm,rrt,277.793,254.32,320.145,492.106,363.076,415.996
korytarz1.pgm,rrt,277.793,254.32,320.145,492.106,1511.55,392.194
korytarz1.pgm,rrt,277.793,254.32,320.145,492.106,138.877,435.773
korytarz1.pgm,rrt,277.793,254.32,320.145,492.106,86.329,396.799
korytarz1.pgm,rrt,277.793,254.32,320.145,492.106,239.108,421.925
korytarz1.pgm,rrt,277.793,254.32,320.145,492.106,1751.49,426.777
korytarz1.pgm,rrt,277.793,254.32,320.145,492.106,618.193,412.759
korytarz1.pgm,rrt,277.793,254.32,320.145,492.106,642.34,505.352
korytarz1.pgm,rrt,277.793,254.32,320.145,492.106,9.442,388.922
korytarz1.pgm,rrt,277.793,254.32,320.145,492.106,68.542,468.182
korytarz1.pgm,rrt,277.793,254.32,320.145,492.106,2858.44,517.05
korytarz1.pgm,rrt,277.793,254.32,320.145,492.106,348.13,425.227
korytarz1.pgm,rrt,277.793,254.32,320.145,492.106,4666.47,462.197
korytarz1.pgm,rrt,277.793,254.32,320.145,492.106,3669.59,433.616
korytarz1.pgm,rrt,277.793,254.32,320.145,492.106,1071.27,550.097
korytarz1.pgm,rrt,277.793,254.32,320.145,492.106,346.865,443.104
korytarz1.pgm,rrt,277.793,254.32,320.145,492.106,211.37,472.041
korytarz1.pgm,rrt,277.793,254.32,320.145,492.106,1288.98,413.066
korytarz1.pgm,rrt,277.793,254.32,320.145,492.106,248.684,417.696
korytarz1.pgm,rrt,277.793,254.32,320.145,492.106,1218.54,603.305
korytarz1.pgm,rrt,277.793,254.32,320.145,492.106,1668.74,429.278
korytarz1.pgm,rrt,277.793,254.32,320.145,492.106,1697.72,406.123
korytarz1.pgm,rrt,277.793,254.32,320.145,492.106,3870.41,427.197
korytarz1.pgm,rrt,277.793,254.32,320.145,492.106,439.584,489.322
korytarz1.pgm,rrt,277.793,254.32,320.145,492.106,2367.92,420.294
korytarz1.pgm,rrt,277.793,254.32,320.145,492.106,1768.81,482.981
korytarz1.pgm,rrt,277.793,254.32,320.145,492.106,4407.91,404.643
korytarz1.pgm,rrt,277.793,254.32,320.145,492.106,26.222,422.809
korytarz1.pgm,rrt,277.793,254.32,320.145,492.106,208.145,389.447
korytarz1.pgm,rrt,277.793,254.32,320.145,492.106,3418.95,504.355
korytarz1.pgm,rrt,277.793,254.32,320.145,492.106,839.661,452.742
korytarz1.pgm,rrt,277.793,254.32,320.145,492.106,478.662,464.36
korytarz1.pgm,rrt,277.793,254.32,320.145,492.106,1246.05,439.335
korytarz1.pgm,rrt,277.793,254.32,320.145,492.106,567.809,481.471
korytarz1.pgm,rrt,277.793,254.32,320.145,492.106,575.131,432.401
korytarz1.pgm,rrt,277.793,254.32,320.145,492.106,3903.37,429.834
korytarz1.pgm,rrt,277.793,254.32,320.145,492.106,2742.28,476.054
korytarz1.pgm,rrt,277.793,254.32,320.145,492.106,4537.64,463.446
korytarz1.pgm,rrt,277.793,254.32,320.145,492.106,546.97,445.309
korytarz1.pgm,rrt,277.793,254.32,320.145,492.106,1744.88,508.383
korytarz1.pgm,rrt,277.793,254.32,320.145,492.106,6288.66,433.03
korytarz1.pgm,rrt,277.793,254.32,320.145,492.106,1026.52,388.075
korytarz1.pgm,rrt,277.793,254.32,320.145,492.106,689.922,454.424
korytarz1.pgm,rrt,277.793,254.32,320.145,492.106,299.618,380.845
korytarz1.pgm,rrt,277.793,254.32,320.145,492.106,1333.87,335.257
korytarz1.pgm,rrt,277.793,254.32,320.145,492.106,1009.63,412.561
korytarz1.pgm,rrt,277.793,254.32,320.145,492.106,4070.44,569.4
korytarz1.pgm,rrt,277.793,254.32,320.145,492.106,72.131,422.939
korytarz1.pgm,rrt,277.793,254.32,320.145,492.106,210.5,398.519
korytarz1.pgm,rrt,277.793,254.32,320.145,492.106,20782.9,414.86
korytarz1.pgm,rrt,277.793,254.32,320.145,492.106,95.975,434.26


korytarz1.pgm,rrt,477.427,201.88,340.739,282.088,1795.26,199.263
korytarz1.pgm,rrt,477.427,201.88,340.739,282.088,4.377,204.289
korytarz1.pgm,rrt,477.427,201.88,340.739,282.088,0.558,184.821
korytarz1.pgm,rrt,477.427,201.88,340.739,282.088,1724.97,219.107
korytarz1.pgm,rrt,477.427,201.88,340.739,282.088,1045.64,227.312
korytarz1.pgm,rrt,477.427,201.88,340.739,282.088,7504.06,187.006
korytarz1.pgm,rrt,477.427,201.88,340.739,282.088,713.659,213.78
korytarz1.pgm,rrt,477.427,201.88,340.739,282.088,0.877,205.974
korytarz1.pgm,rrt,477.427,201.88,340.739,282.088,0.247,190.552
korytarz1.pgm,rrt,477.427,201.88,340.739,282.088,608.513,209.155
korytarz1.pgm,rrt,477.427,201.88,340.739,282.088,23.834,217.999
korytarz1.pgm,rrt,477.427,201.88,340.739,282.088,80.618,216.871
korytarz1.pgm,rrt,477.427,201.88,340.739,282.088,1.195,235.659
korytarz1.pgm,rrt,477.427,201.88,340.739,282.088,0.62,214.676
korytarz1.pgm,rrt,477.427,201.88,340.739,282.088,1.592,216.076
korytarz1.pgm,rrt,477.427,201.88,340.739,282.088,519.451,225.239
korytarz1.pgm,rrt,477.427,201.88,340.739,282.088,819.418,198.042
korytarz1.pgm,rrt,477.427,201.88,340.739,282.088,10247.5,229.618
korytarz1.pgm,rrt,477.427,201.88,340.739,282.088,5664.18,239.149
korytarz1.pgm,rrt,477.427,201.88,340.739,282.088,20.083,210.87
korytarz1.pgm,rrt,477.427,201.88,340.739,282.088,2382.27,189.107
korytarz1.pgm,rrt,477.427,201.88,340.739,282.088,1.215,204.121
korytarz1.pgm,rrt,477.427,201.88,340.739,282.088,179.734,199.063
korytarz1.pgm,rrt,477.427,201.88,340.739,282.088,0.713,227.197
korytarz1.pgm,rrt,477.427,201.88,340.739,282.088,237.579,228.947
korytarz1.pgm,rrt,477.427,201.88,340.739,282.088,0.515,261.183
korytarz1.pgm,rrt,477.427,201.88,340.739,282.088,0.558,200.756
korytarz1.pgm,rrt,477.427,201.88,340.739,282.088,8.952,178.788
korytarz1.pgm,rrt,477.427,201.88,340.739,282.088,36.282,230.644
korytarz1.pgm,rrt,477.427,201.88,340.739,282.088,115.388,218.229
korytarz1.pgm,rrt,477.427,201.88,340.739,282.088,234.856,202.252
korytarz1.pgm,rrt,477.427,201.88,340.739,282.088,2607.69,211.47
korytarz1.pgm,rrt,477.427,201.88,340.739,282.088,2.245,194.862
korytarz1.pgm,rrt,477.427,201.88,340.739,282.088,0.195,182.113
korytarz1.pgm,rrt,477.427,201.88,340.739,282.088,1549.45,222.613
korytarz1.pgm,rrt,477.427,201.88,340.739,282.088,1410.87,204.635
korytarz1.pgm,rrt,477.427,201.88,340.739,282.088,514.836,205.305
korytarz1.pgm,rrt,477.427,201.88,340.739,282.088,1.745,214.695
korytarz1.pgm,rrt,477.427,201.88,340.739,282.088,836.429,204.06
korytarz1.pgm,rrt,477.427,201.88,340.739,282.088,4789.39,221.526
korytarz1.pgm,rrt,477.427,201.88,340.739,282.088,207.318,201.683
korytarz1.pgm,rrt,477.427,201.88,340.739,282.088,93.237,243.91
korytarz1.pgm,rrt,477.427,201.88,340.739,282.088,23.805,188.949
korytarz1.pgm,rrt,477.427,201.88,340.739,282.088,4.251,217.149
korytarz1.pgm,rrt,477.427,201.88,340.739,282.088,8562.67,222.234
korytarz1.pgm,rrt,477.427,201.88,340.739,282.088,5.663,213.691
korytarz1.pgm,rrt,477.427,201.88,340.739,282.088,1045.6,211.399
korytarz1.pgm,rrt,477.427,201.88,340.739,282.088,294.366,199.95
korytarz1.pgm,rrt,477.427,201.88,340.739,282.088,345.622,218.597
korytarz1.pgm,rrt,477.427,201.88,340.739,282.088,0.722,192.87
korytarz1.pgm,rrt,477.427,201.88,340.739,282.088,3961.68,205.558
korytarz1.pgm,rrt,477.427,201.88,340.739,282.088,2.786,184.249
korytarz1.pgm,rrt,477.427,201.88,340.739,282.088,182.295,200.393
korytarz1.pgm,rrt,477.427,201.88,340.739,282.088,4289.48,220.601
korytarz1.pgm,rrt,477.427,201.88,340.739,282.088,5.847,220.044
korytarz1.pgm,rrt,477.427,201.88,340.739,282.088,3.887,211.01
korytarz1.pgm,rrt,477.427,201.88,340.739,282.088,24400.4,209.15
korytarz1.pgm,rrt,477.427,201.88,340.739,282.088,18.169,221.121
korytarz1.pgm,rrt,477.427,201.88,340.739,282.088,81.883,234.933
korytarz1.pgm,rrt,477.427,201.88,340.739,282.088,7552.5,259.631
korytarz1.pgm,rrt,477.427,201.88,340.739,282.088,5206.31,254.731
korytarz1.pgm,rrt,477.427,201.88,340.739,282.088,6.337,196.895
korytarz1.pgm,rrt,477.427,201.88,340.739,282.088,114.838,229.8
korytarz1.pgm,rrt,477.427,201.88,340.739,282.088,0.368,197.232
korytarz1.pgm,rrt,477.427,201.88,340.739,282.088,3.079,210.25
korytarz1.pgm,rrt,477.427,201.88,340.739,282.088,9.918,211.528
korytarz1.pgm,rrt,477.427,201.88,340.739,282.088,38.274,219.537
korytarz1.pgm,rrt,477.427,201.88,340.739,282.088,0.345,184.51
korytarz1.pgm,rrt,477.427,201.88,340.739,282.088,0.397,177.063
korytarz1.pgm,rrt,477.427,201.88,340.739,282.088,0.207,181.082
korytarz1.pgm,rrt,477.427,201.88,340.739,282.088,87.201,206.252
korytarz1.pgm,rrt,477.427,201.88,340.739,282.088,2.668,227.617
korytarz1.pgm,rrt,477.427,201.88,340.739,282.088,11.102,203.516
korytarz1.pgm,rrt,477.427,201.88,340.739,282.088,21.556,198.533
korytarz1.pgm,rrt,477.427,201.88,340.739,282.088,32.42,221.831
korytarz1.pgm,rrt,477.427,201.88,340.739,282.088,2.537,209.103
korytarz1.pgm,rrt,477.427,201.88,340.739,282.088,0.604,204.354
korytarz1.pgm,rrt,477.427,201.88,340.739,282.088,0.231,184.698
korytarz1.pgm,rrt,477.427,201.88,340.739,282.088,2931.96,196.03
korytarz1.pgm,rrt,477.427,201.88,340.739,282.088,2557.13,232.188
korytarz1.pgm,rrt,477.427,201.88,340.739,282.088,17075.5,231.623
korytarz1.pgm,rrt,477.427,201.88,340.739,282.088,5.043,208.71
korytarz1.pgm,rrt,477.427,201.88,340.739,282.088,35.56,186.316
korytarz1.pgm,rrt,477.427,201.88,340.739,282.088,9005.62,230.732
korytarz1.pgm,rrt,477.427,201.88,340.739,282.088,63024.4,201.408
korytarz1.pgm,rrt,477.427,201.88,340.739,282.088,3.487,224.921
korytarz1.pgm,rrt,477.427,201.88,340.739,282.088,558.959,258.826
korytarz1.pgm,rrt,477.427,201.88,340.739,282.088,6511.73,189.36
korytarz1.pgm,rrt,477.427,201.88,340.739,282.088,37.765,201.968
korytarz1.pgm,rrt,477.427,201.88,340.739,282.088,0.517,198.845
korytarz1.pgm,rrt,477.427,201.88,340.739,282.088,18971.5,204.228
korytarz1.pgm,rrt,477.427,201.88,340.739,282.088,323.089,216.364
korytarz1.pgm,rrt,477.427,201.88,340.739,282.088,228.034,221.35
korytarz1.pgm,rrt,477.427,201.88,340.739,282.088,340.478,264.772
korytarz1.pgm,rrt,477.427,201.88,340.739,282.088,1648.02,212.983
korytarz1.pgm,rrt,477.427,201.88,340.739,282.088,16408.4,246.846
korytarz1.pgm,rrt,477.427,201.88,340.739,282.088,681.156,182.054
korytarz1.pgm,rrt,477.427,201.88,340.739,282.088,27.169,206.926
korytarz1.pgm,rrt,477.427,201.88,340.739,282.088,16788.2,224.518
korytarz1.pgm,rrt,477.427,201.88,340.739,282.088,9827.71,230.819


korytarz2.pgm,rrt,436.477,371.604,197.589,192.953,2270.26,678.23
korytarz2.pgm,rrt,436.477,371.604,197.589,192.953,903.802,745.648
korytarz2.pgm,rrt,436.477,371.604,197.589,192.953,2697.86,647.734
korytarz2.pgm,rrt,436.477,371.604,197.589,192.953,426.045,539.582
korytarz2.pgm,rrt,436.477,371.604,197.589,192.953,2334.33,479.65
korytarz2.pgm,rrt,436.477,371.604,197.589,192.953,2030.91,712.506
korytarz2.pgm,rrt,436.477,371.604,197.589,192.953,2415.05,585.781
korytarz2.pgm,rrt,436.477,371.604,197.589,192.953,3043.98,635.3
korytarz2.pgm,rrt,436.477,371.604,197.589,192.953,2502.91,610.74
korytarz2.pgm,rrt,436.477,371.604,197.589,192.953,57.528,511.221
korytarz2.pgm,rrt,436.477,371.604,197.589,192.953,70.377,553.561
korytarz2.pgm,rrt,436.477,371.604,197.589,192.953,7498.78,645.597
korytarz2.pgm,rrt,436.477,371.604,197.589,192.953,470.902,573.675
korytarz2.pgm,rrt,436.477,371.604,197.589,192.953,82.218,498.167
korytarz2.pgm,rrt,436.477,371.604,197.589,192.953,1204.67,629.432
korytarz2.pgm,rrt,436.477,371.604,197.589,192.953,105.981,556.729
korytarz2.pgm,rrt,436.477,371.604,197.589,192.953,5097.33,720.653
korytarz2.pgm,rrt,436.477,371.604,197.589,192.953,4825.89,719.326
korytarz2.pgm,rrt,436.477,371.604,197.589,192.953,106.675,537.849
korytarz2.pgm,rrt,436.477,371.604,197.589,192.953,183.577,616.322
korytarz2.pgm,rrt,436.477,371.604,197.589,192.953,28.288,513.731
korytarz2.pgm,rrt,436.477,371.604,197.589,192.953,2323.47,571.032
korytarz2.pgm,rrt,436.477,371.604,197.589,192.953,4371.44,669.412
korytarz2.pgm,rrt,436.477,371.604,197.589,192.953,720.882,577.357
korytarz2.pgm,rrt,436.477,371.604,197.589,192.953,444.539,537.045
korytarz2.pgm,rrt,436.477,371.604,197.589,192.953,2451.94,560.619
korytarz2.pgm,rrt,436.477,371.604,197.589,192.953,158.477,549.151
korytarz2.pgm,rrt,436.477,371.604,197.589,192.953,5053.22,584.645
korytarz2.pgm,rrt,436.477,371.604,197.589,192.953,89.496,480.297
korytarz2.pgm,rrt,436.477,371.604,197.589,192.953,1036.71,640.196
korytarz2.pgm,rrt,436.477,371.604,197.589,192.953,185.026,660.368
korytarz2.pgm,rrt,436.477,371.604,197.589,192.953,3167.01,938.443
korytarz2.pgm,rrt,436.477,371.604,197.589,192.953,5953.6,757.351
korytarz2.pgm,rrt,436.477,371.604,197.589,192.953,200.76,646.364
korytarz2.pgm,rrt,436.477,371.604,197.589,192.953,4012.37,793.725
korytarz2.pgm,rrt,436.477,371.604,197.589,192.953,529.585,660.941
korytarz2.pgm,rrt,436.477,371.604,197.589,192.953,420.686,501.403
korytarz2.pgm,rrt,436.477,371.604,197.589,192.953,3287.9,562.145
korytarz2.pgm,rrt,436.477,371.604,197.589,192.953,859.751,661.759
korytarz2.pgm,rrt,436.477,371.604,197.589,192.953,1535.7,516.725
korytarz2.pgm,rrt,436.477,371.604,197.589,192.953,3963.22,557.428
korytarz2.pgm,rrt,436.477,371.604,197.589,192.953,640.325,603.094
korytarz2.pgm,rrt,436.477,371.604,197.589,192.953,4852.33,501.64
korytarz2.pgm,rrt,436.477,371.604,197.589,192.953,3056.74,673.453
korytarz2.pgm,rrt,436.477,371.604,197.589,192.953,2745.36,612.883
korytarz2.pgm,rrt,436.477,371.604,197.589,192.953,4861.62,588.149
korytarz2.pgm,rrt,436.477,371.604,197.589,192.953,831.113,635.934
korytarz2.pgm,rrt,436.477,371.604,197.589,192.953,1381.13,605.139
korytarz2.pgm,rrt,436.477,371.604,197.589,192.953,7367.5,535.84
korytarz2.pgm,rrt,436.477,371.604,197.589,192.953,8434.07,485.589
korytarz2.pgm,rrt,436.477,371.604,197.589,192.953,3175.56,744.383
korytarz2.pgm,rrt,436.477,371.604,197.589,192.953,336.133,627.262
korytarz2.pgm,rrt,436.477,371.604,197.589,192.953,746.753,684.778
korytarz2.pgm,rrt,436.477,371.604,197.589,192.953,2349.16,627.242
korytarz2.pgm,rrt,436.477,371.604,197.589,192.953,583.912,652.57
korytarz2.pgm,rrt,436.477,371.604,197.589,192.953,710.587,660.745
korytarz2.pgm,rrt,436.477,371.604,197.589,192.953,3737.19,624.442
korytarz2.pgm,rrt,436.477,371.604,197.589,192.953,1628.06,880.594
korytarz2.pgm,rrt,436.477,371.604,197.589,192.953,2965.23,700.212
korytarz2.pgm,rrt,436.477,371.604,197.589,192.953,436.23,504.293
korytarz2.pgm,rrt,436.477,371.604,197.589,192.953,368.392,699.575
korytarz2.pgm,rrt,436.477,371.604,197.589,192.953,509.293,609.573
korytarz2.pgm,rrt,436.477,371.604,197.589,192.953,515.482,668.741
korytarz2.pgm,rrt,436.477,371.604,197.589,192.953,1296.6,714.881
korytarz2.pgm,rrt,436.477,371.604,197.589,192.953,803.359,515.432
korytarz2.pgm,rrt,436.477,371.604,197.589,192.953,1001.5,524.541
korytarz2.pgm,rrt,436.477,371.604,197.589,192.953,4596.4,761.896
korytarz2.pgm,rrt,436.477,371.604,197.589,192.953,292.446,480.548
korytarz2.pgm,rrt,436.477,371.604,197.589,192.953,4887.66,498.803
korytarz2.pgm,rrt,436.477,371.604,197.589,192.953,1257.44,615.901
korytarz2.pgm,rrt,436.477,371.604,197.589,192.953,8271.52,862.805
korytarz2.pgm,rrt,436.477,371.604,197.589,192.953,575.75,526.923
korytarz2.pgm,rrt,436.477,371.604,197.589,192.953,2285.11,699.012
korytarz2.pgm,rrt,436.477,371.604,197.589,192.953,798.586,443.325
korytarz2.pgm,rrt,436.477,371.604,197.589,192.953,2152.09,611.339
korytarz2.pgm,rrt,436.477,371.604,197.589,192.953,2753.45,598.838
korytarz2.pgm,rrt,436.477,371.604,197.589,192.953,451.752,713.959
korytarz2.pgm,rrt,436.477,371.604,197.589,192.953,2758.2,698.432
korytarz2.pgm,rrt,436.477,371.604,197.589,192.953,2251.45,546.296
korytarz2.pgm,rrt,436.477,371.604,197.589,192.953,5290.54,455.766
korytarz2.pgm,rrt,436.477,371.604,197.589,192.953,4338.05,651.812
korytarz2.pgm,rrt,436.477,371.604,197.589,192.953,2341.07,616.509
korytarz2.pgm,rrt,436.477,371.604,197.589,192.953,3130.77,592.127
korytarz2.pgm,rrt,436.477,371.604,197.589,192.953,10446,582.211
korytarz2.pgm,rrt,436.477,371.604,197.589,192.953,6420.42,572.937
korytarz2.pgm,rrt,436.477,371.604,197.589,192.953,2678.28,491.417
korytarz2.pgm,rrt,436.477,371.604,197.589,192.953,2053.07,564.213
korytarz2.pgm,rrt,436.477,371.604,197.589,192.953,2264.07,576.895
korytarz2.pgm,rrt,436.477,371.604,197.589,192.953,1002.6,644.226
korytarz2.pgm,rrt,436.477,371.604,197.589,192.953,678.084,662.334
korytarz2.pgm,rrt,436.477,371.604,197.589,192.953,790.215,673.718
korytarz2.pgm,rrt,436.477,371.604,197.589,192.953,3557.48,623.52
korytarz2.pgm,rrt,436.477,371.604,197.589,192.953,1561.97,602.924
korytarz2.pgm,rrt,436.477,371.604,197.589,192.953,3378.13,671.018
korytarz2.pgm,rrt,436.477,371.604,197.589,192.953,483.005,463.68
korytarz2.pgm,rrt,436.477,371.604,197.589,192.953,2462.84,717.507
korytarz2.pgm,rrt,436.477,371.604,197.589,192.953,864.774,521.443
korytarz2.pgm,rrt,436.477,371.604,197.589,192.953,3436.03,686.965
korytarz2.pgm,rrt,436.477,371.604,197.589,192.953,407.004,626.089
korytarz2.pgm,rrt,436.477,371.604,197.589,192.953,736.363,537.891


korytarz2.pgm,rrt,362.583,223.582,204.179,255.2,257.674,240.127
korytarz2.pgm,rrt,362.583,223.582,204.179,255.2,286.791,270.651
korytarz2.pgm,rrt,362.583,223.582,204.179,255.2,6.07,261.301
korytarz2.pgm,rrt,362.583,223.582,204.179,255.2,299.133,274.959
korytarz2.pgm,rrt,362.583,223.582,204.179,255.2,66.539,225.353
korytarz2.pgm,rrt,362.583,223.582,204.179,255.2,33.541,246.636
korytarz2.pgm,rrt,362.583,223.582,204.179,255.2,5.947,264.346
korytarz2.pgm,rrt,362.583,223.582,204.179,255.2,4.681,252.126
korytarz2.pgm,rrt,362.583,223.582,204.179,255.2,98.053,349.446
korytarz2.pgm,rrt,362.583,223.582,204.179,255.2,76.712,268.889
korytarz2.pgm,rrt,362.583,223.582,204.179,255.2,529.402,249.595
korytarz2.pgm,rrt,362.583,223.582,204.179,255.2,437.274,347.592
korytarz2.pgm,rrt,362.583,223.582,204.179,255.2,264.738,246.168
korytarz2.pgm,rrt,362.583,223.582,204.179,255.2,90.253,274.22
korytarz2.pgm,rrt,362.583,223.582,204.179,255.2,45.221,329.575
korytarz2.pgm,rrt,362.583,223.582,204.179,255.2,156.357,274.075
korytarz2.pgm,rrt,362.583,223.582,204.179,255.2,883.725,226.198
korytarz2.pgm,rrt,362.583,223.582,204.179,255.2,240.194,239.033
korytarz2.pgm,rrt,362.583,223.582,204.179,255.2,126.163,267.033
korytarz2.pgm,rrt,362.583,223.582,204.179,255.2,841.724,343.749
korytarz2.pgm,rrt,362.583,223.582,204.179,255.2,186.395,239.401
korytarz2.pgm,rrt,362.583,223.582,204.179,255.2,106.716,219.942
korytarz2.pgm,rrt,362.583,223.582,204.179,255.2,475.51,326.575
korytarz2.pgm,rrt,362.583,223.582,204.179,255.2,143.388,346.286
korytarz2.pgm,rrt,362.583,223.582,204.179,255.2,96.664,315.006
korytarz2.pgm,rrt,362.583,223.582,204.179,255.2,27.323,354.576
korytarz2.pgm,rrt,362.583,223.582,204.179,255.2,1535.73,222.791
korytarz2.pgm,rrt,362.583,223.582,204.179,255.2,1243.66,271.476
korytarz2.pgm,rrt,362.583,223.582,204.179,255.2,8.729,290.608
korytarz2.pgm,rrt,362.583,223.582,204.179,255.2,609.221,261.738
korytarz2.pgm,rrt,362.583,223.582,204.179,255.2,405.957,238.218
korytarz2.pgm,rrt,362.583,223.582,204.179,255.2,36.459,305.118
korytarz2.pgm,rrt,362.583,223.582,204.179,255.2,26.085,301.255
korytarz2.pgm,rrt,362.583,223.582,204.179,255.2,77.577,244.392
korytarz2.pgm,rrt,362.583,223.582,204.179,255.2,24.591,272.483
korytarz2.pgm,rrt,362.583,223.582,204.179,255.2,2545.87,305.628
korytarz2.pgm,rrt,362.583,223.582,204.179,255.2,147.01,238.633
korytarz2.pgm,rrt,362.583,223.582,204.179,255.2,1005.43,367.777
korytarz2.pgm,rrt,362.583,223.582,204.179,255.2,264.425,252.433
korytarz2.pgm,rrt,362.583,223.582,204.179,255.2,726.847,248.129
korytarz2.pgm,rrt,362.583,223.582,204.179,255.2,932.87,331.591
korytarz2.pgm,rrt,362.583,223.582,204.179,255.2,22.456,238.426
korytarz2.pgm,rrt,362.583,223.582,204.179,255.2,2.032,367.632
korytarz2.pgm,rrt,362.583,223.582,204.179,255.2,789.823,315.286
korytarz2.pgm,rrt,362.583,223.582,204.179,255.2,257.194,231.932
korytarz2.pgm,rrt,362.583,223.582,204.179,255.2,559.09,257.453
korytarz2.pgm,rrt,362.583,223.582,204.179,255.2,10.985,268.887
korytarz2.pgm,rrt,362.583,223.582,204.179,255.2,208.673,346.732
korytarz2.pgm,rrt,362.583,223.582,204.179,255.2,156.92,368.926
korytarz2.pgm,rrt,362.583,223.582,204.179,255.2,15.421,282.187
korytarz2.pgm,rrt,362.583,223.582,204.179,255.2,14.264,295.714
korytarz2.pgm,rrt,362.583,223.582,204.179,255.2,2.398,321.952
korytarz2.pgm,rrt,362.583,223.582,204.179,255.2,3.722,266.236
korytarz2.pgm,rrt,362.583,223.582,204.179,255.2,33.528,211.556
korytarz2.pgm,rrt,362.583,223.582,204.179,255.2,137.264,254.973
korytarz2.pgm,rrt,362.583,223.582,204.179,255.2,14.392,269.368
korytarz2.pgm,rrt,362.583,223.582,204.179,255.2,54.132,215.948
korytarz2.pgm,rrt,362.583,223.582,204.179,255.2,1.321,231.213
korytarz2.pgm,rrt,362.583,223.582,204.179,255.2,134.866,313.277
korytarz2.pgm,rrt,362.583,223.582,204.179,255.2,713.108,768.438
korytarz2.pgm,rrt,362.583,223.582,204.179,255.2,78.025,268.441
korytarz2.pgm,rrt,362.583,223.582,204.179,255.2,34.935,220.451
korytarz2.pgm,rrt,362.583,223.582,204.179,255.2,388.642,477.517
korytarz2.pgm,rrt,362.583,223.582,204.179,255.2,410.661,222.665
korytarz2.pgm,rrt,362.583,223.582,204.179,255.2,4.127,240.654
korytarz2.pgm,rrt,362.583,223.582,204.179,255.2,31.233,268.741
korytarz2.pgm,rrt,362.583,223.582,204.179,255.2,371.331,218.221
korytarz2.pgm,rrt,362.583,223.582,204.179,255.2,758.268,302.832
korytarz2.pgm,rrt,362.583,223.582,204.179,255.2,7.722,249.176
korytarz2.pgm,rrt,362.583,223.582,204.179,255.2,0.88,232.863
korytarz2.pgm,rrt,362.583,223.582,204.179,255.2,1712.51,291.805
korytarz2.pgm,rrt,362.583,223.582,204.179,255.2,368.446,269.512
korytarz2.pgm,rrt,362.583,223.582,204.179,255.2,1044.58,183.66
korytarz2.pgm,rrt,362.583,223.582,204.179,255.2,593.396,320.298
korytarz2.pgm,rrt,362.583,223.582,204.179,255.2,76.712,251.06
korytarz2.pgm,rrt,362.583,223.582,204.179,255.2,2758.56,295.818
korytarz2.pgm,rrt,362.583,223.582,204.179,255.2,49.665,237.489
korytarz2.pgm,rrt,362.583,223.582,204.179,255.2,0.37,218.605
korytarz2.pgm,rrt,362.583,223.582,204.179,255.2,263.369,232.691
korytarz2.pgm,rrt,362.583,223.582,204.179,255.2,163.139,281.299
korytarz2.pgm,rrt,362.583,223.582,204.179,255.2,80.994,397.276
korytarz2.pgm,rrt,362.583,223.582,204.179,255.2,702.827,228.711
korytarz2.pgm,rrt,362.583,223.582,204.179,255.2,206.251,337.88
korytarz2.pgm,rrt,362.583,223.582,204.179,255.2,72.612,267.12
korytarz2.pgm,rrt,362.583,223.582,204.179,255.2,133.942,258.094
korytarz2.pgm,rrt,362.583,223.582,204.179,255.2,705.522,237.635
korytarz2.pgm,rrt,362.583,223.582,204.179,255.2,606.942,371.962
korytarz2.pgm,rrt,362.583,223.582,204.179,255.2,532.722,281.813
korytarz2.pgm,rrt,362.583,223.582,204.179,255.2,463.117,376.633
korytarz2.pgm,rrt,362.583,223.582,204.179,255.2,145.702,393.096
korytarz2.pgm,rrt,362.583,223.582,204.179,255.2,173.917,277.72
korytarz2.pgm,rrt,362.583,223.582,204.179,255.2,113.497,277.504
korytarz2.pgm,rrt,362.583,223.582,204.179,255.2,103.144,235.501
korytarz2.pgm,rrt,362.583,223.582,204.179,255.2,327.285,344.488
korytarz2.pgm,rrt,362.583,223.582,204.179,255.2,963.972,378.797
korytarz2.pgm,rrt,362.583,223.582,204.179,255.2,12.705,317.698
korytarz2.pgm,rrt,362.583,223.582,204.179,255.2,803.918,357.472
korytarz2.pgm,rrt,362.583,223.582,204.179,255.2,36.871,229.53
korytarz2.pgm,rrt,362.583,223.582,204.179,255.2,71.482,339.054
korytarz2.pgm,rrt,362.583,223.582,204.179,255.2,33.135,225.579


korytarz2.pgm,rrt,200.799,333.171,304.847,435.493,822.698,326.998
korytarz2.pgm,rrt,200.799,333.171,304.847,435.493,0.921,181.248
korytarz2.pgm,rrt,200.799,333.171,304.847,435.493,90.161,777.683
korytarz2.pgm,rrt,200.799,333.171,304.847,435.493,471.405,297.24
korytarz2.pgm,rrt,200.799,333.171,304.847,435.493,135.498,201.032
korytarz2.pgm,rrt,200.799,333.171,304.847,435.493,91.085,286.984
korytarz2.pgm,rrt,200.799,333.171,304.847,435.493,319.014,332.449
korytarz2.pgm,rrt,200.799,333.171,304.847,435.493,280.699,196.334
korytarz2.pgm,rrt,200.799,333.171,304.847,435.493,157.009,205.041
korytarz2.pgm,rrt,200.799,333.171,304.847,435.493,37.428,205.242
korytarz2.pgm,rrt,200.799,333.171,304.847,435.493,0.443,218.451
korytarz2.pgm,rrt,200.799,333.171,304.847,435.493,1.138,212.579
korytarz2.pgm,rrt,200.799,333.171,304.847,435.493,13.434,237.462
korytarz2.pgm,rrt,200.799,333.171,304.847,435.493,14.588,202.301
korytarz2.pgm,rrt,200.799,333.171,304.847,435.493,18.359,196.102
korytarz2.pgm,rrt,200.799,333.171,304.847,435.493,222.771,216.718
korytarz2.pgm,rrt,200.799,333.171,304.847,435.493,0.707,173.589
korytarz2.pgm,rrt,200.799,333.171,304.847,435.493,4.147,207.545
korytarz2.pgm,rrt,200.799,333.171,304.847,435.493,2.245,220.179
korytarz2.pgm,rrt,200.799,333.171,304.847,435.493,1557.39,194.805
korytarz2.pgm,rrt,200.799,333.171,304.847,435.493,930.313,191.037
korytarz2.pgm,rrt,200.799,333.171,304.847,435.493,10.13,198.03
korytarz2.pgm,rrt,200.799,333.171,304.847,435.493,0.367,204.642
korytarz2.pgm,rrt,200.799,333.171,304.847,435.493,49.227,196.827
korytarz2.pgm,rrt,200.799,333.171,304.847,435.493,1.454,207.853
korytarz2.pgm,rrt,200.799,333.171,304.847,435.493,182.014,217.66
korytarz2.pgm,rrt,200.799,333.171,304.847,435.493,1.045,197.036
korytarz2.pgm,rrt,200.799,333.171,304.847,435.493,629.942,804.712
korytarz2.pgm,rrt,200.799,333.171,304.847,435.493,289.641,194.495
korytarz2.pgm,rrt,200.799,333.171,304.847,435.493,740.568,207.468
korytarz2.pgm,rrt,200.799,333.171,304.847,435.493,1.813,219.153
korytarz2.pgm,rrt,200.799,333.171,304.847,435.493,5.044,271.854
korytarz2.pgm,rrt,200.799,333.171,304.847,435.493,1644.46,193.5
korytarz2.pgm,rrt,200.799,333.171,304.847,435.493,4.955,204.039
korytarz2.pgm,rrt,200.799,333.171,304.847,435.493,1599.77,197.086
korytarz2.pgm,rrt,200.799,333.171,304.847,435.493,0.877,190.514
korytarz2.pgm,rrt,200.799,333.171,304.847,435.493,7.75,236.22
korytarz2.pgm,rrt,200.799,333.171,304.847,435.493,10.491,239.884
korytarz2.pgm,rrt,200.799,333.171,304.847,435.493,181.172,251.73
korytarz2.pgm,rrt,200.799,333.171,304.847,435.493,152.444,178.753
korytarz2.pgm,rrt,200.799,333.171,304.847,435.493,1.375,204.86
korytarz2.pgm,rrt,200.799,333.171,304.847,435.493,34.258,174.57
korytarz2.pgm,rrt,200.799,333.171,304.847,435.493,0.425,186.798
korytarz2.pgm,rrt,200.799,333.171,304.847,435.493,15.903,185.171
korytarz2.pgm,rrt,200.799,333.171,304.847,435.493,15.088,185.756
korytarz2.pgm,rrt,200.799,333.171,304.847,435.493,0.601,176.052
korytarz2.pgm,rrt,200.799,333.171,304.847,435.493,116.996,197.319
korytarz2.pgm,rrt,200.799,333.171,304.847,435.493,1.199,219.47
korytarz2.pgm,rrt,200.799,333.171,304.847,435.493,334.806,220.228
korytarz2.pgm,rrt,200.799,333.171,304.847,435.493,211.274,216.862
korytarz2.pgm,rrt,200.799,333.171,304.847,435.493,159.334,232.493
korytarz2.pgm,rrt,200.799,333.171,304.847,435.493,938.404,209.778
korytarz2.pgm,rrt,200.799,333.171,304.847,435.493,2.885,237.103
korytarz2.pgm,rrt,200.799,333.171,304.847,435.493,67.581,204.444
korytarz2.pgm,rrt,200.799,333.171,304.847,435.493,270.392,195.522
korytarz2.pgm,rrt,200.799,333.171,304.847,435.493,1.18,195.589
korytarz2.pgm,rrt,200.799,333.171,304.847,435.493,480.622,230.792
korytarz2.pgm,rrt,200.799,333.171,304.847,435.493,11.396,198.544
korytarz2.pgm,rrt,200.799,333.171,304.847,435.493,12.136,191.609
korytarz2.pgm,rrt,200.799,333.171,304.847,435.493,133.236,818.611
korytarz2.pgm,rrt,200.799,333.171,304.847,435.493,0.618,205.496
korytarz2.pgm,rrt,200.799,333.171,304.847,435.493,353.048,196.016
korytarz2.pgm,rrt,200.799,333.171,304.847,435.493,133.68,194.903
korytarz2.pgm,rrt,200.799,333.171,304.847,435.493,450.709,200.81
korytarz2.pgm,rrt,200.799,333.171,304.847,435.493,126.473,272.245
korytarz2.pgm,rrt,200.799,333.171,304.847,435.493,16.228,205.08
korytarz2.pgm,rrt,200.799,333.171,304.847,435.493,300.761,262.949
korytarz2.pgm,rrt,200.799,333.171,304.847,435.493,0.503,207.387
korytarz2.pgm,rrt,200.799,333.171,304.847,435.493,12.847,199.093
korytarz2.pgm,rrt,200.799,333.171,304.847,435.493,90.581,197.886
korytarz2.pgm,rrt,200.799,333.171,304.847,435.493,259.596,283.07
korytarz2.pgm,rrt,200.799,333.171,304.847,435.493,0.921,177.22
korytarz2.pgm,rrt,200.799,333.171,304.847,435.493,322.207,187.243
korytarz2.pgm,rrt,200.799,333.171,304.847,435.493,1.587,200.568
korytarz2.pgm,rrt,200.799,333.171,304.847,435.493,894.36,286.665
korytarz2.pgm,rrt,200.799,333.171,304.847,435.493,2160.99,236.934
korytarz2.pgm,rrt,200.799,333.171,304.847,435.493,1974.84,246.94
korytarz2.pgm,rrt,200.799,333.171,304.847,435.493,10.218,186.698
korytarz2.pgm,rrt,200.799,333.171,304.847,435.493,92.89,332.963
korytarz2.pgm,rrt,200.799,333.171,304.847,435.493,319.521,204.212
korytarz2.pgm,rrt,200.799,333.171,304.847,435.493,366.17,412.422
korytarz2.pgm,rrt,200.799,333.171,304.847,435.493,22.142,201.506
korytarz2.pgm,rrt,200.799,333.171,304.847,435.493,50.193,223.87
korytarz2.pgm,rrt,200.799,333.171,304.847,435.493,59.835,200.587
korytarz2.pgm,rrt,200.799,333.171,304.847,435.493,33.166,224.576
korytarz2.pgm,rrt,200.799,333.171,304.847,435.493,1.02,194.362
korytarz2.pgm,rrt,200.799,333.171,304.847,435.493,0.732,185.955
korytarz2.pgm,rrt,200.799,333.171,304.847,435.493,28.402,184.912
korytarz2.pgm,rrt,200.799,333.171,304.847,435.493,17.438,215.792
korytarz2.pgm,rrt,200.799,333.171,304.847,435.493,19.628,245.165
korytarz2.pgm,rrt,200.799,333.171,304.847,435.493,2.151,231.897
korytarz2.pgm,rrt,200.799,333.171,304.847,435.493,2123.27,797.603
korytarz2.pgm,rrt,200.799,333.171,304.847,435.493,413.892,271.036
korytarz2.pgm,rrt,200.799,333.171,304.847,435.493,519.504,350.236
korytarz2.pgm,rrt,200.799,333.171,304.847,435.493,330.268,224.319
korytarz2.pgm,rrt,200.799,333.171,304.847,435.493,13.693,216.72
korytarz2.pgm,rrt,200.799,333.171,304.847,435.493,5.003,210.906
korytarz2.pgm,rrt,200.799,333.171,304.847,435.493,0.123,176.037
korytarz2.pgm,rrt,200.799,333.171,304.847,435.493,520.359,227.009
korytarz2.pgm,rrt,200.799,333.171,304.847,435.493,24.01,306.477


korytarz2.pgm,rrt,95.9787,185.552,225.158,230.27,27.95,257.398
korytarz2.pgm,rrt,95.9787,185.552,225.158,230.27,193.009,261.703
korytarz2.pgm,rrt,95.9787,185.552,225.158,230.27,80.452,204.087
korytarz2.pgm,rrt,95.9787,185.552,225.158,230.27,461.976,246.083
korytarz2.pgm,rrt,95.9787,185.552,225.158,230.27,132.361,210.518
korytarz2.pgm,rrt,95.9787,185.552,225.158,230.27,3.489,235.349
korytarz2.pgm,rrt,95.9787,185.552,225.158,230.27,42.121,264.792
korytarz2.pgm,rrt,95.9787,185.552,225.158,230.27,59.619,185.77
korytarz2.pgm,rrt,95.9787,185.552,225.158,230.27,73.032,159.273
korytarz2.pgm,rrt,95.9787,185.552,225.158,230.27,28.757,268.923
korytarz2.pgm,rrt,95.9787,185.552,225.158,230.27,33.638,167.689
korytarz2.pgm,rrt,95.9787,185.552,225.158,230.27,57.579,171.655
korytarz2.pgm,rrt,95.9787,185.552,225.158,230.27,2.9,190.519
korytarz2.pgm,rrt,95.9787,185.552,225.158,230.27,20.262,164.501
korytarz2.pgm,rrt,95.9787,185.552,225.158,230.27,0.621,187.574
korytarz2.pgm,rrt,95.9787,185.552,225.158,230.27,2.73,170.23
korytarz2.pgm,rrt,95.9787,185.552,225.158,230.27,0.621,227.17
korytarz2.pgm,rrt,95.9787,185.552,225.158,230.27,1.009,201.567
korytarz2.pgm,rrt,95.9787,185.552,225.158,230.27,1.728,150.685
korytarz2.pgm,rrt,95.9787,185.552,225.158,230.27,21.868,191.235
korytarz2.pgm,rrt,95.9787,185.552,225.158,230.27,149.794,242.186
korytarz2.pgm,rrt,95.9787,185.552,225.158,230.27,300.643,197.002
korytarz2.pgm,rrt,95.9787,185.552,225.158,230.27,55.536,218.374
korytarz2.pgm,rrt,95.9787,185.552,225.158,230.27,309.145,246.993
korytarz2.pgm,rrt,95.9787,185.552,225.158,230.27,175.06,232.282
korytarz2.pgm,rrt,95.9787,185.552,225.158,230.27,163.353,264.288
korytarz2.pgm,rrt,95.9787,185.552,225.158,230.27,612.891,223.007
korytarz2.pgm,rrt,95.9787,185.552,225.158,230.27,175.654,223.949
korytarz2.pgm,rrt,95.9787,185.552,225.158,230.27,13.949,172.509
korytarz2.pgm,rrt,95.9787,185.552,225.158,230.27,2.742,183.241
korytarz2.pgm,rrt,95.9787,185.552,225.158,230.27,28.722,203.389
korytarz2.pgm,rrt,95.9787,185.552,225.158,230.27,543.337,228.97
korytarz2.pgm,rrt,95.9787,185.552,225.158,230.27,146.174,216.862
korytarz2.pgm,rrt,95.9787,185.552,225.158,230.27,62.164,171.508
korytarz2.pgm,rrt,95.9787,185.552,225.158,230.27,383.947,222.42
korytarz2.pgm,rrt,95.9787,185.552,225.158,230.27,93.481,280.875
korytarz2.pgm,rrt,95.9787,185.552,225.158,230.27,113.839,207.512
korytarz2.pgm,rrt,95.9787,185.552,225.158,230.27,67.959,146.842
korytarz2.pgm,rrt,95.9787,185.552,225.158,230.27,2297.98,171.82
korytarz2.pgm,rrt,95.9787,185.552,225.158,230.27,39.386,240.127
korytarz2.pgm,rrt,95.9787,185.552,225.158,230.27,701.62,267.311
korytarz2.pgm,rrt,95.9787,185.552,225.158,230.27,371.554,282.007
korytarz2.pgm,rrt,95.9787,185.552,225.158,230.27,19.142,217.394
korytarz2.pgm,rrt,95.9787,185.552,225.158,230.27,1.548,181.745
korytarz2.pgm,rrt,95.9787,185.552,225.158,230.27,28.637,183.824
korytarz2.pgm,rrt,95.9787,185.552,225.158,230.27,44.205,264.317
korytarz2.pgm,rrt,95.9787,185.552,225.158,230.27,27.865,222.953
korytarz2.pgm,rrt,95.9787,185.552,225.158,230.27,287.278,206.894
korytarz2.pgm,rrt,95.9787,185.552,225.158,230.27,259.755,244.038
korytarz2.pgm,rrt,95.9787,185.552,225.158,230.27,2.262,188.369
korytarz2.pgm,rrt,95.9787,185.552,225.158,230.27,43.914,197.978
korytarz2.pgm,rrt,95.9787,185.552,225.158,230.27,184.337,218.757
korytarz2.pgm,rrt,95.9787,185.552,225.158,230.27,16.564,157.805
korytarz2.pgm,rrt,95.9787,185.552,225.158,230.27,149.418,205.17
korytarz2.pgm,rrt,95.9787,185.552,225.158,230.27,47.473,236.704
korytarz2.pgm,rrt,95.9787,185.552,225.158,230.27,37.669,234.508
korytarz2.pgm,rrt,95.9787,185.552,225.158,230.27,0.781,229.697
korytarz2.pgm,rrt,95.9787,185.552,225.158,230.27,0.227,195.59
korytarz2.pgm,rrt,95.9787,185.552,225.158,230.27,43.938,249.892
korytarz2.pgm,rrt,95.9787,185.552,225.158,230.27,15.254,145.574
korytarz2.pgm,rrt,95.9787,185.552,225.158,230.27,0.103,143.814
korytarz2.pgm,rrt,95.9787,185.552,225.158,230.27,71.867,266.006
korytarz2.pgm,rrt,95.9787,185.552,225.158,230.27,2.177,237.407
korytarz2.pgm,rrt,95.9787,185.552,225.158,230.27,55.838,228.792
korytarz2.pgm,rrt,95.9787,185.552,225.158,230.27,251.667,185.692
korytarz2.pgm,rrt,95.9787,185.552,225.158,230.27,3.477,213.574
korytarz2.pgm,rrt,95.9787,185.552,225.158,230.27,99.685,195.024
korytarz2.pgm,rrt,95.9787,185.552,225.158,230.27,17.349,209.994
korytarz2.pgm,rrt,95.9787,185.552,225.158,230.27,18.53,243.052
korytarz2.pgm,rrt,95.9787,185.552,225.158,230.27,249.829,251.322
korytarz2.pgm,rrt,95.9787,185.552,225.158,230.27,20.235,236.622
korytarz2.pgm,rrt,95.9787,185.552,225.158,230.27,18.153,214.447
korytarz2.pgm,rrt,95.9787,185.552,225.158,230.27,29.978,212.691
korytarz2.pgm,rrt,95.9787,185.552,225.158,230.27,93.658,247.243
korytarz2.pgm,rrt,95.9787,185.552,225.158,230.27,4.715,165.06
korytarz2.pgm,rrt,95.9787,185.552,225.158,230.27,343.79,229.36
korytarz2.pgm,rrt,95.9787,185.552,225.158,230.27,0.627,189.86
korytarz2.pgm,rrt,95.9787,185.552,225.158,230.27,15.796,246.406
korytarz2.pgm,rrt,95.9787,185.552,225.158,230.27,17.527,197.829
korytarz2.pgm,rrt,95.9787,185.552,225.158,230.27,0.958,213.085
korytarz2.pgm,rrt,95.9787,185.552,225.158,230.27,102.598,249.552
korytarz2.pgm,rrt,95.9787,185.552,225.158,230.27,320.176,215.031
korytarz2.pgm,rrt,95.9787,185.552,225.158,230.27,23.888,243.369
korytarz2.pgm,rrt,95.9787,185.552,225.158,230.27,567.8,251.431
korytarz2.pgm,rrt,95.9787,185.552,225.158,230.27,1096.08,223.515
korytarz2.pgm,rrt,95.9787,185.552,225.158,230.27,10.524,198.916
korytarz2.pgm,rrt,95.9787,185.552,225.158,230.27,163.795,277.766
korytarz2.pgm,rrt,95.9787,185.552,225.158,230.27,250.469,188.71
korytarz2.pgm,rrt,95.9787,185.552,225.158,230.27,56.536,267.59
korytarz2.pgm,rrt,95.9787,185.552,225.158,230.27,294.423,310.835
korytarz2.pgm,rrt,95.9787,185.552,225.158,230.27,482.127,288.055
korytarz2.pgm,rrt,95.9787,185.552,225.158,230.27,0.476,190.592
korytarz2.pgm,rrt,95.9787,185.552,225.158,230.27,86.6,285.752
korytarz2.pgm,rrt,95.9787,185.552,225.158,230.27,38.33,186.726
korytarz2.pgm,rrt,95.9787,185.552,225.158,230.27,0.251,172.581
korytarz2.pgm,rrt,95.9787,185.552,225.158,230.27,278.557,231.128
korytarz2.pgm,rrt,95.9787,185.552,225.158,230.27,5.174,190.447
korytarz2.pgm,rrt,95.9787,185.552,225.158,230.27,1340.29,199.792
korytarz2.pgm,rrt,95.9787,185.552,225.158,230.27,4.273,232.659
korytarz2.pgm,rrt,95.9787,185.552,225.158,230.27,6.843,213.099


korytarz2.pgm,rrt,434.83,282.063,280.333,439.657,179.532,364.267
korytarz2.pgm,rrt,434.83,282.063,280.333,439.657,1244.32,397.591
korytarz2.pgm,rrt,434.83,282.063,280.333,439.657,42193.1,632.9
korytarz2.pgm,rrt,434.83,282.063,280.333,439.657,112407,933.004
korytarz2.pgm,rrt,434.83,282.063,280.333,439.657,344.687,675.086
korytarz2.pgm,rrt,434.83,282.063,280.333,439.657,2720.91,648.111
korytarz2.pgm,rrt,434.83,282.063,280.333,439.657,41220.4,809.616
korytarz2.pgm,rrt,434.83,282.063,280.333,439.657,63145.7,735.676
korytarz2.pgm,rrt,434.83,282.063,280.333,439.657,1457.3,388.547
korytarz2.pgm,rrt,434.83,282.063,280.333,439.657,109.864,452.947
korytarz2.pgm,rrt,434.83,282.063,280.333,439.657,542.304,828.396
korytarz2.pgm,rrt,434.83,282.063,280.333,439.657,26167,997.794
korytarz2.pgm,rrt,434.83,282.063,280.333,439.657,12349.3,678.644
korytarz2.pgm,rrt,434.83,282.063,280.333,439.657,1715.8,430.153
korytarz2.pgm,rrt,434.83,282.063,280.333,439.657,49407.5,619.827
korytarz2.pgm,rrt,434.83,282.063,280.333,439.657,2846.04,376.907
korytarz2.pgm,rrt,434.83,282.063,280.333,439.657,1900.45,383.595
korytarz2.pgm,rrt,434.83,282.063,280.333,439.657,1225.81,427.526
korytarz2.pgm,rrt,434.83,282.063,280.333,439.657,95431.7,670.855
korytarz2.pgm,rrt,434.83,282.063,280.333,439.657,49870,845.071
korytarz2.pgm,rrt,434.83,282.063,280.333,439.657,302.192,847.162
korytarz2.pgm,rrt,434.83,282.063,280.333,439.657,1040.35,344.759
korytarz2.pgm,rrt,434.83,282.063,280.333,439.657,17034.1,693.936
korytarz2.pgm,rrt,434.83,282.063,280.333,439.657,63517.4,884.88
korytarz2.pgm,rrt,434.83,282.063,280.333,439.657,25.843,597.403
korytarz2.pgm,rrt,434.83,282.063,280.333,439.657,1772.03,658.48
korytarz2.pgm,rrt,434.83,282.063,280.333,439.657,978.512,790.694
korytarz2.pgm,rrt,434.83,282.063,280.333,439.657,8148.08,692.325
korytarz2.pgm,rrt,434.83,282.063,280.333,439.657,1395.89,439.966
korytarz2.pgm,rrt,434.83,282.063,280.333,439.657,204100,812.663
korytarz2.pgm,rrt,434.83,282.063,280.333,439.657,8272.37,448.22
korytarz2.pgm,rrt,434.83,282.063,280.333,439.657,13220.4,465.238
korytarz2.pgm,rrt,434.83,282.063,280.333,439.657,1125.53,725.855
korytarz2.pgm,rrt,434.83,282.063,280.333,439.657,44613,533.896
korytarz2.pgm,rrt,434.83,282.063,280.333,439.657,9664.52,780.533
korytarz2.pgm,rrt,434.83,282.063,280.333,439.657,29780,962.739
korytarz2.pgm,rrt,434.83,282.063,280.333,439.657,15976.5,717.437
korytarz2.pgm,rrt,434.83,282.063,280.333,439.657,313.526,609.923
korytarz2.pgm,rrt,434.83,282.063,280.333,439.657,1901.79,644.322
korytarz2.pgm,rrt,434.83,282.063,280.333,439.657,2701.22,739.198
korytarz2.pgm,rrt,434.83,282.063,280.333,439.657,397.552,659.975
korytarz2.pgm,rrt,434.83,282.063,280.333,439.657,42562.4,707.025
korytarz2.pgm,rrt,434.83,282.063,280.333,439.657,2837.98,423.146
korytarz2.pgm,rrt,434.83,282.063,280.333,439.657,739.192,753.286
korytarz2.pgm,rrt,434.83,282.063,280.333,439.657,27961.7,494.676
korytarz2.pgm,rrt,434.83,282.063,280.333,439.657,637.566,386.032
korytarz2.pgm,rrt,434.83,282.063,280.333,439.657,4630.03,494.35
korytarz2.pgm,rrt,434.83,282.063,280.333,439.657,3470.32,662.271
korytarz2.pgm,rrt,434.83,282.063,280.333,439.657,1081.12,411.684
korytarz2.pgm,rrt,434.83,282.063,280.333,439.657,7.204,363.333
korytarz2.pgm,rrt,434.83,282.063,280.333,439.657,27139.2,712.849
korytarz2.pgm,rrt,434.83,282.063,280.333,439.657,1109.56,426.063
korytarz2.pgm,rrt,434.83,282.063,280.333,439.657,111799,496.014
korytarz2.pgm,rrt,434.83,282.063,280.333,439.657,607.439,565.443
korytarz2.pgm,rrt,434.83,282.063,280.333,439.657,60796.3,435.609
korytarz2.pgm,rrt,434.83,282.063,280.333,439.657,28724.7,676.044
korytarz2.pgm,rrt,434.83,282.063,280.333,439.657,808.969,427.487
korytarz2.pgm,rrt,434.83,282.063,280.333,439.657,2641.64,449.606
korytarz2.pgm,rrt,434.83,282.063,280.333,439.657,6344.59,618.619
korytarz2.pgm,rrt,434.83,282.063,280.333,439.657,3292.4,673.841
korytarz2.pgm,rrt,434.83,282.063,280.333,439.657,997.89,777.164
korytarz2.pgm,rrt,434.83,282.063,280.333,439.657,96718.3,698.774
korytarz2.pgm,rrt,434.83,282.063,280.333,439.657,13851.2,658.449
korytarz2.pgm,rrt,434.83,282.063,280.333,439.657,1248.6,708.344

korytarz3.pgm,rrt,226.885,299.122,77.5639,386.195,1887.33,348.227
korytarz3.pgm,rrt,226.885,299.122,77.5639,386.195,826.354,397.576
korytarz3.pgm,rrt,226.885,299.122,77.5639,386.195,800.817,395.576
korytarz3.pgm,rrt,226.885,299.122,77.5639,386.195,1368.72,386.739
korytarz3.pgm,rrt,226.885,299.122,77.5639,386.195,747.72,463.465
korytarz3.pgm,rrt,226.885,299.122,77.5639,386.195,2855.91,391.93
korytarz3.pgm,rrt,226.885,299.122,77.5639,386.195,3089.66,485.347
korytarz3.pgm,rrt,226.885,299.122,77.5639,386.195,1624.31,421.234
korytarz3.pgm,rrt,226.885,299.122,77.5639,386.195,18.436,452.926
korytarz3.pgm,rrt,226.885,299.122,77.5639,386.195,124.668,349.513
korytarz3.pgm,rrt,226.885,299.122,77.5639,386.195,1594.69,431.53
korytarz3.pgm,rrt,226.885,299.122,77.5639,386.195,4046.15,337.683
korytarz3.pgm,rrt,226.885,299.122,77.5639,386.195,1593.66,467.664
korytarz3.pgm,rrt,226.885,299.122,77.5639,386.195,786.21,446.564
korytarz3.pgm,rrt,226.885,299.122,77.5639,386.195,470.346,494.18
korytarz3.pgm,rrt,226.885,299.122,77.5639,386.195,3931.5,481.571
korytarz3.pgm,rrt,226.885,299.122,77.5639,386.195,251.991,374.145
korytarz3.pgm,rrt,226.885,299.122,77.5639,386.195,2201.64,508.972
korytarz3.pgm,rrt,226.885,299.122,77.5639,386.195,938.493,442.561
korytarz3.pgm,rrt,226.885,299.122,77.5639,386.195,3091.37,364.148
korytarz3.pgm,rrt,226.885,299.122,77.5639,386.195,1767.2,344.49
korytarz3.pgm,rrt,226.885,299.122,77.5639,386.195,2741.91,460.368
korytarz3.pgm,rrt,226.885,299.122,77.5639,386.195,2147.72,410.492
korytarz3.pgm,rrt,226.885,299.122,77.5639,386.195,15722.5,456.037
korytarz3.pgm,rrt,226.885,299.122,77.5639,386.195,3039.69,479.835
korytarz3.pgm,rrt,226.885,299.122,77.5639,386.195,370.471,450.168
korytarz3.pgm,rrt,226.885,299.122,77.5639,386.195,4142.89,471.228
korytarz3.pgm,rrt,226.885,299.122,77.5639,386.195,5583.92,480.793
korytarz3.pgm,rrt,226.885,299.122,77.5639,386.195,1880.75,488.532
korytarz3.pgm,rrt,226.885,299.122,77.5639,386.195,294.518,300.796
korytarz3.pgm,rrt,226.885,299.122,77.5639,386.195,10209,468.966
korytarz3.pgm,rrt,226.885,299.122,77.5639,386.195,1169.86,341.825
korytarz3.pgm,rrt,226.885,299.122,77.5639,386.195,90.767,499.84
korytarz3.pgm,rrt,226.885,299.122,77.5639,386.195,1086.05,476.804
korytarz3.pgm,rrt,226.885,299.122,77.5639,386.195,4479.49,370.308
korytarz3.pgm,rrt,226.885,299.122,77.5639,386.195,2769.65,369.141
korytarz3.pgm,rrt,226.885,299.122,77.5639,386.195,2982.91,535.998
korytarz3.pgm,rrt,226.885,299.122,77.5639,386.195,2598.17,501.077
korytarz3.pgm,rrt,226.885,299.122,77.5639,386.195,338.64,503.257
korytarz3.pgm,rrt,226.885,299.122,77.5639,386.195,2013.4,399.116
korytarz3.pgm,rrt,226.885,299.122,77.5639,386.195,742.948,335.237
korytarz3.pgm,rrt,226.885,299.122,77.5639,386.195,2038.71,319.338
korytarz3.pgm,rrt,226.885,299.122,77.5639,386.195,3610.35,474.456
korytarz3.pgm,rrt,226.885,299.122,77.5639,386.195,7234.49,524.647
korytarz3.pgm,rrt,226.885,299.122,77.5639,386.195,836.211,318.623
korytarz3.pgm,rrt,226.885,299.122,77.5639,386.195,3183.59,408.841
korytarz3.pgm,rrt,226.885,299.122,77.5639,386.195,8196.86,442.988
korytarz3.pgm,rrt,226.885,299.122,77.5639,386.195,1312.43,443.282
korytarz3.pgm,rrt,226.885,299.122,77.5639,386.195,5328.88,472.468
korytarz3.pgm,rrt,226.885,299.122,77.5639,386.195,3431.89,409.705
korytarz3.pgm,rrt,226.885,299.122,77.5639,386.195,731.246,420.712
korytarz3.pgm,rrt,226.885,299.122,77.5639,386.195,930.452,391.253
korytarz3.pgm,rrt,226.885,299.122,77.5639,386.195,114.78,346.435
korytarz3.pgm,rrt,226.885,299.122,77.5639,386.195,584.902,473.268
korytarz3.pgm,rrt,226.885,299.122,77.5639,386.195,237.142,363.928
korytarz3.pgm,rrt,226.885,299.122,77.5639,386.195,4514.1,375.489
korytarz3.pgm,rrt,226.885,299.122,77.5639,386.195,268.555,501.645
korytarz3.pgm,rrt,226.885,299.122,77.5639,386.195,5012.29,381.763
korytarz3.pgm,rrt,226.885,299.122,77.5639,386.195,108.25,329.801
korytarz3.pgm,rrt,226.885,299.122,77.5639,386.195,5354.79,426.475
korytarz3.pgm,rrt,226.885,299.122,77.5639,386.195,1054.25,318.712
korytarz3.pgm,rrt,226.885,299.122,77.5639,386.195,1133.55,305.785
korytarz3.pgm,rrt,226.885,299.122,77.5639,386.195,839.873,434.197
korytarz3.pgm,rrt,226.885,299.122,77.5639,386.195,86.439,463.797
korytarz3.pgm,rrt,226.885,299.122,77.5639,386.195,13845.4,560.393
korytarz3.pgm,rrt,226.885,299.122,77.5639,386.195,308.96,436.827
korytarz3.pgm,rrt,226.885,299.122,77.5639,386.195,1748.77,443.077
korytarz3.pgm,rrt,226.885,299.122,77.5639,386.195,2053.51,352.469
korytarz3.pgm,rrt,226.885,299.122,77.5639,386.195,4802.67,392.335
korytarz3.pgm,rrt,226.885,299.122,77.5639,386.195,201.566,442.984
korytarz3.pgm,rrt,226.885,299.122,77.5639,386.195,1216.19,363.742
korytarz3.pgm,rrt,226.885,299.122,77.5639,386.195,3713.32,376.827
korytarz3.pgm,rrt,226.885,299.122,77.5639,386.195,3880.41,373.49
korytarz3.pgm,rrt,226.885,299.122,77.5639,386.195,527.313,369.754
korytarz3.pgm,rrt,226.885,299.122,77.5639,386.195,6.569,428.145
korytarz3.pgm,rrt,226.885,299.122,77.5639,386.195,7465.72,456.202
korytarz3.pgm,rrt,226.885,299.122,77.5639,386.195,1671.72,556.571
korytarz3.pgm,rrt,226.885,299.122,77.5639,386.195,2704.51,455.254
korytarz3.pgm,rrt,226.885,299.122,77.5639,386.195,8666.03,457.457
korytarz3.pgm,rrt,226.885,299.122,77.5639,386.195,3093.3,298.6
korytarz3.pgm,rrt,226.885,299.122,77.5639,386.195,443.366,334.881
korytarz3.pgm,rrt,226.885,299.122,77.5639,386.195,2726.01,462.693
korytarz3.pgm,rrt,226.885,299.122,77.5639,386.195,9416.54,423.733
korytarz3.pgm,rrt,226.885,299.122,77.5639,386.195,17.099,445.517
korytarz3.pgm,rrt,226.885,299.122,77.5639,386.195,2910.02,470.319
korytarz3.pgm,rrt,226.885,299.122,77.5639,386.195,1776.91,325.855
korytarz3.pgm,rrt,226.885,299.122,77.5639,386.195,2883.43,517.24
korytarz3.pgm,rrt,226.885,299.122,77.5639,386.195,149.345,370.19
korytarz3.pgm,rrt,226.885,299.122,77.5639,386.195,1366.31,459.986
korytarz3.pgm,rrt,226.885,299.122,77.5639,386.195,2936.64,450.552
korytarz3.pgm,rrt,226.885,299.122,77.5639,386.195,1319.91,473.985
korytarz3.pgm,rrt,226.885,299.122,77.5639,386.195,847.951,478.015
korytarz3.pgm,rrt,226.885,299.122,77.5639,386.195,3237.51,468.709
korytarz3.pgm,rrt,226.885,299.122,77.5639,386.195,3957.42,490.204
korytarz3.pgm,rrt,226.885,299.122,77.5639,386.195,1854.56,511.71
korytarz3.pgm,rrt,226.885,299.122,77.5639,386.195,1727.15,424.747
korytarz3.pgm,rrt,226.885,299.122,77.5639,386.195,91.676,412.801
korytarz3.pgm,rrt,226.885,299.122,77.5639,386.195,7332.04,372.427
korytarz3.pgm,rrt,226.885,299.122,77.5639,386.195,1712.18,433.324
korytarz3.pgm,rrt,226.885,299.122,77.5639,386.195,3359.73,388.628


korytarz3.pgm,rrt,103.066,288.547,301.477,443.872,1298.64,382.803
korytarz3.pgm,rrt,103.066,288.547,301.477,443.872,715.599,423.782
korytarz3.pgm,rrt,103.066,288.547,301.477,443.872,3629.21,367.735
korytarz3.pgm,rrt,103.066,288.547,301.477,443.872,291.185,350.641
korytarz3.pgm,rrt,103.066,288.547,301.477,443.872,84.661,351.12
korytarz3.pgm,rrt,103.066,288.547,301.477,443.872,363.759,385.147
korytarz3.pgm,rrt,103.066,288.547,301.477,443.872,137.46,485.187
korytarz3.pgm,rrt,103.066,288.547,301.477,443.872,61.717,392.441
korytarz3.pgm,rrt,103.066,288.547,301.477,443.872,4.201,410.537
korytarz3.pgm,rrt,103.066,288.547,301.477,443.872,94.577,420.108
korytarz3.pgm,rrt,103.066,288.547,301.477,443.872,18.041,369.479
korytarz3.pgm,rrt,103.066,288.547,301.477,443.872,1267.49,415.128
korytarz3.pgm,rrt,103.066,288.547,301.477,443.872,3618.51,372.985
korytarz3.pgm,rrt,103.066,288.547,301.477,443.872,81.175,424.632
korytarz3.pgm,rrt,103.066,288.547,301.477,443.872,1656.23,411.91
korytarz3.pgm,rrt,103.066,288.547,301.477,443.872,263.389,371.619
korytarz3.pgm,rrt,103.066,288.547,301.477,443.872,81.369,388.396
korytarz3.pgm,rrt,103.066,288.547,301.477,443.872,603.884,456.4
korytarz3.pgm,rrt,103.066,288.547,301.477,443.872,6.488,369.023
korytarz3.pgm,rrt,103.066,288.547,301.477,443.872,90.289,425.081
korytarz3.pgm,rrt,103.066,288.547,301.477,443.872,80.115,347.846
korytarz3.pgm,rrt,103.066,288.547,301.477,443.872,414.013,331.094
korytarz3.pgm,rrt,103.066,288.547,301.477,443.872,1213.96,379.874
korytarz3.pgm,rrt,103.066,288.547,301.477,443.872,223.03,414.29
korytarz3.pgm,rrt,103.066,288.547,301.477,443.872,449.217,385.417
korytarz3.pgm,rrt,103.066,288.547,301.477,443.872,79.519,379.713
korytarz3.pgm,rrt,103.066,288.547,301.477,443.872,78.387,411.388
korytarz3.pgm,rrt,103.066,288.547,301.477,443.872,4177.92,373.162
korytarz3.pgm,rrt,103.066,288.547,301.477,443.872,15.228,334.507
korytarz3.pgm,rrt,103.066,288.547,301.477,443.872,113.585,394.288
korytarz3.pgm,rrt,103.066,288.547,301.477,443.872,431.953,418.809
korytarz3.pgm,rrt,103.066,288.547,301.477,443.872,106.142,396.28
korytarz3.pgm,rrt,103.066,288.547,301.477,443.872,299.225,390.878
korytarz3.pgm,rrt,103.066,288.547,301.477,443.872,4.732,389.322
korytarz3.pgm,rrt,103.066,288.547,301.477,443.872,248.347,378.094
korytarz3.pgm,rrt,103.066,288.547,301.477,443.872,2456.18,432.738
korytarz3.pgm,rrt,103.066,288.547,301.477,443.872,231.098,433.538
korytarz3.pgm,rrt,103.066,288.547,301.477,443.872,217.383,457.735
korytarz3.pgm,rrt,103.066,288.547,301.477,443.872,2870.28,371.849
korytarz3.pgm,rrt,103.066,288.547,301.477,443.872,233.51,416.536
korytarz3.pgm,rrt,103.066,288.547,301.477,443.872,204.615,356.688
korytarz3.pgm,rrt,103.066,288.547,301.477,443.872,49.399,401.935
korytarz3.pgm,rrt,103.066,288.547,301.477,443.872,829.752,466.795
korytarz3.pgm,rrt,103.066,288.547,301.477,443.872,915.396,392.043
korytarz3.pgm,rrt,103.066,288.547,301.477,443.872,61.091,357.36
korytarz3.pgm,rrt,103.066,288.547,301.477,443.872,14.781,385.788
korytarz3.pgm,rrt,103.066,288.547,301.477,443.872,179.406,367.686
korytarz3.pgm,rrt,103.066,288.547,301.477,443.872,15.368,363.018
korytarz3.pgm,rrt,103.066,288.547,301.477,443.872,222.964,385.781
korytarz3.pgm,rrt,103.066,288.547,301.477,443.872,746.212,407.442
korytarz3.pgm,rrt,103.066,288.547,301.477,443.872,1392.13,433.803
korytarz3.pgm,rrt,103.066,288.547,301.477,443.872,964.496,393.989
korytarz3.pgm,rrt,103.066,288.547,301.477,443.872,793.841,350.91
korytarz3.pgm,rrt,103.066,288.547,301.477,443.872,174.935,385.441
korytarz3.pgm,rrt,103.066,288.547,301.477,443.872,826.362,391.14
korytarz3.pgm,rrt,103.066,288.547,301.477,443.872,1157.01,377.087
korytarz3.pgm,rrt,103.066,288.547,301.477,443.872,123.288,384.908
korytarz3.pgm,rrt,103.066,288.547,301.477,443.872,41.617,478.12
korytarz3.pgm,rrt,103.066,288.547,301.477,443.872,320.085,336.843
korytarz3.pgm,rrt,103.066,288.547,301.477,443.872,870.691,451.374
korytarz3.pgm,rrt,103.066,288.547,301.477,443.872,117.813,404.077
korytarz3.pgm,rrt,103.066,288.547,301.477,443.872,4737.16,356.303
korytarz3.pgm,rrt,103.066,288.547,301.477,443.872,179.504,408.856
korytarz3.pgm,rrt,103.066,288.547,301.477,443.872,4744.35,429.534
korytarz3.pgm,rrt,103.066,288.547,301.477,443.872,14.867,417.505
korytarz3.pgm,rrt,103.066,288.547,301.477,443.872,339.685,435.674
korytarz3.pgm,rrt,103.066,288.547,301.477,443.872,63.118,405.68
korytarz3.pgm,rrt,103.066,288.547,301.477,443.872,59.981,395.345
korytarz3.pgm,rrt,103.066,288.547,301.477,443.872,442.28,413.191
korytarz3.pgm,rrt,103.066,288.547,301.477,443.872,21.76,380.137
korytarz3.pgm,rrt,103.066,288.547,301.477,443.872,824.233,377.465
korytarz3.pgm,rrt,103.066,288.547,301.477,443.872,365.861,400.111
korytarz3.pgm,rrt,103.066,288.547,301.477,443.872,85.745,362.544
korytarz3.pgm,rrt,103.066,288.547,301.477,443.872,1369,334.251
korytarz3.pgm,rrt,103.066,288.547,301.477,443.872,767.881,384.621
korytarz3.pgm,rrt,103.066,288.547,301.477,443.872,1765.66,347.729
korytarz3.pgm,rrt,103.066,288.547,301.477,443.872,402.611,423.905
korytarz3.pgm,rrt,103.066,288.547,301.477,443.872,4.712,379.846
korytarz3.pgm,rrt,103.066,288.547,301.477,443.872,114.578,425.33
korytarz3.pgm,rrt,103.066,288.547,301.477,443.872,86.019,349.845
korytarz3.pgm,rrt,103.066,288.547,301.477,443.872,39.977,365.67
korytarz3.pgm,rrt,103.066,288.547,301.477,443.872,1850.01,408.843
korytarz3.pgm,rrt,103.066,288.547,301.477,443.872,115.926,402.522
korytarz3.pgm,rrt,103.066,288.547,301.477,443.872,340.361,437.844
korytarz3.pgm,rrt,103.066,288.547,301.477,443.872,1.451,345.364
korytarz3.pgm,rrt,103.066,288.547,301.477,443.872,3340.88,385.449
korytarz3.pgm,rrt,103.066,288.547,301.477,443.872,100.169,387.903
korytarz3.pgm,rrt,103.066,288.547,301.477,443.872,125.073,415.819
korytarz3.pgm,rrt,103.066,288.547,301.477,443.872,223.454,421.602
korytarz3.pgm,rrt,103.066,288.547,301.477,443.872,2.407,447.308
korytarz3.pgm,rrt,103.066,288.547,301.477,443.872,298.138,423.237
korytarz3.pgm,rrt,103.066,288.547,301.477,443.872,334.832,409.164
korytarz3.pgm,rrt,103.066,288.547,301.477,443.872,420.338,379.889
korytarz3.pgm,rrt,103.066,288.547,301.477,443.872,4598.29,470.546
korytarz3.pgm,rrt,103.066,288.547,301.477,443.872,33.82,380.363
korytarz3.pgm,rrt,103.066,288.547,301.477,443.872,1542.14,378.477
korytarz3.pgm,rrt,103.066,288.547,301.477,443.872,1254.01,399.01
korytarz3.pgm,rrt,103.066,288.547,301.477,443.872,42.231,413.663
korytarz3.pgm,rrt,103.066,288.547,301.477,443.872,39.924,409.706
korytarz3.pgm,rrt,103.066,288.547,301.477,443.872,214.627,414.706


korytarz3.pgm,rrt,149.617,381.427,407.528,263.157,7898.7,452.033
korytarz3.pgm,rrt,149.617,381.427,407.528,263.157,160.075,485.298
korytarz3.pgm,rrt,149.617,381.427,407.528,263.157,3220.12,552.14
korytarz3.pgm,rrt,149.617,381.427,407.528,263.157,643.214,497.204
korytarz3.pgm,rrt,149.617,381.427,407.528,263.157,2358.89,644.143
korytarz3.pgm,rrt,149.617,381.427,407.528,263.157,578.296,494.416
korytarz3.pgm,rrt,149.617,381.427,407.528,263.157,3268.76,610.248
korytarz3.pgm,rrt,149.617,381.427,407.528,263.157,1243.88,531.627
korytarz3.pgm,rrt,149.617,381.427,407.528,263.157,130.234,526.304
korytarz3.pgm,rrt,149.617,381.427,407.528,263.157,5551.53,616.43
korytarz3.pgm,rrt,149.617,381.427,407.528,263.157,996.612,519.522
korytarz3.pgm,rrt,149.617,381.427,407.528,263.157,10773.7,623.72
korytarz3.pgm,rrt,149.617,381.427,407.528,263.157,2343.36,558.954
korytarz3.pgm,rrt,149.617,381.427,407.528,263.157,12513.7,653.48
korytarz3.pgm,rrt,149.617,381.427,407.528,263.157,458.823,511.928
korytarz3.pgm,rrt,149.617,381.427,407.528,263.157,2950.74,513.611
korytarz3.pgm,rrt,149.617,381.427,407.528,263.157,234.965,514.662
korytarz3.pgm,rrt,149.617,381.427,407.528,263.157,576.45,551.499
korytarz3.pgm,rrt,149.617,381.427,407.528,263.157,25587,471.376
korytarz3.pgm,rrt,149.617,381.427,407.528,263.157,1255.89,652.753
korytarz3.pgm,rrt,149.617,381.427,407.528,263.157,1037.88,505.122
korytarz3.pgm,rrt,149.617,381.427,407.528,263.157,741.238,515.324
korytarz3.pgm,rrt,149.617,381.427,407.528,263.157,10580.3,508.797
korytarz3.pgm,rrt,149.617,381.427,407.528,263.157,1112.99,579.304
korytarz3.pgm,rrt,149.617,381.427,407.528,263.157,642.897,622.993
korytarz3.pgm,rrt,149.617,381.427,407.528,263.157,2114.54,482.778
korytarz3.pgm,rrt,149.617,381.427,407.528,263.157,584.374,592.942
korytarz3.pgm,rrt,149.617,381.427,407.528,263.157,3552.05,535.435
korytarz3.pgm,rrt,149.617,381.427,407.528,263.157,173.49,558.439
korytarz3.pgm,rrt,149.617,381.427,407.528,263.157,1601.28,601.985
korytarz3.pgm,rrt,149.617,381.427,407.528,263.157,6071.69,606.91
korytarz3.pgm,rrt,149.617,381.427,407.528,263.157,2471.78,587.909
korytarz3.pgm,rrt,149.617,381.427,407.528,263.157,1304.52,705.371
korytarz3.pgm,rrt,149.617,381.427,407.528,263.157,876.292,623.335
korytarz3.pgm,rrt,149.617,381.427,407.528,263.157,3014.62,566.845
korytarz3.pgm,rrt,149.617,381.427,407.528,263.157,1563.57,471.518
korytarz3.pgm,rrt,149.617,381.427,407.528,263.157,2983.11,534.749
korytarz3.pgm,rrt,149.617,381.427,407.528,263.157,2085.11,591.022
korytarz3.pgm,rrt,149.617,381.427,407.528,263.157,141.796,463.919
korytarz3.pgm,rrt,149.617,381.427,407.528,263.157,34.821,502.155
korytarz3.pgm,rrt,149.617,381.427,407.528,263.157,118.844,503.342
korytarz3.pgm,rrt,149.617,381.427,407.528,263.157,2701.56,828.64
korytarz3.pgm,rrt,149.617,381.427,407.528,263.157,5235.11,581.992
korytarz3.pgm,rrt,149.617,381.427,407.528,263.157,540.539,494.63
korytarz3.pgm,rrt,149.617,381.427,407.528,263.157,4009.59,454.083
korytarz3.pgm,rrt,149.617,381.427,407.528,263.157,5661.59,579.829
korytarz3.pgm,rrt,149.617,381.427,407.528,263.157,2027.5,523.437
korytarz3.pgm,rrt,149.617,381.427,407.528,263.157,15500,621.213
korytarz3.pgm,rrt,149.617,381.427,407.528,263.157,3395.1,673.656
korytarz3.pgm,rrt,149.617,381.427,407.528,263.157,406.671,564.835
korytarz3.pgm,rrt,149.617,381.427,407.528,263.157,1883.79,572.316
korytarz3.pgm,rrt,149.617,381.427,407.528,263.157,5.482,453.924
korytarz3.pgm,rrt,149.617,381.427,407.528,263.157,630.904,497.979
korytarz3.pgm,rrt,149.617,381.427,407.528,263.157,1998.12,498.253
korytarz3.pgm,rrt,149.617,381.427,407.528,263.157,4156.02,566.458
korytarz3.pgm,rrt,149.617,381.427,407.528,263.157,2532.73,561.797
korytarz3.pgm,rrt,149.617,381.427,407.528,263.157,4778.88,487.752
korytarz3.pgm,rrt,149.617,381.427,407.528,263.157,4004.9,568.24
korytarz3.pgm,rrt,149.617,381.427,407.528,263.157,18483.2,544.584
korytarz3.pgm,rrt,149.617,381.427,407.528,263.157,5740.36,510.562
korytarz3.pgm,rrt,149.617,381.427,407.528,263.157,1266.44,578.428
korytarz3.pgm,rrt,149.617,381.427,407.528,263.157,2122.3,538.566
korytarz3.pgm,rrt,149.617,381.427,407.528,263.157,8875.13,828.991
korytarz3.pgm,rrt,149.617,381.427,407.528,263.157,52.526,469.637
korytarz3.pgm,rrt,149.617,381.427,407.528,263.157,7867.8,544.529
korytarz3.pgm,rrt,149.617,381.427,407.528,263.157,3923.84,557.217
korytarz3.pgm,rrt,149.617,381.427,407.528,263.157,1505.57,467.895
korytarz3.pgm,rrt,149.617,381.427,407.528,263.157,134.098,506.224
korytarz3.pgm,rrt,149.617,381.427,407.528,263.157,6415.37,570.889
korytarz3.pgm,rrt,149.617,381.427,407.528,263.157,1832.28,552.053
korytarz3.pgm,rrt,149.617,381.427,407.528,263.157,2952.41,625.921
korytarz3.pgm,rrt,149.617,381.427,407.528,263.157,3068.22,587.44
korytarz3.pgm,rrt,149.617,381.427,407.528,263.157,2729.86,609.392
korytarz3.pgm,rrt,149.617,381.427,407.528,263.157,123.018,475.825
korytarz3.pgm,rrt,149.617,381.427,407.528,263.157,14095.7,551.775
korytarz3.pgm,rrt,149.617,381.427,407.528,263.157,9.973,501.971
korytarz3.pgm,rrt,149.617,381.427,407.528,263.157,6215.6,486.484
korytarz3.pgm,rrt,149.617,381.427,407.528,263.157,11056.3,562.142
korytarz3.pgm,rrt,149.617,381.427,407.528,263.157,1231.21,534.292
korytarz3.pgm,rrt,149.617,381.427,407.528,263.157,1151.47,549.964
korytarz3.pgm,rrt,149.617,381.427,407.528,263.157,617.113,518.633
korytarz3.pgm,rrt,149.617,381.427,407.528,263.157,3362.15,666.879
korytarz3.pgm,rrt,149.617,381.427,407.528,263.157,3418.71,497.292
korytarz3.pgm,rrt,149.617,381.427,407.528,263.157,430.196,504.043
korytarz3.pgm,rrt,149.617,381.427,407.528,263.157,2895.66,605.565
korytarz3.pgm,rrt,149.617,381.427,407.528,263.157,1524.37,649.842
korytarz3.pgm,rrt,149.617,381.427,407.528,263.157,320.313,502.564
korytarz3.pgm,rrt,149.617,381.427,407.528,263.157,2717.2,544.626
korytarz3.pgm,rrt,149.617,381.427,407.528,263.157,889.796,597.44
korytarz3.pgm,rrt,149.617,381.427,407.528,263.157,1382.22,650.398
korytarz3.pgm,rrt,149.617,381.427,407.528,263.157,12686.9,662.997
korytarz3.pgm,rrt,149.617,381.427,407.528,263.157,1600.78,590.212
korytarz3.pgm,rrt,149.617,381.427,407.528,263.157,3706.32,586.335
korytarz3.pgm,rrt,149.617,381.427,407.528,263.157,5707.72,607.839
korytarz3.pgm,rrt,149.617,381.427,407.528,263.157,100.969,500.365
korytarz3.pgm,rrt,149.617,381.427,407.528,263.157,605.191,503.656
korytarz3.pgm,rrt,149.617,381.427,407.528,263.157,65.419,580.819
korytarz3.pgm,rrt,149.617,381.427,407.528,263.157,900.136,608.296
korytarz3.pgm,rrt,149.617,381.427,407.528,263.157,5485.32,524.45
korytarz3.pgm,rrt,149.617,381.427,407.528,263.157,963.284,616.776


korytarz3.pgm,rrt,93.9751,321.653,305.85,452.636,79.777,317.668
korytarz3.pgm,rrt,93.9751,321.653,305.85,452.636,1023.29,371.296
korytarz3.pgm,rrt,93.9751,321.653,305.85,452.636,2.169,320.766
korytarz3.pgm,rrt,93.9751,321.653,305.85,452.636,115.178,326.125
korytarz3.pgm,rrt,93.9751,321.653,305.85,452.636,15.65,337.161
korytarz3.pgm,rrt,93.9751,321.653,305.85,452.636,436.326,499.596
korytarz3.pgm,rrt,93.9751,321.653,305.85,452.636,1230.32,469.355
korytarz3.pgm,rrt,93.9751,321.653,305.85,452.636,3.035,324.522
korytarz3.pgm,rrt,93.9751,321.653,305.85,452.636,44.419,358.936
korytarz3.pgm,rrt,93.9751,321.653,305.85,452.636,855.266,422.076
korytarz3.pgm,rrt,93.9751,321.653,305.85,452.636,4116.19,337.957
korytarz3.pgm,rrt,93.9751,321.653,305.85,452.636,247.313,348.1
korytarz3.pgm,rrt,93.9751,321.653,305.85,452.636,933.431,342.741
korytarz3.pgm,rrt,93.9751,321.653,305.85,452.636,2775.61,522.314
korytarz3.pgm,rrt,93.9751,321.653,305.85,452.636,550.81,347.278
korytarz3.pgm,rrt,93.9751,321.653,305.85,452.636,251.162,336.323
korytarz3.pgm,rrt,93.9751,321.653,305.85,452.636,193.18,355.731
korytarz3.pgm,rrt,93.9751,321.653,305.85,452.636,420.797,340.68
korytarz3.pgm,rrt,93.9751,321.653,305.85,452.636,4340.11,328.566
korytarz3.pgm,rrt,93.9751,321.653,305.85,452.636,401.41,353.82
korytarz3.pgm,rrt,93.9751,321.653,305.85,452.636,11.427,338.859
korytarz3.pgm,rrt,93.9751,321.653,305.85,452.636,383.254,441.774
korytarz3.pgm,rrt,93.9751,321.653,305.85,452.636,12.798,327.214
korytarz3.pgm,rrt,93.9751,321.653,305.85,452.636,1862.36,358.641
korytarz3.pgm,rrt,93.9751,321.653,305.85,452.636,40.433,320.754
korytarz3.pgm,rrt,93.9751,321.653,305.85,452.636,2.512,314.83
korytarz3.pgm,rrt,93.9751,321.653,305.85,452.636,25.587,305.689
korytarz3.pgm,rrt,93.9751,321.653,305.85,452.636,63.913,488.961
korytarz3.pgm,rrt,93.9751,321.653,305.85,452.636,17.746,362.199
korytarz3.pgm,rrt,93.9751,321.653,305.85,452.636,1062.26,426.765
korytarz3.pgm,rrt,93.9751,321.653,305.85,452.636,2897.68,344.223
korytarz3.pgm,rrt,93.9751,321.653,305.85,452.636,1783.22,464.34
korytarz3.pgm,rrt,93.9751,321.653,305.85,452.636,2482.55,314.396
korytarz3.pgm,rrt,93.9751,321.653,305.85,452.636,11.648,319.228
korytarz3.pgm,rrt,93.9751,321.653,305.85,452.636,218.553,491.302
korytarz3.pgm,rrt,93.9751,321.653,305.85,452.636,15.082,339.127
korytarz3.pgm,rrt,93.9751,321.653,305.85,452.636,50.895,336.047
korytarz3.pgm,rrt,93.9751,321.653,305.85,452.636,371.053,347.081
korytarz3.pgm,rrt,93.9751,321.653,305.85,452.636,72.384,416.156
korytarz3.pgm,rrt,93.9751,321.653,305.85,452.636,12.776,309.631
korytarz3.pgm,rrt,93.9751,321.653,305.85,452.636,14.667,340.767
korytarz3.pgm,rrt,93.9751,321.653,305.85,452.636,327.35,459.043
korytarz3.pgm,rrt,93.9751,321.653,305.85,452.636,130.391,359.854
korytarz3.pgm,rrt,93.9751,321.653,305.85,452.636,215.729,317.502
korytarz3.pgm,rrt,93.9751,321.653,305.85,452.636,7.224,320.6
korytarz3.pgm,rrt,93.9751,321.653,305.85,452.636,3423.21,379.957
korytarz3.pgm,rrt,93.9751,321.653,305.85,452.636,3530.38,492.191
korytarz3.pgm,rrt,93.9751,321.653,305.85,452.636,238.483,411.586
korytarz3.pgm,rrt,93.9751,321.653,305.85,452.636,204.747,384.155
korytarz3.pgm,rrt,93.9751,321.653,305.85,452.636,2.527,360.215
korytarz3.pgm,rrt,93.9751,321.653,305.85,452.636,779.117,444.177
korytarz3.pgm,rrt,93.9751,321.653,305.85,452.636,198.007,341.004
korytarz3.pgm,rrt,93.9751,321.653,305.85,452.636,4.23,309.09
korytarz3.pgm,rrt,93.9751,321.653,305.85,452.636,0.863,301.942
korytarz3.pgm,rrt,93.9751,321.653,305.85,452.636,25.174,337.928
korytarz3.pgm,rrt,93.9751,321.653,305.85,452.636,37.654,314.726
korytarz3.pgm,rrt,93.9751,321.653,305.85,452.636,922.46,388.337
korytarz3.pgm,rrt,93.9751,321.653,305.85,452.636,1810.45,364.878
korytarz3.pgm,rrt,93.9751,321.653,305.85,452.636,2634.24,354.958
korytarz3.pgm,rrt,93.9751,321.653,305.85,452.636,84.052,357.02
korytarz3.pgm,rrt,93.9751,321.653,305.85,452.636,183.854,318.464
korytarz3.pgm,rrt,93.9751,321.653,305.85,452.636,615.838,352.135
korytarz3.pgm,rrt,93.9751,321.653,305.85,452.636,628.793,552.745
korytarz3.pgm,rrt,93.9751,321.653,305.85,452.636,88.413,348.136
korytarz3.pgm,rrt,93.9751,321.653,305.85,452.636,63.364,349.828
korytarz3.pgm,rrt,93.9751,321.653,305.85,452.636,7595.3,386.829
korytarz3.pgm,rrt,93.9751,321.653,305.85,452.636,139.27,343.72
korytarz3.pgm,rrt,93.9751,321.653,305.85,452.636,18.778,350.039
korytarz3.pgm,rrt,93.9751,321.653,305.85,452.636,130.265,301.526
korytarz3.pgm,rrt,93.9751,321.653,305.85,452.636,207.914,338.102
korytarz3.pgm,rrt,93.9751,321.653,305.85,452.636,4.057,344.754
korytarz3.pgm,rrt,93.9751,321.653,305.85,452.636,45.266,372.796
korytarz3.pgm,rrt,93.9751,321.653,305.85,452.636,10.202,319.65
korytarz3.pgm,rrt,93.9751,321.653,305.85,452.636,259.817,361.15
korytarz3.pgm,rrt,93.9751,321.653,305.85,452.636,11.772,352.875
korytarz3.pgm,rrt,93.9751,321.653,305.85,452.636,0.437,322.098
korytarz3.pgm,rrt,93.9751,321.653,305.85,452.636,213.903,343.732
korytarz3.pgm,rrt,93.9751,321.653,305.85,452.636,85.134,313.348
korytarz3.pgm,rrt,93.9751,321.653,305.85,452.636,418.838,378.586
korytarz3.pgm,rrt,93.9751,321.653,305.85,452.636,82.022,358.285
korytarz3.pgm,rrt,93.9751,321.653,305.85,452.636,7.385,346.322
korytarz3.pgm,rrt,93.9751,321.653,305.85,452.636,301.78,341.022
korytarz3.pgm,rrt,93.9751,321.653,305.85,452.636,3039.99,316.501
korytarz3.pgm,rrt,93.9751,321.653,305.85,452.636,126.469,391.741
korytarz3.pgm,rrt,93.9751,321.653,305.85,452.636,319.946,430.134
korytarz3.pgm,rrt,93.9751,321.653,305.85,452.636,265.701,294.793
korytarz3.pgm,rrt,93.9751,321.653,305.85,452.636,425.323,362.981
korytarz3.pgm,rrt,93.9751,321.653,305.85,452.636,230.035,430.14
korytarz3.pgm,rrt,93.9751,321.653,305.85,452.636,235.667,359.114
korytarz3.pgm,rrt,93.9751,321.653,305.85,452.636,155.549,331.48
korytarz3.pgm,rrt,93.9751,321.653,305.85,452.636,35.082,333.266
korytarz3.pgm,rrt,93.9751,321.653,305.85,452.636,87.224,390.445
korytarz3.pgm,rrt,93.9751,321.653,305.85,452.636,6.945,318.427
korytarz3.pgm,rrt,93.9751,321.653,305.85,452.636,180.316,364.343
korytarz3.pgm,rrt,93.9751,321.653,305.85,452.636,298.304,356.17
korytarz3.pgm,rrt,93.9751,321.653,305.85,452.636,47.391,319.57
korytarz3.pgm,rrt,93.9751,321.653,305.85,452.636,679.664,373.267
korytarz3.pgm,rrt,93.9751,321.653,305.85,452.636,120.422,357.974
korytarz3.pgm,rrt,93.9751,321.653,305.85,452.636,362.991,289.972
korytarz3.pgm,rrt,93.9751,321.653,305.85,452.636,5332.34,417.638


korytarz3.pgm,rrt,69.9906,238.158,239.067,311.747,357.062,306.865
korytarz3.pgm,rrt,69.9906,238.158,239.067,311.747,3124.97,351.945
korytarz3.pgm,rrt,69.9906,238.158,239.067,311.747,6242.4,281.719
korytarz3.pgm,rrt,69.9906,238.158,239.067,311.747,181.424,502.028
korytarz3.pgm,rrt,69.9906,238.158,239.067,311.747,539.277,513.296
korytarz3.pgm,rrt,69.9906,238.158,239.067,311.747,781.271,569.96
korytarz3.pgm,rrt,69.9906,238.158,239.067,311.747,1452.61,538.356
korytarz3.pgm,rrt,69.9906,238.158,239.067,311.747,1172.4,596.402
korytarz3.pgm,rrt,69.9906,238.158,239.067,311.747,297.869,594.88
korytarz3.pgm,rrt,69.9906,238.158,239.067,311.747,1090.78,563.025
korytarz3.pgm,rrt,69.9906,238.158,239.067,311.747,4497.58,285.975
korytarz3.pgm,rrt,69.9906,238.158,239.067,311.747,200.725,299.707
korytarz3.pgm,rrt,69.9906,238.158,239.067,311.747,3325.92,638.297
korytarz3.pgm,rrt,69.9906,238.158,239.067,311.747,421.81,554.511
korytarz3.pgm,rrt,69.9906,238.158,239.067,311.747,2438.22,308.023
korytarz3.pgm,rrt,69.9906,238.158,239.067,311.747,1027.31,333.104
korytarz3.pgm,rrt,69.9906,238.158,239.067,311.747,270.275,570.207
korytarz3.pgm,rrt,69.9906,238.158,239.067,311.747,2532.35,503.647
korytarz3.pgm,rrt,69.9906,238.158,239.067,311.747,288.196,294.195
korytarz3.pgm,rrt,69.9906,238.158,239.067,311.747,138.754,525.252
korytarz3.pgm,rrt,69.9906,238.158,239.067,311.747,2545.1,320.277
korytarz3.pgm,rrt,69.9906,238.158,239.067,311.747,2397.79,673.902
korytarz3.pgm,rrt,69.9906,238.158,239.067,311.747,320.33,581.594
korytarz3.pgm,rrt,69.9906,238.158,239.067,311.747,12.92,507.304
korytarz3.pgm,rrt,69.9906,238.158,239.067,311.747,290.684,304.377
korytarz3.pgm,rrt,69.9906,238.158,239.067,311.747,300.412,374.775
korytarz3.pgm,rrt,69.9906,238.158,239.067,311.747,80.51,562.145
korytarz3.pgm,rrt,69.9906,238.158,239.067,311.747,196.019,539.95
korytarz3.pgm,rrt,69.9906,238.158,239.067,311.747,46.377,555.478
korytarz3.pgm,rrt,69.9906,238.158,239.067,311.747,786.84,318.847
korytarz3.pgm,rrt,69.9906,238.158,239.067,311.747,453.921,569.07
korytarz3.pgm,rrt,69.9906,238.158,239.067,311.747,452.374,295.183
korytarz3.pgm,rrt,69.9906,238.158,239.067,311.747,53.6,572.773
korytarz3.pgm,rrt,69.9906,238.158,239.067,311.747,185.654,546.796
korytarz3.pgm,rrt,69.9906,238.158,239.067,311.747,22.279,507.313
korytarz3.pgm,rrt,69.9906,238.158,239.067,311.747,680.696,525.368
korytarz3.pgm,rrt,69.9906,238.158,239.067,311.747,615.782,340.799
korytarz3.pgm,rrt,69.9906,238.158,239.067,311.747,56.849,553.87
korytarz3.pgm,rrt,69.9906,238.158,239.067,311.747,330.415,570.362
korytarz3.pgm,rrt,69.9906,238.158,239.067,311.747,403.213,310.255
korytarz3.pgm,rrt,69.9906,238.158,239.067,311.747,105.817,261.423
korytarz3.pgm,rrt,69.9906,238.158,239.067,311.747,361.304,609.527
korytarz3.pgm,rrt,69.9906,238.158,239.067,311.747,1438.94,349.717
korytarz3.pgm,rrt,69.9906,238.158,239.067,311.747,419.929,323.893
korytarz3.pgm,rrt,69.9906,238.158,239.067,311.747,709.986,533.63
korytarz3.pgm,rrt,69.9906,238.158,239.067,311.747,85.416,266.706
korytarz3.pgm,rrt,69.9906,238.158,239.067,311.747,1759.43,637.104
korytarz3.pgm,rrt,69.9906,238.158,239.067,311.747,2337.06,691.488
korytarz3.pgm,rrt,69.9906,238.158,239.067,311.747,2.545,278.404
korytarz3.pgm,rrt,69.9906,238.158,239.067,311.747,1002.75,332.093
korytarz3.pgm,rrt,69.9906,238.158,239.067,311.747,395.166,617.255
korytarz3.pgm,rrt,69.9906,238.158,239.067,311.747,215.771,304.113
korytarz3.pgm,rrt,69.9906,238.158,239.067,311.747,435.723,302.573
korytarz3.pgm,rrt,69.9906,238.158,239.067,311.747,2433.73,296.501
korytarz3.pgm,rrt,69.9906,238.158,239.067,311.747,662.32,305.516
korytarz3.pgm,rrt,69.9906,238.158,239.067,311.747,54.764,584.711
korytarz3.pgm,rrt,69.9906,238.158,239.067,311.747,386.427,566.019
korytarz3.pgm,rrt,69.9906,238.158,239.067,311.747,140.946,263.99
korytarz3.pgm,rrt,69.9906,238.158,239.067,311.747,487.145,287.265
korytarz3.pgm,rrt,69.9906,238.158,239.067,311.747,1826.53,584.487
korytarz3.pgm,rrt,69.9906,238.158,239.067,311.747,365.11,308.237
korytarz3.pgm,rrt,69.9906,238.158,239.067,311.747,447.34,592.582
korytarz3.pgm,rrt,69.9906,238.158,239.067,311.747,507.959,615.948
korytarz3.pgm,rrt,69.9906,238.158,239.067,311.747,620.607,428.269
korytarz3.pgm,rrt,69.9906,238.158,239.067,311.747,814.196,319.893
korytarz3.pgm,rrt,69.9906,238.158,239.067,311.747,2590.79,557.4
korytarz3.pgm,rrt,69.9906,238.158,239.067,311.747,386.139,291.544
korytarz3.pgm,rrt,69.9906,238.158,239.067,311.747,54.803,301.1
korytarz3.pgm,rrt,69.9906,238.158,239.067,311.747,3416.06,600.972
korytarz3.pgm,rrt,69.9906,238.158,239.067,311.747,997.201,603.187
korytarz3.pgm,rrt,69.9906,238.158,239.067,311.747,439.485,336.311
korytarz3.pgm,rrt,69.9906,238.158,239.067,311.747,403.558,293.261
korytarz3.pgm,rrt,69.9906,238.158,239.067,311.747,159.015,586.543
korytarz3.pgm,rrt,69.9906,238.158,239.067,311.747,47.614,553.719
korytarz3.pgm,rrt,69.9906,238.158,239.067,311.747,77.174,277.12
korytarz3.pgm,rrt,69.9906,238.158,239.067,311.747,699.754,348.34
korytarz3.pgm,rrt,69.9906,238.158,239.067,311.747,1571.18,295.61
korytarz3.pgm,rrt,69.9906,238.158,239.067,311.747,195.576,663.031
korytarz3.pgm,rrt,69.9906,238.158,239.067,311.747,470.505,515.496
korytarz3.pgm,rrt,69.9906,238.158,239.067,311.747,1085.88,290.374
korytarz3.pgm,rrt,69.9906,238.158,239.067,311.747,704.856,510.43
korytarz3.pgm,rrt,69.9906,238.158,239.067,311.747,4033.26,290.849
korytarz3.pgm,rrt,69.9906,238.158,239.067,311.747,252.593,321.458
korytarz3.pgm,rrt,69.9906,238.158,239.067,311.747,1224.44,574.989
korytarz3.pgm,rrt,69.9906,238.158,239.067,311.747,908.368,647.925
korytarz3.pgm,rrt,69.9906,238.158,239.067,311.747,53.699,264.493
korytarz3.pgm,rrt,69.9906,238.158,239.067,311.747,133.136,320.672
korytarz3.pgm,rrt,69.9906,238.158,239.067,311.747,3993.63,590.04
korytarz3.pgm,rrt,69.9906,238.158,239.067,311.747,1305.12,283.46
korytarz3.pgm,rrt,69.9906,238.158,239.067,311.747,31.742,538.219
korytarz3.pgm,rrt,69.9906,238.158,239.067,311.747,342.089,245.951
korytarz3.pgm,rrt,69.9906,238.158,239.067,311.747,2643.66,388.664
korytarz3.pgm,rrt,69.9906,238.158,239.067,311.747,243.344,567.199
korytarz3.pgm,rrt,69.9906,238.158,239.067,311.747,3684.35,312.239
korytarz3.pgm,rrt,69.9906,238.158,239.067,311.747,543.887,541.32
korytarz3.pgm,rrt,69.9906,238.158,239.067,311.747,793.572,306.327
korytarz3.pgm,rrt,69.9906,238.158,239.067,311.747,201.38,560.843
korytarz3.pgm,rrt,69.9906,238.158,239.067,311.747,1297.14,342.424
korytarz3.pgm,rrt,69.9906,238.158,239.067,311.747,163.351,302.327
korytarz3.pgm,rrt,69.9906,238.158,239.067,311.747,1713.34,269.357


