korytarz1.pgm,df,281.015,289.882,315.164,428.619,21.259,2148.01
korytarz1.pgm,df,281.015,289.882,315.164,428.619,19.608,2148.01
korytarz1.pgm,df,281.015,289.882,315.164,428.619,20.29,2148.01
korytarz1.pgm,df,281.015,289.882,315.164,428.619,19.486,2148.01
korytarz1.pgm,df,281.015,289.882,315.164,428.619,20.415,2148.01
korytarz1.pgm,df,281.015,289.882,315.164,428.619,20.346,2148.01
korytarz1.pgm,df,281.015,289.882,315.164,428.619,20.028,2148.01
korytarz1.pgm,df,281.015,289.882,315.164,428.619,19.001,2148.01
korytarz1.pgm,df,281.015,289.882,315.164,428.619,18.013,2148.01
korytarz1.pgm,df,281.015,289.882,315.164,428.619,17.788,2148.01
korytarz1.pgm,df,281.015,289.882,315.164,428.619,18.743,2148.01
korytarz1.pgm,df,281.015,289.882,315.164,428.619,18.202,2148.01
korytarz1.pgm,df,281.015,289.882,315.164,428.619,20.147,2148.01
korytarz1.pgm,df,281.015,289.882,315.164,428.619,18.001,2148.01
korytarz1.pgm,df,281.015,289.882,315.164,428.619,17.37,2148.01
korytarz1.pgm,df,281.015,289.882,315.164,428.619,17.414,2148.01
korytarz1.pgm,df,281.015,289.882,315.164,428.619,18.094,2148.01
korytarz1.pgm,df,281.015,289.882,315.164,428.619,20.728,2148.01
korytarz1.pgm,df,281.015,289.882,315.164,428.619,18.393,2148.01
korytarz1.pgm,df,281.015,289.882,315.164,428.619,17.389,2148.01
korytarz1.pgm,df,281.015,289.882,315.164,428.619,18.058,2148.01
korytarz1.pgm,df,281.015,289.882,315.164,428.619,17.411,2148.01
korytarz1.pgm,df,281.015,289.882,315.164,428.619,17.839,2148.01
korytarz1.pgm,df,281.015,289.882,315.164,428.619,18.526,2148.01
korytarz1.pgm,df,281.015,289.882,315.164,428.619,18.292,2148.01
korytarz1.pgm,df,281.015,289.882,315.164,428.619,17.449,2148.01
korytarz1.pgm,df,281.015,289.882,315.164,428.619,17.455,2148.01
korytarz1.pgm,df,281.015,289.882,315.164,428.619,17.547,2148.01
korytarz1.pgm,df,281.015,289.882,315.164,428.619,17.599,2148.01
korytarz1.pgm,df,281.015,289.882,315.164,428.619,18.374,2148.01
korytarz1.pgm,df,281.015,289.882,315.164,428.619,17.882,2148.01
korytarz1.pgm,df,281.015,289.882,315.164,428.619,17.745,2148.01
korytarz1.pgm,df,281.015,289.882,315.164,428.619,18.495,2148.01
korytarz1.pgm,df,281.015,289.882,315.164,428.619,17.628,2148.01
korytarz1.pgm,df,281.015,289.882,315.164,428.619,17.714,2148.01
korytarz1.pgm,df,281.015,289.882,315.164,428.619,18.065,2148.01
korytarz1.pgm,df,281.015,289.882,315.164,428.619,17.849,2148.01
korytarz1.pgm,df,281.015,289.882,315.164,428.619,17.427,2148.01
korytarz1.pgm,df,281.015,289.882,315.164,428.619,17.774,2148.01
korytarz1.pgm,df,281.015,289.882,315.164,428.619,24.396,2148.01
korytarz1.pgm,df,281.015,289.882,315.164,428.619,28.075,2148.01
korytarz1.pgm,df,281.015,289.882,315.164,428.619,27.41,2148.01
korytarz1.pgm,df,281.015,289.882,315.164,428.619,27.428,2148.01
korytarz1.pgm,df,281.015,289.882,315.164,428.619,28.299,2148.01
korytarz1.pgm,df,281.015,289.882,315.164,428.619,28.225,2148.01
korytarz1.pgm,df,281.015,289.882,315.164,428.619,28.355,2148.01
korytarz1.pgm,df,281.015,289.882,315.164,428.619,28.654,2148.01
korytarz1.pgm,df,281.015,289.882,315.164,428.619,26.941,2148.01
korytarz1.pgm,df,281.015,289.882,315.164,428.619,18.996,2148.01
korytarz1.pgm,df,281.015,289.882,315.164,428.619,19.175,2148.01
korytarz1.pgm,df,281.015,289.882,315.164,428.619,26.26,2148.01
korytarz1.pgm,df,281.015,289.882,315.164,428.619,27.654,2148.01
korytarz1.pgm,df,281.015,289.882,315.164,428.619,21.294,2148.01
korytarz1.pgm,df,281.015,289.882,315.164,428.619,19.742,2148.01
korytarz1.pgm,df,281.015,289.882,315.164,428.619,24.081,2148.01
korytarz1.pgm,df,281.015,289.882,315.164,428.619,21.99,2148.01
korytarz1.pgm,df,281.015,289.882,315.164,428.619,20.417,2148.01
korytarz1.pgm,df,281.015,289.882,315.164,428.619,22.727,2148.01
korytarz1.pgm,df,281.015,289.882,315.164,428.619,23.323,2148.01
korytarz1.pgm,df,281.015,289.882,315.164,428.619,24.166,2148.01
korytarz1.pgm,df,281.015,289.882,315.164,428.619,21.048,2148.01
korytarz1.pgm,df,281.015,289.882,315.164,428.619,20.353,2148.01
korytarz1.pgm,df,281.015,289.882,315.164,428.619,20.001,2148.01
korytarz1.pgm,df,281.015,289.882,315.164,428.619,19.285,2148.01
korytarz1.pgm,df,281.015,289.882,315.164,428.619,20.104,2148.01
korytarz1.pgm,df,281.015,289.882,315.164,428.619,21.799,2148.01
korytarz1.pgm,df,281.015,289.882,315.164,428.619,17.791,2148.01
korytarz1.pgm,df,281.015,289.882,315.164,428.619,17.958,2148.01
korytarz1.pgm,df,281.015,289.882,315.164,428.619,17.282,2148.01
korytarz1.pgm,df,281.015,289.882,315.164,428.619,17.287,2148.01
korytarz1.pgm,df,281.015,289.882,315.164,428.619,17.479,2148.01
korytarz1.pgm,df,281.015,289.882,315.164,428.619,17.527,2148.01
korytarz1.pgm,df,281.015,289.882,315.164,428.619,18.125,2148.01
korytarz1.pgm,df,281.015,289.882,315.164,428.619,17.518,2148.01
korytarz1.pgm,df,281.015,289.882,315.164,428.619,17.29,2148.01
korytarz1.pgm,df,281.015,289.882,315.164,428.619,17.931,2148.01
korytarz1.pgm,df,281.015,289.882,315.164,428.619,17.902,2148.01
korytarz1.pgm,df,281.015,289.882,315.164,428.619,17.576,2148.01
korytarz1.pgm,df,281.015,289.882,315.164,428.619,18.123,2148.01
korytarz1.pgm,df,281.015,289.882,315.164,428.619,18.603,2148.01
korytarz1.pgm,df,281.015,289.882,315.164,428.619,17.725,2148.01
korytarz1.pgm,df,281.015,289.882,315.164,428.619,17.946,2148.01
korytarz1.pgm,df,281.015,289.882,315.164,428.619,17.527,2148.01
korytarz1.pgm,df,281.015,289.882,315.164,428.619,17.787,2148.01
korytarz1.pgm,df,281.015,289.882,315.164,428.619,17.401,2148.01
korytarz1.pgm,df,281.015,289.882,315.164,428.619,17.23,2148.01
korytarz1.pgm,df,281.015,289.882,315.164,428.619,17.504,2148.01
korytarz1.pgm,df,281.015,289.882,315.164,428.619,18.53,2148.01
korytarz1.pgm,df,281.015,289.882,315.164,428.619,17.741,2148.01
korytarz1.pgm,df,281.015,289.882,315.164,428.619,18.498,2148.01
korytarz1.pgm,df,281.015,289.882,315.164,428.619,18.015,2148.01
korytarz1.pgm,df,281.015,289.882,315.164,428.619,17.748,2148.01
korytarz1.pgm,df,281.015,289.882,315.164,428.619,18.445,2148.01
korytarz1.pgm,df,281.015,289.882,315.164,428.619,20.294,2148.01
korytarz1.pgm,df,281.015,289.882,315.164,428.619,23.303,2148.01
korytarz1.pgm,df,281.015,289.882,315.164,428.619,23.393,2148.01
korytarz1.pgm,df,281.015,289.882,315.164,428.619,20.08,2148.01
korytarz1.pgm,df,281.015,289.882,315.164,428.619,20.139,2148.01
korytarz1.pgm,df,281.015,289.882,315.164,428.619,21.779,2148.01
korytarz1.pgm,df,281.015,289.882,315.164,428.619,19.979,2148.01


korytarz1.pgm,df,205.935,331.552,506.227,157.698,39.773,649.075
korytarz1.pgm,df,205.935,331.552,506.227,157.698,39.537,649.075
korytarz1.pgm,df,205.935,331.552,506.227,157.698,39.452,649.075
korytarz1.pgm,df,205.935,331.552,506.227,157.698,38.423,649.075
korytarz1.pgm,df,205.935,331.552,506.227,157.698,36.311,649.075
korytarz1.pgm,df,205.935,331.552,506.227,157.698,34.188,649.075
korytarz1.pgm,df,205.935,331.552,506.227,157.698,33.686,649.075
korytarz1.pgm,df,205.935,331.552,506.227,157.698,32.836,649.075
korytarz1.pgm,df,205.935,331.552,506.227,157.698,33.723,649.075
korytarz1.pgm,df,205.935,331.552,506.227,157.698,33.539,649.075
korytarz1.pgm,df,205.935,331.552,506.227,157.698,33.03,649.075
korytarz1.pgm,df,205.935,331.552,506.227,157.698,32.902,649.075
korytarz1.pgm,df,205.935,331.552,506.227,157.698,33.432,649.075
korytarz1.pgm,df,205.935,331.552,506.227,157.698,33.721,649.075
korytarz1.pgm,df,205.935,331.552,506.227,157.698,33.556,649.075
korytarz1.pgm,df,205.935,331.552,506.227,157.698,34.033,649.075
korytarz1.pgm,df,205.935,331.552,506.227,157.698,33.639,649.075
korytarz1.pgm,df,205.935,331.552,506.227,157.698,34.427,649.075
korytarz1.pgm,df,205.935,331.552,506.227,157.698,33.488,649.075
korytarz1.pgm,df,205.935,331.552,506.227,157.698,33.281,649.075
korytarz1.pgm,df,205.935,331.552,506.227,157.698,33.448,649.075
korytarz1.pgm,df,205.935,331.552,506.227,157.698,33.405,649.075
korytarz1.pgm,df,205.935,331.552,506.227,157.698,32.844,649.075
korytarz1.pgm,df,205.935,331.552,506.227,157.698,33.941,649.075
korytarz1.pgm,df,205.935,331.552,506.227,157.698,32.952,649.075
korytarz1.pgm,df,205.935,331.552,506.227,157.698,32.649,649.075
korytarz1.pgm,df,205.935,331.552,506.227,157.698,33.048,649.075
korytarz1.pgm,df,205.935,331.552,506.227,157.698,32.741,649.075
korytarz1.pgm,df,205.935,331.552,506.227,157.698,33.029,649.075
korytarz1.pgm,df,205.935,331.552,506.227,157.698,33.355,649.075
korytarz1.pgm,df,205.935,331.552,506.227,157.698,33.12,649.075
korytarz1.pgm,df,205.935,331.552,506.227,157.698,33.657,649.075
korytarz1.pgm,df,205.935,331.552,506.227,157.698,33.908,649.075
korytarz1.pgm,df,205.935,331.552,506.227,157.698,33.442,649.075
korytarz1.pgm,df,205.935,331.552,506.227,157.698,32.568,649.075
korytarz1.pgm,df,205.935,331.552,506.227,157.698,33.311,649.075
korytarz1.pgm,df,205.935,331.552,506.227,157.698,33.322,649.075
korytarz1.pgm,df,205.935,331.552,506.227,157.698,34.695,649.075
korytarz1.pgm,df,205.935,331.552,506.227,157.698,35.205,649.075
korytarz1.pgm,df,205.935,331.552,506.227,157.698,34.372,649.075
korytarz1.pgm,df,205.935,331.552,506.227,157.698,33.682,649.075
korytarz1.pgm,df,205.935,331.552,506.227,157.698,34.982,649.075
korytarz1.pgm,df,205.935,331.552,506.227,157.698,34.307,649.075
korytarz1.pgm,df,205.935,331.552,506.227,157.698,34.283,649.075
korytarz1.pgm,df,205.935,331.552,506.227,157.698,34.237,649.075
korytarz1.pgm,df,205.935,331.552,506.227,157.698,33.499,649.075
korytarz1.pgm,df,205.935,331.552,506.227,157.698,33.636,649.075
korytarz1.pgm,df,205.935,331.552,506.227,157.698,34.062,649.075
korytarz1.pgm,df,205.935,331.552,506.227,157.698,33.738,649.075
korytarz1.pgm,df,205.935,331.552,506.227,157.698,33.187,649.075
korytarz1.pgm,df,205.935,331.552,506.227,157.698,33.786,649.075
korytarz1.pgm,df,205.935,331.552,506.227,157.698,33.135,649.075
korytarz1.pgm,df,205.935,331.552,506.227,157.698,32.754,649.075
korytarz1.pgm,df,205.935,331.552,506.227,157.698,35.86,649.075
korytarz1.pgm,df,205.935,331.552,506.227,157.698,33.852,649.075
korytarz1.pgm,df,205.935,331.552,506.227,157.698,32.929,649.075
korytarz1.pgm,df,205.935,331.552,506.227,157.698,34.12,649.075
korytarz1.pgm,df,205.935,331.552,506.227,157.698,33.725,649.075
korytarz1.pgm,df,205.935,331.552,506.227,157.698,38.652,649.075
korytarz1.pgm,df,205.935,331.552,506.227,157.698,40.539,649.075
korytarz1.pgm,df,205.935,331.552,506.227,157.698,42.028,649.075
korytarz1.pgm,df,205.935,331.552,506.227,157.698,37.279,649.075
korytarz1.pgm,df,205.935,331.552,506.227,157.698,34.385,649.075
korytarz1.pgm,df,205.935,331.552,506.227,157.698,32.991,649.075
korytarz1.pgm,df,205.935,331.552,506.227,157.698,32.63,649.075
korytarz1.pgm,df,205.935,331.552,506.227,157.698,33.928,649.075
korytarz1.pgm,df,205.935,331.552,506.227,157.698,32.948,649.075
korytarz1.pgm,df,205.935,331.552,506.227,157.698,35.108,649.075
korytarz1.pgm,df,205.935,331.552,506.227,157.698,33.639,649.075
korytarz1.pgm,df,205.935,331.552,506.227,157.698,33.305,649.075
korytarz1.pgm,df,205.935,331.552,506.227,157.698,32.828,649.075
korytarz1.pgm,df,205.935,331.552,506.227,157.698,33.571,649.075
korytarz1.pgm,df,205.935,331.552,506.227,157.698,33.141,649.075
korytarz1.pgm,df,205.935,331.552,506.227,157.698,33.648,649.075
korytarz1.pgm,df,205.935,331.552,506.227,157.698,33.871,649.075
korytarz1.pgm,df,205.935,331.552,506.227,157.698,34.023,649.075
korytarz1.pgm,df,205.935,331.552,506.227,157.698,33.428,649.075
korytarz1.pgm,df,205.935,331.552,506.227,157.698,33.423,649.075
korytarz1.pgm,df,205.935,331.552,506.227,157.698,34.925,649.075
korytarz1.pgm,df,205.935,331.552,506.227,157.698,34.55,649.075
korytarz1.pgm,df,205.935,331.552,506.227,157.698,34.82,649.075
korytarz1.pgm,df,205.935,331.552,506.227,157.698,34.539,649.075
korytarz1.pgm,df,205.935,331.552,506.227,157.698,36.77,649.075
korytarz1.pgm,df,205.935,331.552,506.227,157.698,34.416,649.075
korytarz1.pgm,df,205.935,331.552,506.227,157.698,37.446,649.075
korytarz1.pgm,df,205.935,331.552,506.227,157.698,33.28,649.075
korytarz1.pgm,df,205.935,331.552,506.227,157.698,32.827,649.075
korytarz1.pgm,df,205.935,331.552,506.227,157.698,33.354,649.075
korytarz1.pgm,df,205.935,331.552,506.227,157.698,33.501,649.075
korytarz1.pgm,df,205.935,331.552,506.227,157.698,33.389,649.075
korytarz1.pgm,df,205.935,331.552,506.227,157.698,32.639,649.075
korytarz1.pgm,df,205.935,331.552,506.227,157.698,33.756,649.075
korytarz1.pgm,df,205.935,331.552,506.227,157.698,32.867,649.075
korytarz1.pgm,df,205.935,331.552,506.227,157.698,32.493,649.075
korytarz1.pgm,df,205.935,331.552,506.227,157.698,33.319,649.075
korytarz1.pgm,df,205.935,331.552,506.227,157.698,33.175,649.075
korytarz1.pgm,df,205.935,331.552,506.227,157.698,33.179,649.075
korytarz1.pgm,df,205.935,331.552,506.227,157.698,36.806,649.075
korytarz1.pgm,df,205.935,331.552,506.227,157.698,35.802,649.075
korytarz1.pgm,df,205.935,331.552,506.227,157.698,36.421,649.075


korytarz1.pgm,df,281.095,269.638,393.121,220.771,47.739,613.506
korytarz1.pgm,df,281.095,269.638,393.121,220.771,42.947,613.506
korytarz1.pgm,df,281.095,269.638,393.121,220.771,43.894,613.506
korytarz1.pgm,df,281.095,269.638,393.121,220.771,47.724,613.506
korytarz1.pgm,df,281.095,269.638,393.121,220.771,43.028,613.506
korytarz1.pgm,df,281.095,269.638,393.121,220.771,43.075,613.506
korytarz1.pgm,df,281.095,269.638,393.121,220.771,43.086,613.506
korytarz1.pgm,df,281.095,269.638,393.121,220.771,43.471,613.506
korytarz1.pgm,df,281.095,269.638,393.121,220.771,42.791,613.506
korytarz1.pgm,df,281.095,269.638,393.121,220.771,42.804,613.506
korytarz1.pgm,df,281.095,269.638,393.121,220.771,42.858,613.506
korytarz1.pgm,df,281.095,269.638,393.121,220.771,43.391,613.506
korytarz1.pgm,df,281.095,269.638,393.121,220.771,43.822,613.506
korytarz1.pgm,df,281.095,269.638,393.121,220.771,43.266,613.506
korytarz1.pgm,df,281.095,269.638,393.121,220.771,43.547,613.506
korytarz1.pgm,df,281.095,269.638,393.121,220.771,42.888,613.506
korytarz1.pgm,df,281.095,269.638,393.121,220.771,42.863,613.506
korytarz1.pgm,df,281.095,269.638,393.121,220.771,43.692,613.506
korytarz1.pgm,df,281.095,269.638,393.121,220.771,42.738,613.506
korytarz1.pgm,df,281.095,269.638,393.121,220.771,43.445,613.506
korytarz1.pgm,df,281.095,269.638,393.121,220.771,42.674,613.506
korytarz1.pgm,df,281.095,269.638,393.121,220.771,42.74,613.506
korytarz1.pgm,df,281.095,269.638,393.121,220.771,44.052,613.506
korytarz1.pgm,df,281.095,269.638,393.121,220.771,42.733,613.506
korytarz1.pgm,df,281.095,269.638,393.121,220.771,43.149,613.506
korytarz1.pgm,df,281.095,269.638,393.121,220.771,43.259,613.506
korytarz1.pgm,df,281.095,269.638,393.121,220.771,43.777,613.506
korytarz1.pgm,df,281.095,269.638,393.121,220.771,42.676,613.506
korytarz1.pgm,df,281.095,269.638,393.121,220.771,43.731,613.506
korytarz1.pgm,df,281.095,269.638,393.121,220.771,42.541,613.506
korytarz1.pgm,df,281.095,269.638,393.121,220.771,42.377,613.506
korytarz1.pgm,df,281.095,269.638,393.121,220.771,43.057,613.506
korytarz1.pgm,df,281.095,269.638,393.121,220.771,42.52,613.506
korytarz1.pgm,df,281.095,269.638,393.121,220.771,43.075,613.506
korytarz1.pgm,df,281.095,269.638,393.121,220.771,43.013,613.506
korytarz1.pgm,df,281.095,269.638,393.121,220.771,43.493,613.506
korytarz1.pgm,df,281.095,269.638,393.121,220.771,43.229,613.506
korytarz1.pgm,df,281.095,269.638,393.121,220.771,44.029,613.506
korytarz1.pgm,df,281.095,269.638,393.121,220.771,43.322,613.506
korytarz1.pgm,df,281.095,269.638,393.121,220.771,42.724,613.506
korytarz1.pgm,df,281.095,269.638,393.121,220.771,43.136,613.506
korytarz1.pgm,df,281.095,269.638,393.121,220.771,43.682,613.506
korytarz1.pgm,df,281.095,269.638,393.121,220.771,42.364,613.506
korytarz1.pgm,df,281.095,269.638,393.121,220.771,42.74,613.506
korytarz1.pgm,df,281.095,269.638,393.121,220.771,43.351,613.506
korytarz1.pgm,df,281.095,269.638,393.121,220.771,43.17,613.506
korytarz1.pgm,df,281.095,269.638,393.121,220.771,43.08,613.506
korytarz1.pgm,df,281.095,269.638,393.121,220.771,42.518,613.506
korytarz1.pgm,df,281.095,269.638,393.121,220.771,42.942,613.506
korytarz1.pgm,df,281.095,269.638,393.121,220.771,42.719,613.506
korytarz1.pgm,df,281.095,269.638,393.121,220.771,43.134,613.506
korytarz1.pgm,df,281.095,269.638,393.121,220.771,42.676,613.506
korytarz1.pgm,df,281.095,269.638,393.121,220.771,42.84,613.506
korytarz1.pgm,df,281.095,269.638,393.121,220.771,42.914,613.506
korytarz1.pgm,df,281.095,269.638,393.121,220.771,42.568,613.506
korytarz1.pgm,df,281.095,269.638,393.121,220.771,43.053,613.506
korytarz1.pgm,df,281.095,269.638,393.121,220.771,43.232,613.506
korytarz1.pgm,df,281.095,269.638,393.121,220.771,44.72,613.506
korytarz1.pgm,df,281.095,269.638,393.121,220.771,42.94,613.506
korytarz1.pgm,df,281.095,269.638,393.121,220.771,42.731,613.506
korytarz1.pgm,df,281.095,269.638,393.121,220.771,43.397,613.506
korytarz1.pgm,df,281.095,269.638,393.121,220.771,44.133,613.506
korytarz1.pgm,df,281.095,269.638,393.121,220.771,43.045,613.506
korytarz1.pgm,df,281.095,269.638,393.121,220.771,42.435,613.506
korytarz1.pgm,df,281.095,269.638,393.121,220.771,43.24,613.506
korytarz1.pgm,df,281.095,269.638,393.121,220.771,42.316,613.506
korytarz1.pgm,df,281.095,269.638,393.121,220.771,42.495,613.506
korytarz1.pgm,df,281.095,269.638,393.121,220.771,43.411,613.506
korytarz1.pgm,df,281.095,269.638,393.121,220.771,42.581,613.506
korytarz1.pgm,df,281.095,269.638,393.121,220.771,43.051,613.506
korytarz1.pgm,df,281.095,269.638,393.121,220.771,42.245,613.506
korytarz1.pgm,df,281.095,269.638,393.121,220.771,43.073,613.506
korytarz1.pgm,df,281.095,269.638,393.121,220.771,42.336,613.506
korytarz1.pgm,df,281.095,269.638,393.121,220.771,42.83,613.506
korytarz1.pgm,df,281.095,269.638,393.121,220.771,43.036,613.506
korytarz1.pgm,df,281.095,269.638,393.121,220.771,42.227,613.506
korytarz1.pgm,df,281.095,269.638,393.121,220.771,42.998,613.506
korytarz1.pgm,df,281.095,269.638,393.121,220.771,42.368,613.506
korytarz1.pgm,df,281.095,269.638,393.121,220.771,42.808,613.506
korytarz1.pgm,df,281.095,269.638,393.121,220.771,43.61,613.506
korytarz1.pgm,df,281.095,269.638,393.121,220.771,42.694,613.506
korytarz1.pgm,df,281.095,269.638,393.121,220.771,43.66,613.506
korytarz1.pgm,df,281.095,269.638,393.121,220.771,50.553,613.506
korytarz1.pgm,df,281.095,269.638,393.121,220.771,44.363,613.506
korytarz1.pgm,df,281.095,269.638,393.121,220.771,42.454,613.506
korytarz1.pgm,df,281.095,269.638,393.121,220.771,43.187,613.506
korytarz1.pgm,df,281.095,269.638,393.121,220.771,42.777,613.506
korytarz1.pgm,df,281.095,269.638,393.121,220.771,42.975,613.506
korytarz1.pgm,df,281.095,269.638,393.121,220.771,43.043,613.506
korytarz1.pgm,df,281.095,269.638,393.121,220.771,42.547,613.506
korytarz1.pgm,df,281.095,269.638,393.121,220.771,43.566,613.506
korytarz1.pgm,df,281.095,269.638,393.121,220.771,42.686,613.506
korytarz1.pgm,df,281.095,269.638,393.121,220.771,43.14,613.506
korytarz1.pgm,df,281.095,269.638,393.121,220.771,42.448,613.506
korytarz1.pgm,df,281.095,269.638,393.121,220.771,42.356,613.506
korytarz1.pgm,df,281.095,269.638,393.121,220.771,43.407,613.506
korytarz1.pgm,df,281.095,269.638,393.121,220.771,42.833,613.506
korytarz1.pgm,df,281.095,269.638,393.121,220.771,43.002,613.506
korytarz1.pgm,df,281.095,269.638,393.121,220.771,42.679,613.506
korytarz1.pgm,df,281.095,269.638,393.121,220.771,42.639,613.506


korytarz1.pgm,df,277.793,254.32,320.145,492.106,16.174,2710.6
korytarz1.pgm,df,277.793,254.32,320.145,492.106,16.042,2710.6
korytarz1.pgm,df,277.793,254.32,320.145,492.106,15.948,2710.6
korytarz1.pgm,df,277.793,254.32,320.145,492.106,16.134,2710.6
korytarz1.pgm,df,277.793,254.32,320.145,492.106,15.863,2710.6
korytarz1.pgm,df,277.793,254.32,320.145,492.106,16.186,2710.6
korytarz1.pgm,df,277.793,254.32,320.145,492.106,16.168,2710.6
korytarz1.pgm,df,277.793,254.32,320.145,492.106,16.602,2710.6
korytarz1.pgm,df,277.793,254.32,320.145,492.106,15.93,2710.6
korytarz1.pgm,df,277.793,254.32,320.145,492.106,16.052,2710.6
korytarz1.pgm,df,277.793,254.32,320.145,492.106,16.065,2710.6
korytarz1.pgm,df,277.793,254.32,320.145,492.106,16.395,2710.6
korytarz1.pgm,df,277.793,254.32,320.145,492.106,16.28,2710.6
korytarz1.pgm,df,277.793,254.32,320.145,492.106,16.203,2710.6
korytarz1.pgm,df,277.793,254.32,320.145,492.106,16.259,2710.6
korytarz1.pgm,df,277.793,254.32,320.145,492.106,16.076,2710.6
korytarz1.pgm,df,277.793,254.32,320.145,492.106,15.933,2710.6
korytarz1.pgm,df,277.793,254.32,320.145,492.106,18.828,2710.6
korytarz1.pgm,df,277.793,254.32,320.145,492.106,18.268,2710.6
korytarz1.pgm,df,277.793,254.32,320.145,492.106,16.445,2710.6
korytarz1.pgm,df,277.793,254.32,320.145,492.106,16.068,2710.6
korytarz1.pgm,df,277.793,254.32,320.145,492.106,16.044,2710.6
korytarz1.pgm,df,277.793,254.32,320.145,492.106,15.945,2710.6
korytarz1.pgm,df,277.793,254.32,320.145,492.106,16.208,2710.6
korytarz1.pgm,df,277.793,254.32,320.145,492.106,16.213,2710.6
korytarz1.pgm,df,277.793,254.32,320.145,492.106,16.339,2710.6
korytarz1.pgm,df,277.793,254.32,320.145,492.106,16.279,2710.6
korytarz1.pgm,df,277.793,254.32,320.145,492.106,16.149,2710.6
korytarz1.pgm,df,277.793,254.32,320.145,492.106,15.918,2710.6
korytarz1.pgm,df,277.793,254.32,320.145,492.106,16.522,2710.6
korytarz1.pgm,df,277.793,254.32,320.145,492.106,16.138,2710.6
korytarz1.pgm,df,277.793,254.32,320.145,492.106,16.373,2710.6
korytarz1.pgm,df,277.793,254.32,320.145,492.106,16.24,2710.6
korytarz1.pgm,df,277.793,254.32,320.145,492.106,16.066,2710.6
korytarz1.pgm,df,277.793,254.32,320.145,492.106,15.996,2710.6
korytarz1.pgm,df,277.793,254.32,320.145,492.106,16.174,2710.6
korytarz1.pgm,df,277.793,254.32,320.145,492.106,15.968,2710.6
korytarz1.pgm,df,277.793,254.32,320.145,492.106,17.039,2710.6
korytarz1.pgm,df,277.793,254.32,320.145,492.106,16.126,2710.6
korytarz1.pgm,df,277.793,254.32,320.145,492.106,16.052,2710.6
korytarz1.pgm,df,277.793,254.32,320.145,492.106,15.935,2710.6
korytarz1.pgm,df,277.793,254.32,320.145,492.106,16.078,2710.6
korytarz1.pgm,df,277.793,254.32,320.145,492.106,15.991,2710.6
korytarz1.pgm,df,277.793,254.32,320.145,492.106,16.227,2710.6
korytarz1.pgm,df,277.793,254.32,320.145,492.106,16.179,2710.6
korytarz1.pgm,df,277.793,254.32,320.145,492.106,16.032,2710.6
korytarz1.pgm,df,277.793,254.32,320.145,492.106,15.98,2710.6
korytarz1.pgm,df,277.793,254.32,320.145,492.106,15.913,2710.6
korytarz1.pgm,df,277.793,254.32,320.145,492.106,16.295,2710.6
korytarz1.pgm,df,277.793,254.32,320.145,492.106,16.081,2710.6
korytarz1.pgm,df,277.793,254.32,320.145,492.106,16.177,2710.6
korytarz1.pgm,df,277.793,254.32,320.145,492.106,16.635,2710.6
korytarz1.pgm,df,277.793,254.32,320.145,492.106,16.074,2710.6
korytarz1.pgm,df,277.793,254.32,320.145,492.106,15.885,2710.6
korytarz1.pgm,df,277.793,254.32,320.145,492.106,16.036,2710.6
korytarz1.pgm,df,277.793,254.32,320.145,492.106,16.064,2710.6
korytarz1.pgm,df,277.793,254.32,320.145,492.106,16.238,2710.6
korytarz1.pgm,df,277.793,254.32,320.145,492.106,16.018,2710.6
korytarz1.pgm,df,277.793,254.32,320.145,492.106,16.022,2710.6
korytarz1.pgm,df,277.793,254.32,320.145,492.106,16.045,2710.6
korytarz1.pgm,df,277.793,254.32,320.145,492.106,16.078,2710.6
korytarz1.pgm,df,277.793,254.32,320.145,492.106,16.027,2710.6
korytarz1.pgm,df,277.793,254.32,320.145,492.106,16.108,2710.6
korytarz1.pgm,df,277.793,254.32,320.145,492.106,16.254,2710.6
korytarz1.pgm,df,277.793,254.32,320.145,492.106,16.084,2710.6
korytarz1.pgm,df,277.793,254.32,320.145,492.106,15.957,2710.6
korytarz1.pgm,df,277.793,254.32,320.145,492.106,16.064,2710.6
korytarz1.pgm,df,277.793,254.32,320.145,492.106,16.142,2710.6
korytarz1.pgm,df,277.793,254.32,320.145,492.106,16.917,2710.6
korytarz1.pgm,df,277.793,254.32,320.145,492.106,16.285,2710.6
korytarz1.pgm,df,277.793,254.32,320.145,492.106,16.349,2710.6
korytarz1.pgm,df,277.793,254.32,320.145,492.106,16.038,2710.6
korytarz1.pgm,df,277.793,254.32,320.145,492.106,16.082,2710.6
korytarz1.pgm,df,277.793,254.32,320.145,492.106,16.056,2710.6
korytarz1.pgm,df,277.793,254.32,320.145,492.106,15.962,2710.6
korytarz1.pgm,df,277.793,254.32,320.145,492.106,16.472,2710.6
korytarz1.pgm,df,277.793,254.32,320.145,492.106,16.302,2710.6
korytarz1.pgm,df,277.793,254.32,320.145,492.106,15.989,2710.6
korytarz1.pgm,df,277.793,254.32,320.145,492.106,16.14,2710.6
korytarz1.pgm,df,277.793,254.32,320.145,492.106,16.568,2710.6
korytarz1.pgm,df,277.793,254.32,320.145,492.106,15.946,2710.6
korytarz1.pgm,df,277.793,254.32,320.145,492.106,16.132,2710.6
korytarz1.pgm,df,277.793,254.32,320.145,492.106,16.049,2710.6
korytarz1.pgm,df,277.793,254.32,320.145,492.106,16.121,2710.6
korytarz1.pgm,df,277.793,254.32,320.145,492.106,16.044,2710.6
korytarz1.pgm,df,277.793,254.32,320.145,492.106,16.073,2710.6
korytarz1.pgm,df,277.793,254.32,320.145,492.106,15.906,2710.6
korytarz1.pgm,df,277.793,254.32,320.145,492.106,16.06,2710.6
korytarz1.pgm,df,277.793,254.32,320.145,492.106,16.131,2710.6
korytarz1.pgm,df,277.793,254.32,320.145,492.106,15.967,2710.6
korytarz1.pgm,df,277.793,254.32,320.145,492.106,16.115,2710.6
korytarz1.pgm,df,277.793,254.32,320.145,492.106,16.262,2710.6
korytarz1.pgm,df,277.793,254.32,320.145,492.106,16.036,2710.6
korytarz1.pgm,df,277.793,254.32,320.145,492.106,16.011,2710.6
korytarz1.pgm,df,277.793,254.32,320.145,492.106,16.257,2710.6
korytarz1.pgm,df,277.793,254.32,320.145,492.106,16.186,2710.6
korytarz1.pgm,df,277.793,254.32,320.145,492.106,15.985,2710.6
korytarz1.pgm,df,277.793,254.32,320.145,492.106,16.095,2710.6
korytarz1.pgm,df,277.793,254.32,320.145,492.106,16.009,2710.6
korytarz1.pgm,df,277.793,254.32,320.145,492.106,16.913,2710.6


korytarz1.pgm,df,477.427,201.88,340.739,282.088,2.041,370.616
korytarz1.pgm,df,477.427,201.88,340.739,282.088,2.067,370.616
korytarz1.pgm,df,477.427,201.88,340.739,282.088,2.079,370.616
korytarz1.pgm,df,477.427,201.88,340.739,282.088,2.047,370.616
korytarz1.pgm,df,477.427,201.88,340.739,282.088,2.078,370.616
korytarz1.pgm,df,477.427,201.88,340.739,282.088,2.039,370.616
korytarz1.pgm,df,477.427,201.88,340.739,282.088,2.096,370.616
korytarz1.pgm,df,477.427,201.88,340.739,282.088,2.029,370.616
korytarz1.pgm,df,477.427,201.88,340.739,282.088,2.054,370.616
korytarz1.pgm,df,477.427,201.88,340.739,282.088,2.091,370.616
korytarz1.pgm,df,477.427,201.88,340.739,282.088,2.124,370.616
korytarz1.pgm,df,477.427,201.88,340.739,282.088,2.097,370.616
korytarz1.pgm,df,477.427,201.88,340.739,282.088,2.055,370.616
korytarz1.pgm,df,477.427,201.88,340.739,282.088,2.096,370.616
korytarz1.pgm,df,477.427,201.88,340.739,282.088,2.029,370.616
korytarz1.pgm,df,477.427,201.88,340.739,282.088,2.053,370.616
korytarz1.pgm,df,477.427,201.88,340.739,282.088,2.051,370.616
korytarz1.pgm,df,477.427,201.88,340.739,282.088,2.035,370.616
korytarz1.pgm,df,477.427,201.88,340.739,282.088,2.042,370.616
korytarz1.pgm,df,477.427,201.88,340.739,282.088,2.031,370.616
korytarz1.pgm,df,477.427,201.88,340.739,282.088,2.006,370.616
korytarz1.pgm,df,477.427,201.88,340.739,282.088,2.073,370.616
korytarz1.pgm,df,477.427,201.88,340.739,282.088,1.986,370.616
korytarz1.pgm,df,477.427,201.88,340.739,282.088,2.056,370.616
korytarz1.pgm,df,477.427,201.88,340.739,282.088,2.004,370.616
korytarz1.pgm,df,477.427,201.88,340.739,282.088,2.042,370.616
korytarz1.pgm,df,477.427,201.88,340.739,282.088,2.142,370.616
korytarz1.pgm,df,477.427,201.88,340.739,282.088,2.032,370.616
korytarz1.pgm,df,477.427,201.88,340.739,282.088,2.025,370.616
korytarz1.pgm,df,477.427,201.88,340.739,282.088,1.994,370.616
korytarz1.pgm,df,477.427,201.88,340.739,282.088,2.049,370.616
korytarz1.pgm,df,477.427,201.88,340.739,282.088,2.004,370.616
korytarz1.pgm,df,477.427,201.88,340.739,282.088,2.008,370.616
korytarz1.pgm,df,477.427,201.88,340.739,282.088,2.03,370.616
korytarz1.pgm,df,477.427,201.88,340.739,282.088,2.063,370.616
korytarz1.pgm,df,477.427,201.88,340.739,282.088,2.043,370.616
korytarz1.pgm,df,477.427,201.88,340.739,282.088,2.025,370.616
korytarz1.pgm,df,477.427,201.88,340.739,282.088,2.028,370.616
korytarz1.pgm,df,477.427,201.88,340.739,282.088,2.051,370.616
korytarz1.pgm,df,477.427,201.88,340.739,282.088,2.003,370.616
korytarz1.pgm,df,477.427,201.88,340.739,282.088,2.045,370.616
korytarz1.pgm,df,477.427,201.88,340.739,282.088,2.001,370.616
korytarz1.pgm,df,477.427,201.88,340.739,282.088,2.011,370.616
korytarz1.pgm,df,477.427,201.88,340.739,282.088,2.048,370.616
korytarz1.pgm,df,477.427,201.88,340.739,282.088,2.018,370.616
korytarz1.pgm,df,477.427,201.88,340.739,282.088,2.029,370.616
korytarz1.pgm,df,477.427,201.88,340.739,282.088,2.011,370.616
korytarz1.pgm,df,477.427,201.88,340.739,282.088,2.024,370.616
korytarz1.pgm,df,477.427,201.88,340.739,282.088,2.035,370.616
korytarz1.pgm,df,477.427,201.88,340.739,282.088,1.997,370.616
korytarz1.pgm,df,477.427,201.88,340.739,282.088,2.097,370.616
korytarz1.pgm,df,477.427,201.88,340.739,282.088,2.055,370.616
korytarz1.pgm,df,477.427,201.88,340.739,282.088,2.082,370.616
korytarz1.pgm,df,477.427,201.88,340.739,282.088,2.03,370.616
korytarz1.pgm,df,477.427,201.88,340.739,282.088,2.068,370.616
korytarz1.pgm,df,477.427,201.88,340.739,282.088,2.096,370.616
korytarz1.pgm,df,477.427,201.88,340.739,282.088,2.203,370.616
korytarz1.pgm,df,477.427,201.88,340.739,282.088,2.086,370.616
korytarz1.pgm,df,477.427,201.88,340.739,282.088,2.103,370.616
korytarz1.pgm,df,477.427,201.88,340.739,282.088,2.09,370.616
korytarz1.pgm,df,477.427,201.88,340.739,282.088,2.026,370.616
korytarz1.pgm,df,477.427,201.88,340.739,282.088,2.081,370.616
korytarz1.pgm,df,477.427,201.88,340.739,282.088,2.046,370.616
korytarz1.pgm,df,477.427,201.88,340.739,282.088,2.03,370.616
korytarz1.pgm,df,477.427,201.88,340.739,282.088,2.04,370.616
korytarz1.pgm,df,477.427,201.88,340.739,282.088,2.036,370.616
korytarz1.pgm,df,477.427,201.88,340.739,282.088,2.108,370.616
korytarz1.pgm,df,477.427,201.88,340.739,282.088,2.049,370.616
korytarz1.pgm,df,477.427,201.88,340.739,282.088,2.005,370.616
korytarz1.pgm,df,477.427,201.88,340.739,282.088,2.056,370.616
korytarz1.pgm,df,477.427,201.88,340.739,282.088,1.983,370.616
korytarz1.pgm,df,477.427,201.88,340.739,282.088,2.03,370.616
korytarz1.pgm,df,477.427,201.88,340.739,282.088,2.025,370.616
korytarz1.pgm,df,477.427,201.88,340.739,282.088,2.033,370.616
korytarz1.pgm,df,477.427,201.88,340.739,282.088,2.182,370.616
korytarz1.pgm,df,477.427,201.88,340.739,282.088,1.991,370.616
korytarz1.pgm,df,477.427,201.88,340.739,282.088,2.122,370.616
korytarz1.pgm,df,477.427,201.88,340.739,282.088,2.003,370.616
korytarz1.pgm,df,477.427,201.88,340.739,282.088,2.019,370.616
korytarz1.pgm,df,477.427,201.88,340.739,282.088,2.029,370.616
korytarz1.pgm,df,477.427,201.88,340.739,282.088,2.036,370.616
korytarz1.pgm,df,477.427,201.88,340.739,282.088,2.078,370.616
korytarz1.pgm,df,477.427,201.88,340.739,282.088,2.113,370.616
korytarz1.pgm,df,477.427,201.88,340.739,282.088,1.999,370.616
korytarz1.pgm,df,477.427,201.88,340.739,282.088,2.059,370.616
korytarz1.pgm,df,477.427,201.88,340.739,282.088,1.989,370.616
korytarz1.pgm,df,477.427,201.88,340.739,282.088,2.062,370.616
korytarz1.pgm,df,477.427,201.88,340.739,282.088,1.996,370.616
korytarz1.pgm,df,477.427,201.88,340.739,282.088,1.998,370.616
korytarz1.pgm,df,477.427,201.88,340.739,282.088,2.054,370.616
korytarz1.pgm,df,477.427,201.88,340.739,282.088,2.009,370.616
korytarz1.pgm,df,477.427,201.88,340.739,282.088,2.037,370.616
korytarz1.pgm,df,477.427,201.88,340.739,282.088,1.998,370.616
korytarz1.pgm,df,477.427,201.88,340.739,282.088,2.022,370.616
korytarz1.pgm,df,477.427,201.88,340.739,282.088,2.012,370.616
korytarz1.pgm,df,477.427,201.88,340.739,282.088,1.998,370.616
korytarz1.pgm,df,477.427,201.88,340.739,282.088,2.042,370.616
korytarz1.pgm,df,477.427,201.88,340.739,282.088,2.032,370.616
korytarz1.pgm,df,477.427,201.88,340.739,282.088,2.055,370.616
korytarz1.pgm,df,477.427,201.88,340.739,282.088,2.067,370.616


korytarz2.pgm,df,436.477,371.604,197.589,192.953,87.494,4240.55
korytarz2.pgm,df,436.477,371.604,197.589,192.953,87.639,4240.55
korytarz2.pgm,df,436.477,371.604,197.589,192.953,88.657,4240.55
korytarz2.pgm,df,436.477,371.604,197.589,192.953,87.901,4240.55
korytarz2.pgm,df,436.477,371.604,197.589,192.953,87.621,4240.55
korytarz2.pgm,df,436.477,371.604,197.589,192.953,87.998,4240.55
korytarz2.pgm,df,436.477,371.604,197.589,192.953,87.516,4240.55
korytarz2.pgm,df,436.477,371.604,197.589,192.953,88.014,4240.55
korytarz2.pgm,df,436.477,371.604,197.589,192.953,88.305,4240.55
korytarz2.pgm,df,436.477,371.604,197.589,192.953,87.548,4240.55
korytarz2.pgm,df,436.477,371.604,197.589,192.953,88.5,4240.55
korytarz2.pgm,df,436.477,371.604,197.589,192.953,87.642,4240.55
korytarz2.pgm,df,436.477,371.604,197.589,192.953,87.491,4240.55
korytarz2.pgm,df,436.477,371.604,197.589,192.953,87.564,4240.55
korytarz2.pgm,df,436.477,371.604,197.589,192.953,88.636,4240.55
korytarz2.pgm,df,436.477,371.604,197.589,192.953,87.57,4240.55
korytarz2.pgm,df,436.477,371.604,197.589,192.953,89.07,4240.55
korytarz2.pgm,df,436.477,371.604,197.589,192.953,87.613,4240.55
korytarz2.pgm,df,436.477,371.604,197.589,192.953,88.905,4240.55
korytarz2.pgm,df,436.477,371.604,197.589,192.953,88.354,4240.55
korytarz2.pgm,df,436.477,371.604,197.589,192.953,87.252,4240.55
korytarz2.pgm,df,436.477,371.604,197.589,192.953,86.801,4240.55
korytarz2.pgm,df,436.477,371.604,197.589,192.953,88.082,4240.55
korytarz2.pgm,df,436.477,371.604,197.589,192.953,87.367,4240.55
korytarz2.pgm,df,436.477,371.604,197.589,192.953,87.113,4240.55
korytarz2.pgm,df,436.477,371.604,197.589,192.953,88.365,4240.55
korytarz2.pgm,df,436.477,371.604,197.589,192.953,88.228,4240.55
korytarz2.pgm,df,436.477,371.604,197.589,192.953,88.905,4240.55
korytarz2.pgm,df,436.477,371.604,197.589,192.953,87.176,4240.55
korytarz2.pgm,df,436.477,371.604,197.589,192.953,87.939,4240.55
korytarz2.pgm,df,436.477,371.604,197.589,192.953,87.76,4240.55
korytarz2.pgm,df,436.477,371.604,197.589,192.953,88.75,4240.55
korytarz2.pgm,df,436.477,371.604,197.589,192.953,87.415,4240.55
korytarz2.pgm,df,436.477,371.604,197.589,192.953,89.599,4240.55
korytarz2.pgm,df,436.477,371.604,197.589,192.953,87.14,4240.55
korytarz2.pgm,df,436.477,371.604,197.589,192.953,87.064,4240.55
korytarz2.pgm,df,436.477,371.604,197.589,192.953,86.707,4240.55
korytarz2.pgm,df,436.477,371.604,197.589,192.953,88.292,4240.55
korytarz2.pgm,df,436.477,371.604,197.589,192.953,88.185,4240.55
korytarz2.pgm,df,436.477,371.604,197.589,192.953,87.896,4240.55
korytarz2.pgm,df,436.477,371.604,197.589,192.953,87.189,4240.55
korytarz2.pgm,df,436.477,371.604,197.589,192.953,87.754,4240.55
korytarz2.pgm,df,436.477,371.604,197.589,192.953,88.523,4240.55
korytarz2.pgm,df,436.477,371.604,197.589,192.953,87.302,4240.55
korytarz2.pgm,df,436.477,371.604,197.589,192.953,87.741,4240.55
korytarz2.pgm,df,436.477,371.604,197.589,192.953,88.86,4240.55
korytarz2.pgm,df,436.477,371.604,197.589,192.953,87.382,4240.55
korytarz2.pgm,df,436.477,371.604,197.589,192.953,87.326,4240.55
korytarz2.pgm,df,436.477,371.604,197.589,192.953,88.791,4240.55
korytarz2.pgm,df,436.477,371.604,197.589,192.953,87.108,4240.55
korytarz2.pgm,df,436.477,371.604,197.589,192.953,93.03,4240.55
korytarz2.pgm,df,436.477,371.604,197.589,192.953,86.782,4240.55
korytarz2.pgm,df,436.477,371.604,197.589,192.953,87.832,4240.55
korytarz2.pgm,df,436.477,371.604,197.589,192.953,87.775,4240.55
korytarz2.pgm,df,436.477,371.604,197.589,192.953,88.477,4240.55
korytarz2.pgm,df,436.477,371.604,197.589,192.953,88.2,4240.55
korytarz2.pgm,df,436.477,371.604,197.589,192.953,88.859,4240.55
korytarz2.pgm,df,436.477,371.604,197.589,192.953,87.149,4240.55
korytarz2.pgm,df,436.477,371.604,197.589,192.953,86.881,4240.55
korytarz2.pgm,df,436.477,371.604,197.589,192.953,94.527,4240.55
korytarz2.pgm,df,436.477,371.604,197.589,192.953,89.116,4240.55
korytarz2.pgm,df,436.477,371.604,197.589,192.953,88.986,4240.55
korytarz2.pgm,df,436.477,371.604,197.589,192.953,89.445,4240.55
korytarz2.pgm,df,436.477,371.604,197.589,192.953,88.173,4240.55
korytarz2.pgm,df,436.477,371.604,197.589,192.953,86.931,4240.55
korytarz2.pgm,df,436.477,371.604,197.589,192.953,88.496,4240.55
korytarz2.pgm,df,436.477,371.604,197.589,192.953,87.41,4240.55
korytarz2.pgm,df,436.477,371.604,197.589,192.953,89.292,4240.55
korytarz2.pgm,df,436.477,371.604,197.589,192.953,87.57,4240.55
korytarz2.pgm,df,436.477,371.604,197.589,192.953,88.074,4240.55
korytarz2.pgm,df,436.477,371.604,197.589,192.953,88.478,4240.55
korytarz2.pgm,df,436.477,371.604,197.589,192.953,87.908,4240.55
korytarz2.pgm,df,436.477,371.604,197.589,192.953,87.999,4240.55
korytarz2.pgm,df,436.477,371.604,197.589,192.953,87.733,4240.55
korytarz2.pgm,df,436.477,371.604,197.589,192.953,86.956,4240.55
korytarz2.pgm,df,436.477,371.604,197.589,192.953,86.994,4240.55
korytarz2.pgm,df,436.477,371.604,197.589,192.953,88.105,4240.55
korytarz2.pgm,df,436.477,371.604,197.589,192.953,87.306,4240.55
korytarz2.pgm,df,436.477,371.604,197.589,192.953,88.104,4240.55
korytarz2.pgm,df,436.477,371.604,197.589,192.953,89.946,4240.55
korytarz2.pgm,df,436.477,371.604,197.589,192.953,86.691,4240.55
korytarz2.pgm,df,436.477,371.604,197.589,192.953,86.777,4240.55
korytarz2.pgm,df,436.477,371.604,197.589,192.953,88.538,4240.55
korytarz2.pgm,df,436.477,371.604,197.589,192.953,95.365,4240.55
korytarz2.pgm,df,436.477,371.604,197.589,192.953,88.672,4240.55
korytarz2.pgm,df,436.477,371.604,197.589,192.953,87.566,4240.55
korytarz2.pgm,df,436.477,371.604,197.589,192.953,87.603,4240.55
korytarz2.pgm,df,436.477,371.604,197.589,192.953,88.047,4240.55
korytarz2.pgm,df,436.477,371.604,197.589,192.953,87.211,4240.55
korytarz2.pgm,df,436.477,371.604,197.589,192.953,87.665,4240.55
korytarz2.pgm,df,436.477,371.604,197.589,192.953,88.243,4240.55
korytarz2.pgm,df,436.477,371.604,197.589,192.953,89.17,4240.55
korytarz2.pgm,df,436.477,371.604,197.589,192.953,89.526,4240.55
korytarz2.pgm,df,436.477,371.604,197.589,192.953,88.258,4240.55
korytarz2.pgm,df,436.477,371.604,197.589,192.953,89.948,4240.55
korytarz2.pgm,df,436.477,371.604,197.589,192.953,92.574,4240.55
korytarz2.pgm,df,436.477,371.604,197.589,192.953,88.393,4240.55
korytarz2.pgm,df,436.477,371.604,197.589,192.953,92.638,4240.55
korytarz2.pgm,df,436.477,371.604,197.589,192.953,94.419,4240.55
korytarz2.pgm,df,436.477,371.604,197.589,192.953,93.33,4240.55


korytarz2.pgm,df,362.583,223.582,204.179,255.2,49.498,4500.68
korytarz2.pgm,df,362.583,223.582,204.179,255.2,47.052,4500.68
korytarz2.pgm,df,362.583,223.582,204.179,255.2,48.176,4500.68
korytarz2.pgm,df,362.583,223.582,204.179,255.2,47.732,4500.68
korytarz2.pgm,df,362.583,223.582,204.179,255.2,46.026,4500.68
korytarz2.pgm,df,362.583,223.582,204.179,255.2,48.337,4500.68
korytarz2.pgm,df,362.583,223.582,204.179,255.2,48.013,4500.68
korytarz2.pgm,df,362.583,223.582,204.179,255.2,52.566,4500.68
korytarz2.pgm,df,362.583,223.582,204.179,255.2,47.795,4500.68
korytarz2.pgm,df,362.583,223.582,204.179,255.2,48.722,4500.68
korytarz2.pgm,df,362.583,223.582,204.179,255.2,45.796,4500.68
korytarz2.pgm,df,362.583,223.582,204.179,255.2,50.034,4500.68
korytarz2.pgm,df,362.583,223.582,204.179,255.2,47.956,4500.68
korytarz2.pgm,df,362.583,223.582,204.179,255.2,46.475,4500.68
korytarz2.pgm,df,362.583,223.582,204.179,255.2,47.148,4500.68
korytarz2.pgm,df,362.583,223.582,204.179,255.2,46.822,4500.68
korytarz2.pgm,df,362.583,223.582,204.179,255.2,46.192,4500.68
korytarz2.pgm,df,362.583,223.582,204.179,255.2,49.077,4500.68
korytarz2.pgm,df,362.583,223.582,204.179,255.2,46.411,4500.68
korytarz2.pgm,df,362.583,223.582,204.179,255.2,47.098,4500.68
korytarz2.pgm,df,362.583,223.582,204.179,255.2,47.404,4500.68
korytarz2.pgm,df,362.583,223.582,204.179,255.2,47.322,4500.68
korytarz2.pgm,df,362.583,223.582,204.179,255.2,48.423,4500.68
korytarz2.pgm,df,362.583,223.582,204.179,255.2,49.249,4500.68
korytarz2.pgm,df,362.583,223.582,204.179,255.2,47.744,4500.68
korytarz2.pgm,df,362.583,223.582,204.179,255.2,47.01,4500.68
korytarz2.pgm,df,362.583,223.582,204.179,255.2,49.308,4500.68
korytarz2.pgm,df,362.583,223.582,204.179,255.2,47.81,4500.68
korytarz2.pgm,df,362.583,223.582,204.179,255.2,47.757,4500.68
korytarz2.pgm,df,362.583,223.582,204.179,255.2,47.9,4500.68
korytarz2.pgm,df,362.583,223.582,204.179,255.2,48.909,4500.68
korytarz2.pgm,df,362.583,223.582,204.179,255.2,60.984,4500.68
korytarz2.pgm,df,362.583,223.582,204.179,255.2,54.366,4500.68
korytarz2.pgm,df,362.583,223.582,204.179,255.2,58.694,4500.68
korytarz2.pgm,df,362.583,223.582,204.179,255.2,56.035,4500.68
korytarz2.pgm,df,362.583,223.582,204.179,255.2,55.059,4500.68
korytarz2.pgm,df,362.583,223.582,204.179,255.2,55.946,4500.68
korytarz2.pgm,df,362.583,223.582,204.179,255.2,54.946,4500.68
korytarz2.pgm,df,362.583,223.582,204.179,255.2,53.639,4500.68
korytarz2.pgm,df,362.583,223.582,204.179,255.2,50.468,4500.68
korytarz2.pgm,df,362.583,223.582,204.179,255.2,46.583,4500.68
korytarz2.pgm,df,362.583,223.582,204.179,255.2,47.016,4500.68
korytarz2.pgm,df,362.583,223.582,204.179,255.2,48.509,4500.68
korytarz2.pgm,df,362.583,223.582,204.179,255.2,46.784,4500.68
korytarz2.pgm,df,362.583,223.582,204.179,255.2,49.636,4500.68
korytarz2.pgm,df,362.583,223.582,204.179,255.2,47.667,4500.68
korytarz2.pgm,df,362.583,223.582,204.179,255.2,49.44,4500.68
korytarz2.pgm,df,362.583,223.582,204.179,255.2,53.978,4500.68
korytarz2.pgm,df,362.583,223.582,204.179,255.2,57.485,4500.68
korytarz2.pgm,df,362.583,223.582,204.179,255.2,57.965,4500.68
korytarz2.pgm,df,362.583,223.582,204.179,255.2,63.653,4500.68
korytarz2.pgm,df,362.583,223.582,204.179,255.2,61.808,4500.68
korytarz2.pgm,df,362.583,223.582,204.179,255.2,72.658,4500.68
korytarz2.pgm,df,362.583,223.582,204.179,255.2,71.564,4500.68
korytarz2.pgm,df,362.583,223.582,204.179,255.2,47.331,4500.68
korytarz2.pgm,df,362.583,223.582,204.179,255.2,50.6,4500.68
korytarz2.pgm,df,362.583,223.582,204.179,255.2,49.038,4500.68
korytarz2.pgm,df,362.583,223.582,204.179,255.2,49.194,4500.68
korytarz2.pgm,df,362.583,223.582,204.179,255.2,50.069,4500.68
korytarz2.pgm,df,362.583,223.582,204.179,255.2,49.673,4500.68
korytarz2.pgm,df,362.583,223.582,204.179,255.2,52.348,4500.68
korytarz2.pgm,df,362.583,223.582,204.179,255.2,50.3,4500.68
korytarz2.pgm,df,362.583,223.582,204.179,255.2,48.735,4500.68
korytarz2.pgm,df,362.583,223.582,204.179,255.2,47.761,4500.68
korytarz2.pgm,df,362.583,223.582,204.179,255.2,48.809,4500.68
korytarz2.pgm,df,362.583,223.582,204.179,255.2,51.852,4500.68
korytarz2.pgm,df,362.583,223.582,204.179,255.2,49.586,4500.68
korytarz2.pgm,df,362.583,223.582,204.179,255.2,49.066,4500.68
korytarz2.pgm,df,362.583,223.582,204.179,255.2,50.151,4500.68
korytarz2.pgm,df,362.583,223.582,204.179,255.2,47.934,4500.68
korytarz2.pgm,df,362.583,223.582,204.179,255.2,49.984,4500.68
korytarz2.pgm,df,362.583,223.582,204.179,255.2,49.134,4500.68
korytarz2.pgm,df,362.583,223.582,204.179,255.2,48.591,4500.68
korytarz2.pgm,df,362.583,223.582,204.179,255.2,50.252,4500.68
korytarz2.pgm,df,362.583,223.582,204.179,255.2,50.341,4500.68
korytarz2.pgm,df,362.583,223.582,204.179,255.2,54.925,4500.68
korytarz2.pgm,df,362.583,223.582,204.179,255.2,53.83,4500.68
korytarz2.pgm,df,362.583,223.582,204.179,255.2,50.292,4500.68
korytarz2.pgm,df,362.583,223.582,204.179,255.2,47.835,4500.68
korytarz2.pgm,df,362.583,223.582,204.179,255.2,47.931,4500.68
korytarz2.pgm,df,362.583,223.582,204.179,255.2,46.95,4500.68
korytarz2.pgm,df,362.583,223.582,204.179,255.2,48.465,4500.68
korytarz2.pgm,df,362.583,223.582,204.179,255.2,49.433,4500.68
korytarz2.pgm,df,362.583,223.582,204.179,255.2,48.388,4500.68
korytarz2.pgm,df,362.583,223.582,204.179,255.2,50.692,4500.68
korytarz2.pgm,df,362.583,223.582,204.179,255.2,66.664,4500.68
korytarz2.pgm,df,362.583,223.582,204.179,255.2,49.793,4500.68
korytarz2.pgm,df,362.583,223.582,204.179,255.2,48.402,4500.68
korytarz2.pgm,df,362.583,223.582,204.179,255.2,49.259,4500.68
korytarz2.pgm,df,362.583,223.582,204.179,255.2,50.501,4500.68
korytarz2.pgm,df,362.583,223.582,204.179,255.2,62.993,4500.68
korytarz2.pgm,df,362.583,223.582,204.179,255.2,69.072,4500.68
korytarz2.pgm,df,362.583,223.582,204.179,255.2,55.128,4500.68
korytarz2.pgm,df,362.583,223.582,204.179,255.2,51.218,4500.68
korytarz2.pgm,df,362.583,223.582,204.179,255.2,49.804,4500.68
korytarz2.pgm,df,362.583,223.582,204.179,255.2,51.507,4500.68
korytarz2.pgm,df,362.583,223.582,204.179,255.2,53.456,4500.68
korytarz2.pgm,df,362.583,223.582,204.179,255.2,52.357,4500.68
korytarz2.pgm,df,362.583,223.582,204.179,255.2,51.218,4500.68
korytarz2.pgm,df,362.583,223.582,204.179,255.2,51.153,4500.68


korytarz2.pgm,df,200.799,333.171,304.847,435.493,109.779,1334.09
korytarz2.pgm,df,200.799,333.171,304.847,435.493,116.573,1334.09
korytarz2.pgm,df,200.799,333.171,304.847,435.493,112.984,1334.09
korytarz2.pgm,df,200.799,333.171,304.847,435.493,121.654,1334.09
korytarz2.pgm,df,200.799,333.171,304.847,435.493,140.274,1334.09
korytarz2.pgm,df,200.799,333.171,304.847,435.493,137.91,1334.09
korytarz2.pgm,df,200.799,333.171,304.847,435.493,126.346,1334.09
korytarz2.pgm,df,200.799,333.171,304.847,435.493,134.341,1334.09
korytarz2.pgm,df,200.799,333.171,304.847,435.493,134.281,1334.09
korytarz2.pgm,df,200.799,333.171,304.847,435.493,135.775,1334.09
korytarz2.pgm,df,200.799,333.171,304.847,435.493,140.963,1334.09
korytarz2.pgm,df,200.799,333.171,304.847,435.493,113.94,1334.09
korytarz2.pgm,df,200.799,333.171,304.847,435.493,106.28,1334.09
korytarz2.pgm,df,200.799,333.171,304.847,435.493,106.902,1334.09
korytarz2.pgm,df,200.799,333.171,304.847,435.493,116.224,1334.09
korytarz2.pgm,df,200.799,333.171,304.847,435.493,140.239,1334.09
korytarz2.pgm,df,200.799,333.171,304.847,435.493,123.384,1334.09
korytarz2.pgm,df,200.799,333.171,304.847,435.493,114.189,1334.09
korytarz2.pgm,df,200.799,333.171,304.847,435.493,110.924,1334.09
korytarz2.pgm,df,200.799,333.171,304.847,435.493,110.928,1334.09
korytarz2.pgm,df,200.799,333.171,304.847,435.493,108.851,1334.09
korytarz2.pgm,df,200.799,333.171,304.847,435.493,105.268,1334.09
korytarz2.pgm,df,200.799,333.171,304.847,435.493,107.802,1334.09
korytarz2.pgm,df,200.799,333.171,304.847,435.493,110.116,1334.09
korytarz2.pgm,df,200.799,333.171,304.847,435.493,123.713,1334.09
korytarz2.pgm,df,200.799,333.171,304.847,435.493,128.845,1334.09
korytarz2.pgm,df,200.799,333.171,304.847,435.493,108.831,1334.09
korytarz2.pgm,df,200.799,333.171,304.847,435.493,108.414,1334.09
korytarz2.pgm,df,200.799,333.171,304.847,435.493,116.775,1334.09
korytarz2.pgm,df,200.799,333.171,304.847,435.493,107.71,1334.09
korytarz2.pgm,df,200.799,333.171,304.847,435.493,105.728,1334.09
korytarz2.pgm,df,200.799,333.171,304.847,435.493,104.528,1334.09
korytarz2.pgm,df,200.799,333.171,304.847,435.493,104.597,1334.09
korytarz2.pgm,df,200.799,333.171,304.847,435.493,122.561,1334.09
korytarz2.pgm,df,200.799,333.171,304.847,435.493,120.304,1334.09
korytarz2.pgm,df,200.799,333.171,304.847,435.493,129.604,1334.09
korytarz2.pgm,df,200.799,333.171,304.847,435.493,119.414,1334.09
korytarz2.pgm,df,200.799,333.171,304.847,435.493,127.234,1334.09
korytarz2.pgm,df,200.799,333.171,304.847,435.493,118.742,1334.09
korytarz2.pgm,df,200.799,333.171,304.847,435.493,114.295,1334.09
korytarz2.pgm,df,200.799,333.171,304.847,435.493,110.139,1334.09
korytarz2.pgm,df,200.799,333.171,304.847,435.493,111.487,1334.09
korytarz2.pgm,df,200.799,333.171,304.847,435.493,109.477,1334.09
korytarz2.pgm,df,200.799,333.171,304.847,435.493,109.886,1334.09
korytarz2.pgm,df,200.799,333.171,304.847,435.493,102.071,1334.09
korytarz2.pgm,df,200.799,333.171,304.847,435.493,103.713,1334.09
korytarz2.pgm,df,200.799,333.171,304.847,435.493,107.572,1334.09
korytarz2.pgm,df,200.799,333.171,304.847,435.493,118.532,1334.09
korytarz2.pgm,df,200.799,333.171,304.847,435.493,117.859,1334.09
korytarz2.pgm,df,200.799,333.171,304.847,435.493,111.943,1334.09
korytarz2.pgm,df,200.799,333.171,304.847,435.493,108.288,1334.09
korytarz2.pgm,df,200.799,333.171,304.847,435.493,102.267,1334.09
korytarz2.pgm,df,200.799,333.171,304.847,435.493,100.162,1334.09
korytarz2.pgm,df,200.799,333.171,304.847,435.493,105.322,1334.09
korytarz2.pgm,df,200.799,333.171,304.847,435.493,116.167,1334.09
korytarz2.pgm,df,200.799,333.171,304.847,435.493,136.411,1334.09
korytarz2.pgm,df,200.799,333.171,304.847,435.493,163.581,1334.09
korytarz2.pgm,df,200.799,333.171,304.847,435.493,129.185,1334.09
korytarz2.pgm,df,200.799,333.171,304.847,435.493,126.52,1334.09
korytarz2.pgm,df,200.799,333.171,304.847,435.493,104.709,1334.09
korytarz2.pgm,df,200.799,333.171,304.847,435.493,122.836,1334.09
korytarz2.pgm,df,200.799,333.171,304.847,435.493,113.567,1334.09
korytarz2.pgm,df,200.799,333.171,304.847,435.493,133.908,1334.09
korytarz2.pgm,df,200.799,333.171,304.847,435.493,143.793,1334.09
korytarz2.pgm,df,200.799,333.171,304.847,435.493,122.492,1334.09
korytarz2.pgm,df,200.799,333.171,304.847,435.493,121.765,1334.09
korytarz2.pgm,df,200.799,333.171,304.847,435.493,114.201,1334.09
korytarz2.pgm,df,200.799,333.171,304.847,435.493,118.434,1334.09
korytarz2.pgm,df,200.799,333.171,304.847,435.493,115.434,1334.09
korytarz2.pgm,df,200.799,333.171,304.847,435.493,108.355,1334.09
korytarz2.pgm,df,200.799,333.171,304.847,435.493,108.981,1334.09
korytarz2.pgm,df,200.799,333.171,304.847,435.493,120.075,1334.09
korytarz2.pgm,df,200.799,333.171,304.847,435.493,117.023,1334.09
korytarz2.pgm,df,200.799,333.171,304.847,435.493,133.653,1334.09
korytarz2.pgm,df,200.799,333.171,304.847,435.493,118.807,1334.09
korytarz2.pgm,df,200.799,333.171,304.847,435.493,126.429,1334.09
korytarz2.pgm,df,200.799,333.171,304.847,435.493,115.29,1334.09
korytarz2.pgm,df,200.799,333.171,304.847,435.493,126.178,1334.09
korytarz2.pgm,df,200.799,333.171,304.847,435.493,136.215,1334.09
korytarz2.pgm,df,200.799,333.171,304.847,435.493,108.77,1334.09
korytarz2.pgm,df,200.799,333.171,304.847,435.493,108.289,1334.09
korytarz2.pgm,df,200.799,333.171,304.847,435.493,159.626,1334.09
korytarz2.pgm,df,200.799,333.171,304.847,435.493,152.107,1334.09
korytarz2.pgm,df,200.799,333.171,304.847,435.493,125.672,1334.09
korytarz2.pgm,df,200.799,333.171,304.847,435.493,155.359,1334.09
korytarz2.pgm,df,200.799,333.171,304.847,435.493,145.891,1334.09
korytarz2.pgm,df,200.799,333.171,304.847,435.493,130.474,1334.09
korytarz2.pgm,df,200.799,333.171,304.847,435.493,113.759,1334.09
korytarz2.pgm,df,200.799,333.171,304.847,435.493,113.297,1334.09
korytarz2.pgm,df,200.799,333.171,304.847,435.493,112.129,1334.09
korytarz2.pgm,df,200.799,333.171,304.847,435.493,113.039,1334.09
korytarz2.pgm,df,200.799,333.171,304.847,435.493,119.355,1334.09
korytarz2.pgm,df,200.799,333.171,304.847,435.493,116.769,1334.09
korytarz2.pgm,df,200.799,333.171,304.847,435.493,106.214,1334.09
korytarz2.pgm,df,200.799,333.171,304.847,435.493,109.131,1334.09
korytarz2.pgm,df,200.799,333.171,304.847,435.493,114.055,1334.09
korytarz2.pgm,df,200.799,333.171,304.847,435.493,105.41,1334.09
korytarz2.pgm,df,200.799,333.171,304.847,435.493,111.843,1334.09
korytarz2.pgm,df,200.799,333.171,304.847,435.493,109.322,1334.09
korytarz2.pgm,df,200.799,333.171,304.847,435.493,110.059,1334.09


korytarz2.pgm,df,95.9787,185.552,225.158,230.27,60.008,6795.14
korytarz2.pgm,df,95.9787,185.552,225.158,230.27,62.482,6795.14
korytarz2.pgm,df,95.9787,185.552,225.158,230.27,62.271,6795.14
korytarz2.pgm,df,95.9787,185.552,225.158,230.27,59.017,6795.14
korytarz2.pgm,df,95.9787,185.552,225.158,230.27,58.749,6795.14
korytarz2.pgm,df,95.9787,185.552,225.158,230.27,62.49,6795.14
korytarz2.pgm,df,95.9787,185.552,225.158,230.27,59.615,6795.14
korytarz2.pgm,df,95.9787,185.552,225.158,230.27,58.257,6795.14
korytarz2.pgm,df,95.9787,185.552,225.158,230.27,59.171,6795.14
korytarz2.pgm,df,95.9787,185.552,225.158,230.27,56.933,6795.14
korytarz2.pgm,df,95.9787,185.552,225.158,230.27,62.945,6795.14
korytarz2.pgm,df,95.9787,185.552,225.158,230.27,59.842,6795.14
korytarz2.pgm,df,95.9787,185.552,225.158,230.27,57.42,6795.14
korytarz2.pgm,df,95.9787,185.552,225.158,230.27,59.487,6795.14
korytarz2.pgm,df,95.9787,185.552,225.158,230.27,54.825,6795.14
korytarz2.pgm,df,95.9787,185.552,225.158,230.27,54.878,6795.14
korytarz2.pgm,df,95.9787,185.552,225.158,230.27,54.556,6795.14
korytarz2.pgm,df,95.9787,185.552,225.158,230.27,53.107,6795.14
korytarz2.pgm,df,95.9787,185.552,225.158,230.27,54.62,6795.14
korytarz2.pgm,df,95.9787,185.552,225.158,230.27,58.012,6795.14
korytarz2.pgm,df,95.9787,185.552,225.158,230.27,59.662,6795.14
korytarz2.pgm,df,95.9787,185.552,225.158,230.27,55.174,6795.14
korytarz2.pgm,df,95.9787,185.552,225.158,230.27,57.425,6795.14
korytarz2.pgm,df,95.9787,185.552,225.158,230.27,60.075,6795.14
korytarz2.pgm,df,95.9787,185.552,225.158,230.27,56.332,6795.14
korytarz2.pgm,df,95.9787,185.552,225.158,230.27,56.919,6795.14
korytarz2.pgm,df,95.9787,185.552,225.158,230.27,56.999,6795.14
korytarz2.pgm,df,95.9787,185.552,225.158,230.27,55.397,6795.14
korytarz2.pgm,df,95.9787,185.552,225.158,230.27,59.532,6795.14
korytarz2.pgm,df,95.9787,185.552,225.158,230.27,58.794,6795.14
korytarz2.pgm,df,95.9787,185.552,225.158,230.27,67.08,6795.14
korytarz2.pgm,df,95.9787,185.552,225.158,230.27,70.913,6795.14
korytarz2.pgm,df,95.9787,185.552,225.158,230.27,64.689,6795.14
korytarz2.pgm,df,95.9787,185.552,225.158,230.27,69.309,6795.14
korytarz2.pgm,df,95.9787,185.552,225.158,230.27,66.835,6795.14
korytarz2.pgm,df,95.9787,185.552,225.158,230.27,60.783,6795.14
korytarz2.pgm,df,95.9787,185.552,225.158,230.27,80.26,6795.14
korytarz2.pgm,df,95.9787,185.552,225.158,230.27,87.483,6795.14
korytarz2.pgm,df,95.9787,185.552,225.158,230.27,67.062,6795.14
korytarz2.pgm,df,95.9787,185.552,225.158,230.27,59.606,6795.14
korytarz2.pgm,df,95.9787,185.552,225.158,230.27,79.777,6795.14
korytarz2.pgm,df,95.9787,185.552,225.158,230.27,84.595,6795.14
korytarz2.pgm,df,95.9787,185.552,225.158,230.27,92.307,6795.14
korytarz2.pgm,df,95.9787,185.552,225.158,230.27,88.986,6795.14
korytarz2.pgm,df,95.9787,185.552,225.158,230.27,89.668,6795.14
korytarz2.pgm,df,95.9787,185.552,225.158,230.27,86.904,6795.14
korytarz2.pgm,df,95.9787,185.552,225.158,230.27,89.149,6795.14
korytarz2.pgm,df,95.9787,185.552,225.158,230.27,88.942,6795.14
korytarz2.pgm,df,95.9787,185.552,225.158,230.27,88.008,6795.14
korytarz2.pgm,df,95.9787,185.552,225.158,230.27,86.07,6795.14
korytarz2.pgm,df,95.9787,185.552,225.158,230.27,84.61,6795.14
korytarz2.pgm,df,95.9787,185.552,225.158,230.27,84.499,6795.14
korytarz2.pgm,df,95.9787,185.552,225.158,230.27,84.067,6795.14
korytarz2.pgm,df,95.9787,185.552,225.158,230.27,84.246,6795.14
korytarz2.pgm,df,95.9787,185.552,225.158,230.27,84.22,6795.14
korytarz2.pgm,df,95.9787,185.552,225.158,230.27,84.903,6795.14
korytarz2.pgm,df,95.9787,185.552,225.158,230.27,78.239,6795.14
korytarz2.pgm,df,95.9787,185.552,225.158,230.27,61.958,6795.14
korytarz2.pgm,df,95.9787,185.552,225.158,230.27,59.857,6795.14
korytarz2.pgm,df,95.9787,185.552,225.158,230.27,58.554,6795.14
korytarz2.pgm,df,95.9787,185.552,225.158,230.27,60.267,6795.14
korytarz2.pgm,df,95.9787,185.552,225.158,230.27,65.047,6795.14
korytarz2.pgm,df,95.9787,185.552,225.158,230.27,71.571,6795.14
korytarz2.pgm,df,95.9787,185.552,225.158,230.27,77.008,6795.14
korytarz2.pgm,df,95.9787,185.552,225.158,230.27,84.335,6795.14
korytarz2.pgm,df,95.9787,185.552,225.158,230.27,82.303,6795.14
korytarz2.pgm,df,95.9787,185.552,225.158,230.27,82.199,6795.14
korytarz2.pgm,df,95.9787,185.552,225.158,230.27,81.998,6795.14
korytarz2.pgm,df,95.9787,185.552,225.158,230.27,83.119,6795.14
korytarz2.pgm,df,95.9787,185.552,225.158,230.27,84.07,6795.14
korytarz2.pgm,df,95.9787,185.552,225.158,230.27,84.968,6795.14
korytarz2.pgm,df,95.9787,185.552,225.158,230.27,84.999,6795.14
korytarz2.pgm,df,95.9787,185.552,225.158,230.27,76.538,6795.14
korytarz2.pgm,df,95.9787,185.552,225.158,230.27,70.184,6795.14
korytarz2.pgm,df,95.9787,185.552,225.158,230.27,73.61,6795.14
korytarz2.pgm,df,95.9787,185.552,225.158,230.27,70.923,6795.14
korytarz2.pgm,df,95.9787,185.552,225.158,230.27,66.627,6795.14
korytarz2.pgm,df,95.9787,185.552,225.158,230.27,65.752,6795.14
korytarz2.pgm,df,95.9787,185.552,225.158,230.27,65.571,6795.14
korytarz2.pgm,df,95.9787,185.552,225.158,230.27,67.042,6795.14
korytarz2.pgm,df,95.9787,185.552,225.158,230.27,77.455,6795.14
korytarz2.pgm,df,95.9787,185.552,225.158,230.27,67.231,6795.14
korytarz2.pgm,df,95.9787,185.552,225.158,230.27,68.622,6795.14
korytarz2.pgm,df,95.9787,185.552,225.158,230.27,60.845,6795.14
korytarz2.pgm,df,95.9787,185.552,225.158,230.27,60.768,6795.14
korytarz2.pgm,df,95.9787,185.552,225.158,230.27,61.474,6795.14
korytarz2.pgm,df,95.9787,185.552,225.158,230.27,60.711,6795.14
korytarz2.pgm,df,95.9787,185.552,225.158,230.27,58.71,6795.14
korytarz2.pgm,df,95.9787,185.552,225.158,230.27,58.536,6795.14
korytarz2.pgm,df,95.9787,185.552,225.158,230.27,58.435,6795.14
korytarz2.pgm,df,95.9787,185.552,225.158,230.27,65.707,6795.14
korytarz2.pgm,df,95.9787,185.552,225.158,230.27,73.303,6795.14
korytarz2.pgm,df,95.9787,185.552,225.158,230.27,72.821,6795.14
korytarz2.pgm,df,95.9787,185.552,225.158,230.27,72.601,6795.14
korytarz2.pgm,df,95.9787,185.552,225.158,230.27,80.427,6795.14
korytarz2.pgm,df,95.9787,185.552,225.158,230.27,84.546,6795.14
korytarz2.pgm,df,95.9787,185.552,225.158,230.27,82.581,6795.14
korytarz2.pgm,df,95.9787,185.552,225.158,230.27,80.05,6795.14
korytarz2.pgm,df,95.9787,185.552,225.158,230.27,73.058,6795.14
korytarz2.pgm,df,95.9787,185.552,225.158,230.27,85.92,6795.14


korytarz2.pgm,df,434.83,282.063,280.333,439.657,129.815,1642.81
korytarz2.pgm,df,434.83,282.063,280.333,439.657,110.7,1642.81
korytarz2.pgm,df,434.83,282.063,280.333,439.657,113.15,1642.81
korytarz2.pgm,df,434.83,282.063,280.333,439.657,115.128,1642.81
korytarz2.pgm,df,434.83,282.063,280.333,439.657,106.365,1642.81
korytarz2.pgm,df,434.83,282.063,280.333,439.657,114.615,1642.81
korytarz2.pgm,df,434.83,282.063,280.333,439.657,156.173,1642.81
korytarz2.pgm,df,434.83,282.063,280.333,439.657,131.745,1642.81
korytarz2.pgm,df,434.83,282.063,280.333,439.657,129.409,1642.81
korytarz2.pgm,df,434.83,282.063,280.333,439.657,116.76,1642.81
korytarz2.pgm,df,434.83,282.063,280.333,439.657,119.978,1642.81
korytarz2.pgm,df,434.83,282.063,280.333,439.657,115.466,1642.81
korytarz2.pgm,df,434.83,282.063,280.333,439.657,120.081,1642.81
korytarz2.pgm,df,434.83,282.063,280.333,439.657,111.597,1642.81
korytarz2.pgm,df,434.83,282.063,280.333,439.657,114.338,1642.81
korytarz2.pgm,df,434.83,282.063,280.333,439.657,118.727,1642.81
korytarz2.pgm,df,434.83,282.063,280.333,439.657,114.035,1642.81
korytarz2.pgm,df,434.83,282.063,280.333,439.657,115.25,1642.81
korytarz2.pgm,df,434.83,282.063,280.333,439.657,123.913,1642.81
korytarz2.pgm,df,434.83,282.063,280.333,439.657,123.487,1642.81
korytarz2.pgm,df,434.83,282.063,280.333,439.657,113.933,1642.81
korytarz2.pgm,df,434.83,282.063,280.333,439.657,108.73,1642.81
korytarz2.pgm,df,434.83,282.063,280.333,439.657,128.909,1642.81
korytarz2.pgm,df,434.83,282.063,280.333,439.657,140.347,1642.81
korytarz2.pgm,df,434.83,282.063,280.333,439.657,115.199,1642.81
korytarz2.pgm,df,434.83,282.063,280.333,439.657,110.303,1642.81
korytarz2.pgm,df,434.83,282.063,280.333,439.657,109.793,1642.81
korytarz2.pgm,df,434.83,282.063,280.333,439.657,112.214,1642.81
korytarz2.pgm,df,434.83,282.063,280.333,439.657,111.433,1642.81
korytarz2.pgm,df,434.83,282.063,280.333,439.657,116.426,1642.81
korytarz2.pgm,df,434.83,282.063,280.333,439.657,111.879,1642.81
korytarz2.pgm,df,434.83,282.063,280.333,439.657,132.371,1642.81
korytarz2.pgm,df,434.83,282.063,280.333,439.657,111.716,1642.81
korytarz2.pgm,df,434.83,282.063,280.333,439.657,112.549,1642.81
korytarz2.pgm,df,434.83,282.063,280.333,439.657,110.104,1642.81
korytarz2.pgm,df,434.83,282.063,280.333,439.657,110.11,1642.81
korytarz2.pgm,df,434.83,282.063,280.333,439.657,119.709,1642.81
korytarz2.pgm,df,434.83,282.063,280.333,439.657,110.606,1642.81
korytarz2.pgm,df,434.83,282.063,280.333,439.657,111.745,1642.81
korytarz2.pgm,df,434.83,282.063,280.333,439.657,110.225,1642.81
korytarz2.pgm,df,434.83,282.063,280.333,439.657,112.951,1642.81
korytarz2.pgm,df,434.83,282.063,280.333,439.657,110.438,1642.81
korytarz2.pgm,df,434.83,282.063,280.333,439.657,110.403,1642.81
korytarz2.pgm,df,434.83,282.063,280.333,439.657,112.182,1642.81
korytarz2.pgm,df,434.83,282.063,280.333,439.657,111.374,1642.81
korytarz2.pgm,df,434.83,282.063,280.333,439.657,110.211,1642.81
korytarz2.pgm,df,434.83,282.063,280.333,439.657,112.42,1642.81
korytarz2.pgm,df,434.83,282.063,280.333,439.657,111.115,1642.81
korytarz2.pgm,df,434.83,282.063,280.333,439.657,110.086,1642.81
korytarz2.pgm,df,434.83,282.063,280.333,439.657,114.434,1642.81
korytarz2.pgm,df,434.83,282.063,280.333,439.657,114.211,1642.81
korytarz2.pgm,df,434.83,282.063,280.333,439.657,114.285,1642.81
korytarz2.pgm,df,434.83,282.063,280.333,439.657,111.729,1642.81
korytarz2.pgm,df,434.83,282.063,280.333,439.657,111.631,1642.81
korytarz2.pgm,df,434.83,282.063,280.333,439.657,111.906,1642.81
korytarz2.pgm,df,434.83,282.063,280.333,439.657,108.924,1642.81
korytarz2.pgm,df,434.83,282.063,280.333,439.657,112.527,1642.81
korytarz2.pgm,df,434.83,282.063,280.333,439.657,109.496,1642.81
korytarz2.pgm,df,434.83,282.063,280.333,439.657,108.169,1642.81
korytarz2.pgm,df,434.83,282.063,280.333,439.657,110.497,1642.81
korytarz2.pgm,df,434.83,282.063,280.333,439.657,111.009,1642.81
korytarz2.pgm,df,434.83,282.063,280.333,439.657,111.435,1642.81
korytarz2.pgm,df,434.83,282.063,280.333,439.657,111.576,1642.81
korytarz2.pgm,df,434.83,282.063,280.333,439.657,110.573,1642.81
korytarz2.pgm,df,434.83,282.063,280.333,439.657,110.304,1642.81
korytarz2.pgm,df,434.83,282.063,280.333,439.657,110.422,1642.81
korytarz2.pgm,df,434.83,282.063,280.333,439.657,111.009,1642.81
korytarz2.pgm,df,434.83,282.063,280.333,439.657,118.368,1642.81
korytarz2.pgm,df,434.83,282.063,280.333,439.657,116.775,1642.81
korytarz2.pgm,df,434.83,282.063,280.333,439.657,113.33,1642.81
korytarz2.pgm,df,434.83,282.063,280.333,439.657,110.926,1642.81
korytarz2.pgm,df,434.83,282.063,280.333,439.657,120.065,1642.81
korytarz2.pgm,df,434.83,282.063,280.333,439.657,111.933,1642.81
korytarz2.pgm,df,434.83,282.063,280.333,439.657,112.529,1642.81
korytarz2.pgm,df,434.83,282.063,280.333,439.657,112.276,1642.81
korytarz2.pgm,df,434.83,282.063,280.333,439.657,111.365,1642.81
korytarz2.pgm,df,434.83,282.063,280.333,439.657,111.675,1642.81
korytarz2.pgm,df,434.83,282.063,280.333,439.657,112.984,1642.81
korytarz2.pgm,df,434.83,282.063,280.333,439.657,112.217,1642.81
korytarz2.pgm,df,434.83,282.063,280.333,439.657,112.09,1642.81
korytarz2.pgm,df,434.83,282.063,280.333,439.657,109.46,1642.81
korytarz2.pgm,df,434.83,282.063,280.333,439.657,112.129,1642.81
korytarz2.pgm,df,434.83,282.063,280.333,439.657,112.802,1642.81
korytarz2.pgm,df,434.83,282.063,280.333,439.657,111.417,1642.81
korytarz2.pgm,df,434.83,282.063,280.333,439.657,111.118,1642.81
korytarz2.pgm,df,434.83,282.063,280.333,439.657,115.075,1642.81
korytarz2.pgm,df,434.83,282.063,280.333,439.657,110.71,1642.81
korytarz2.pgm,df,434.83,282.063,280.333,439.657,108.872,1642.81
korytarz2.pgm,df,434.83,282.063,280.333,439.657,113.13,1642.81
korytarz2.pgm,df,434.83,282.063,280.333,439.657,111.661,1642.81
korytarz2.pgm,df,434.83,282.063,280.333,439.657,112.409,1642.81
korytarz2.pgm,df,434.83,282.063,280.333,439.657,114.843,1642.81
korytarz2.pgm,df,434.83,282.063,280.333,439.657,112.024,1642.81
korytarz2.pgm,df,434.83,282.063,280.333,439.657,110.639,1642.81
korytarz2.pgm,df,434.83,282.063,280.333,439.657,111.552,1642.81
korytarz2.pgm,df,434.83,282.063,280.333,439.657,110.631,1642.81
korytarz2.pgm,df,434.83,282.063,280.333,439.657,110.711,1642.81
korytarz2.pgm,df,434.83,282.063,280.333,439.657,114.125,1642.81
korytarz2.pgm,df,434.83,282.063,280.333,439.657,113.953,1642.81
korytarz2.pgm,df,434.83,282.063,280.333,439.657,111.193,1642.81


korytarz3.pgm,df,226.885,299.122,77.5639,386.195,33.56,1243.34
korytarz3.pgm,df,226.885,299.122,77.5639,386.195,32.206,1243.34
korytarz3.pgm,df,226.885,299.122,77.5639,386.195,32.677,1243.34
korytarz3.pgm,df,226.885,299.122,77.5639,386.195,33.564,1243.34
korytarz3.pgm,df,226.885,299.122,77.5639,386.195,31.958,1243.34
korytarz3.pgm,df,226.885,299.122,77.5639,386.195,31.695,1243.34
korytarz3.pgm,df,226.885,299.122,77.5639,386.195,32.704,1243.34
korytarz3.pgm,df,226.885,299.122,77.5639,386.195,32.404,1243.34
korytarz3.pgm,df,226.885,299.122,77.5639,386.195,31.998,1243.34
korytarz3.pgm,df,226.885,299.122,77.5639,386.195,32.985,1243.34
korytarz3.pgm,df,226.885,299.122,77.5639,386.195,32.826,1243.34
korytarz3.pgm,df,226.885,299.122,77.5639,386.195,32.427,1243.34
korytarz3.pgm,df,226.885,299.122,77.5639,386.195,32.83,1243.34
korytarz3.pgm,df,226.885,299.122,77.5639,386.195,32.658,1243.34
korytarz3.pgm,df,226.885,299.122,77.5639,386.195,32.274,1243.34
korytarz3.pgm,df,226.885,299.122,77.5639,386.195,31.265,1243.34
korytarz3.pgm,df,226.885,299.122,77.5639,386.195,34.951,1243.34
korytarz3.pgm,df,226.885,299.122,77.5639,386.195,31.751,1243.34
korytarz3.pgm,df,226.885,299.122,77.5639,386.195,31.025,1243.34
korytarz3.pgm,df,226.885,299.122,77.5639,386.195,31.92,1243.34
korytarz3.pgm,df,226.885,299.122,77.5639,386.195,32.077,1243.34
korytarz3.pgm,df,226.885,299.122,77.5639,386.195,32.704,1243.34
korytarz3.pgm,df,226.885,299.122,77.5639,386.195,32.252,1243.34
korytarz3.pgm,df,226.885,299.122,77.5639,386.195,32.885,1243.34
korytarz3.pgm,df,226.885,299.122,77.5639,386.195,32.427,1243.34
korytarz3.pgm,df,226.885,299.122,77.5639,386.195,33.518,1243.34
korytarz3.pgm,df,226.885,299.122,77.5639,386.195,32.945,1243.34
korytarz3.pgm,df,226.885,299.122,77.5639,386.195,32.616,1243.34
korytarz3.pgm,df,226.885,299.122,77.5639,386.195,32.225,1243.34
korytarz3.pgm,df,226.885,299.122,77.5639,386.195,32.419,1243.34
korytarz3.pgm,df,226.885,299.122,77.5639,386.195,35.457,1243.34
korytarz3.pgm,df,226.885,299.122,77.5639,386.195,32.906,1243.34
korytarz3.pgm,df,226.885,299.122,77.5639,386.195,33.091,1243.34
korytarz3.pgm,df,226.885,299.122,77.5639,386.195,33.236,1243.34
korytarz3.pgm,df,226.885,299.122,77.5639,386.195,32.654,1243.34
korytarz3.pgm,df,226.885,299.122,77.5639,386.195,31.965,1243.34
korytarz3.pgm,df,226.885,299.122,77.5639,386.195,32.671,1243.34
korytarz3.pgm,df,226.885,299.122,77.5639,386.195,33.061,1243.34
korytarz3.pgm,df,226.885,299.122,77.5639,386.195,31.624,1243.34
korytarz3.pgm,df,226.885,299.122,77.5639,386.195,33.068,1243.34
korytarz3.pgm,df,226.885,299.122,77.5639,386.195,36.263,1243.34
korytarz3.pgm,df,226.885,299.122,77.5639,386.195,32.033,1243.34
korytarz3.pgm,df,226.885,299.122,77.5639,386.195,32.814,1243.34
korytarz3.pgm,df,226.885,299.122,77.5639,386.195,31.435,1243.34
korytarz3.pgm,df,226.885,299.122,77.5639,386.195,32.863,1243.34
korytarz3.pgm,df,226.885,299.122,77.5639,386.195,33.09,1243.34
korytarz3.pgm,df,226.885,299.122,77.5639,386.195,32.444,1243.34
korytarz3.pgm,df,226.885,299.122,77.5639,386.195,32.01,1243.34
korytarz3.pgm,df,226.885,299.122,77.5639,386.195,32.63,1243.34
korytarz3.pgm,df,226.885,299.122,77.5639,386.195,32.132,1243.34
korytarz3.pgm,df,226.885,299.122,77.5639,386.195,31.578,1243.34
korytarz3.pgm,df,226.885,299.122,77.5639,386.195,31.521,1243.34
korytarz3.pgm,df,226.885,299.122,77.5639,386.195,32.185,1243.34
korytarz3.pgm,df,226.885,299.122,77.5639,386.195,32.546,1243.34
korytarz3.pgm,df,226.885,299.122,77.5639,386.195,32.377,1243.34
korytarz3.pgm,df,226.885,299.122,77.5639,386.195,33.544,1243.34
korytarz3.pgm,df,226.885,299.122,77.5639,386.195,32.589,1243.34
korytarz3.pgm,df,226.885,299.122,77.5639,386.195,32.287,1243.34
korytarz3.pgm,df,226.885,299.122,77.5639,386.195,31.963,1243.34
korytarz3.pgm,df,226.885,299.122,77.5639,386.195,31.817,1243.34
korytarz3.pgm,df,226.885,299.122,77.5639,386.195,31.992,1243.34
korytarz3.pgm,df,226.885,299.122,77.5639,386.195,32.041,1243.34
korytarz3.pgm,df,226.885,299.122,77.5639,386.195,31.835,1243.34
korytarz3.pgm,df,226.885,299.122,77.5639,386.195,31.755,1243.34
korytarz3.pgm,df,226.885,299.122,77.5639,386.195,32.151,1243.34
korytarz3.pgm,df,226.885,299.122,77.5639,386.195,32.62,1243.34
korytarz3.pgm,df,226.885,299.122,77.5639,386.195,32.19,1243.34
korytarz3.pgm,df,226.885,299.122,77.5639,386.195,31.846,1243.34
korytarz3.pgm,df,226.885,299.122,77.5639,386.195,32.546,1243.34
korytarz3.pgm,df,226.885,299.122,77.5639,386.195,32.022,1243.34
korytarz3.pgm,df,226.885,299.122,77.5639,386.195,31.649,1243.34
korytarz3.pgm,df,226.885,299.122,77.5639,386.195,31.894,1243.34
korytarz3.pgm,df,226.885,299.122,77.5639,386.195,31.114,1243.34
korytarz3.pgm,df,226.885,299.122,77.5639,386.195,32.416,1243.34
korytarz3.pgm,df,226.885,299.122,77.5639,386.195,30.256,1243.34
korytarz3.pgm,df,226.885,299.122,77.5639,386.195,31.599,1243.34
korytarz3.pgm,df,226.885,299.122,77.5639,386.195,32.404,1243.34
korytarz3.pgm,df,226.885,299.122,77.5639,386.195,31.648,1243.34
korytarz3.pgm,df,226.885,299.122,77.5639,386.195,31.797,1243.34
korytarz3.pgm,df,226.885,299.122,77.5639,386.195,31.602,1243.34
korytarz3.pgm,df,226.885,299.122,77.5639,386.195,31.951,1243.34
korytarz3.pgm,df,226.885,299.122,77.5639,386.195,31.802,1243.34
korytarz3.pgm,df,226.885,299.122,77.5639,386.195,31.658,1243.34
korytarz3.pgm,df,226.885,299.122,77.5639,386.195,32.741,1243.34
korytarz3.pgm,df,226.885,299.122,77.5639,386.195,31.6,1243.34
korytarz3.pgm,df,226.885,299.122,77.5639,386.195,33.942,1243.34
korytarz3.pgm,df,226.885,299.122,77.5639,386.195,32.182,1243.34
korytarz3.pgm,df,226.885,299.122,77.5639,386.195,34.063,1243.34
korytarz3.pgm,df,226.885,299.122,77.5639,386.195,31.589,1243.34
korytarz3.pgm,df,226.885,299.122,77.5639,386.195,32.522,1243.34
korytarz3.pgm,df,226.885,299.122,77.5639,386.195,31.654,1243.34
korytarz3.pgm,df,226.885,299.122,77.5639,386.195,32.261,1243.34
korytarz3.pgm,df,226.885,299.122,77.5639,386.195,32.458,1243.34
korytarz3.pgm,df,226.885,299.122,77.5639,386.195,31.955,1243.34
korytarz3.pgm,df,226.885,299.122,77.5639,386.195,31.903,1243.34
korytarz3.pgm,df,226.885,299.122,77.5639,386.195,31.815,1243.34
korytarz3.pgm,df,226.885,299.122,77.5639,386.195,31.868,1243.34
korytarz3.pgm,df,226.885,299.122,77.5639,386.195,31.633,1243.34
korytarz3.pgm,df,226.885,299.122,77.5639,386.195,31.874,1243.34
korytarz3.pgm,df,226.885,299.122,77.5639,386.195,32.014,1243.34


korytarz3.pgm,df,103.066,288.547,301.477,443.872,48.648,2002.29
korytarz3.pgm,df,103.066,288.547,301.477,443.872,50.789,2002.29
korytarz3.pgm,df,103.066,288.547,301.477,443.872,49.537,2002.29
korytarz3.pgm,df,103.066,288.547,301.477,443.872,49.293,2002.29
korytarz3.pgm,df,103.066,288.547,301.477,443.872,49.638,2002.29
korytarz3.pgm,df,103.066,288.547,301.477,443.872,49.572,2002.29
korytarz3.pgm,df,103.066,288.547,301.477,443.872,49.845,2002.29
korytarz3.pgm,df,103.066,288.547,301.477,443.872,50.176,2002.29
korytarz3.pgm,df,103.066,288.547,301.477,443.872,50.018,2002.29
korytarz3.pgm,df,103.066,288.547,301.477,443.872,50.131,2002.29
korytarz3.pgm,df,103.066,288.547,301.477,443.872,49.322,2002.29
korytarz3.pgm,df,103.066,288.547,301.477,443.872,49.938,2002.29
korytarz3.pgm,df,103.066,288.547,301.477,443.872,50.586,2002.29
korytarz3.pgm,df,103.066,288.547,301.477,443.872,49.55,2002.29
korytarz3.pgm,df,103.066,288.547,301.477,443.872,49.989,2002.29
korytarz3.pgm,df,103.066,288.547,301.477,443.872,49.889,2002.29
korytarz3.pgm,df,103.066,288.547,301.477,443.872,50.59,2002.29
korytarz3.pgm,df,103.066,288.547,301.477,443.872,51.009,2002.29
korytarz3.pgm,df,103.066,288.547,301.477,443.872,50.401,2002.29
korytarz3.pgm,df,103.066,288.547,301.477,443.872,51.599,2002.29
korytarz3.pgm,df,103.066,288.547,301.477,443.872,49.428,2002.29
korytarz3.pgm,df,103.066,288.547,301.477,443.872,51.179,2002.29
korytarz3.pgm,df,103.066,288.547,301.477,443.872,48.814,2002.29
korytarz3.pgm,df,103.066,288.547,301.477,443.872,47.555,2002.29
korytarz3.pgm,df,103.066,288.547,301.477,443.872,46.146,2002.29
korytarz3.pgm,df,103.066,288.547,301.477,443.872,47.114,2002.29
korytarz3.pgm,df,103.066,288.547,301.477,443.872,46.953,2002.29
korytarz3.pgm,df,103.066,288.547,301.477,443.872,47.917,2002.29
korytarz3.pgm,df,103.066,288.547,301.477,443.872,45.98,2002.29
korytarz3.pgm,df,103.066,288.547,301.477,443.872,46.549,2002.29
korytarz3.pgm,df,103.066,288.547,301.477,443.872,47.816,2002.29
korytarz3.pgm,df,103.066,288.547,301.477,443.872,46.453,2002.29
korytarz3.pgm,df,103.066,288.547,301.477,443.872,48.026,2002.29
korytarz3.pgm,df,103.066,288.547,301.477,443.872,45.945,2002.29
korytarz3.pgm,df,103.066,288.547,301.477,443.872,47.011,2002.29
korytarz3.pgm,df,103.066,288.547,301.477,443.872,47.624,2002.29
korytarz3.pgm,df,103.066,288.547,301.477,443.872,46.988,2002.29
korytarz3.pgm,df,103.066,288.547,301.477,443.872,46.907,2002.29
korytarz3.pgm,df,103.066,288.547,301.477,443.872,48.46,2002.29
korytarz3.pgm,df,103.066,288.547,301.477,443.872,46.654,2002.29
korytarz3.pgm,df,103.066,288.547,301.477,443.872,47.439,2002.29
korytarz3.pgm,df,103.066,288.547,301.477,443.872,46.864,2002.29
korytarz3.pgm,df,103.066,288.547,301.477,443.872,46.348,2002.29
korytarz3.pgm,df,103.066,288.547,301.477,443.872,47.761,2002.29
korytarz3.pgm,df,103.066,288.547,301.477,443.872,47.233,2002.29
korytarz3.pgm,df,103.066,288.547,301.477,443.872,46.611,2002.29
korytarz3.pgm,df,103.066,288.547,301.477,443.872,47.964,2002.29
korytarz3.pgm,df,103.066,288.547,301.477,443.872,47.414,2002.29
korytarz3.pgm,df,103.066,288.547,301.477,443.872,46.851,2002.29
korytarz3.pgm,df,103.066,288.547,301.477,443.872,47.839,2002.29
korytarz3.pgm,df,103.066,288.547,301.477,443.872,47.2,2002.29
korytarz3.pgm,df,103.066,288.547,301.477,443.872,46.362,2002.29
korytarz3.pgm,df,103.066,288.547,301.477,443.872,48.296,2002.29
korytarz3.pgm,df,103.066,288.547,301.477,443.872,47.606,2002.29
korytarz3.pgm,df,103.066,288.547,301.477,443.872,47.615,2002.29
korytarz3.pgm,df,103.066,288.547,301.477,443.872,46.843,2002.29
korytarz3.pgm,df,103.066,288.547,301.477,443.872,48.489,2002.29
korytarz3.pgm,df,103.066,288.547,301.477,443.872,47.657,2002.29
korytarz3.pgm,df,103.066,288.547,301.477,443.872,50.113,2002.29
korytarz3.pgm,df,103.066,288.547,301.477,443.872,46.696,2002.29
korytarz3.pgm,df,103.066,288.547,301.477,443.872,47.651,2002.29
korytarz3.pgm,df,103.066,288.547,301.477,443.872,48.337,2002.29
korytarz3.pgm,df,103.066,288.547,301.477,443.872,47.775,2002.29
korytarz3.pgm,df,103.066,288.547,301.477,443.872,48.472,2002.29
korytarz3.pgm,df,103.066,288.547,301.477,443.872,47.992,2002.29
korytarz3.pgm,df,103.066,288.547,301.477,443.872,46.629,2002.29
korytarz3.pgm,df,103.066,288.547,301.477,443.872,47.398,2002.29
korytarz3.pgm,df,103.066,288.547,301.477,443.872,46.505,2002.29
korytarz3.pgm,df,103.066,288.547,301.477,443.872,47.525,2002.29
korytarz3.pgm,df,103.066,288.547,301.477,443.872,46.987,2002.29
korytarz3.pgm,df,103.066,288.547,301.477,443.872,47.468,2002.29
korytarz3.pgm,df,103.066,288.547,301.477,443.872,46.777,2002.29
korytarz3.pgm,df,103.066,288.547,301.477,443.872,47.005,2002.29
korytarz3.pgm,df,103.066,288.547,301.477,443.872,47.407,2002.29
korytarz3.pgm,df,103.066,288.547,301.477,443.872,45.935,2002.29
korytarz3.pgm,df,103.066,288.547,301.477,443.872,47.074,2002.29
korytarz3.pgm,df,103.066,288.547,301.477,443.872,47.075,2002.29
korytarz3.pgm,df,103.066,288.547,301.477,443.872,48.182,2002.29
korytarz3.pgm,df,103.066,288.547,301.477,443.872,47.29,2002.29
korytarz3.pgm,df,103.066,288.547,301.477,443.872,47.753,2002.29
korytarz3.pgm,df,103.066,288.547,301.477,443.872,46.247,2002.29
korytarz3.pgm,df,103.066,288.547,301.477,443.872,46.576,2002.29
korytarz3.pgm,df,103.066,288.547,301.477,443.872,47.694,2002.29
korytarz3.pgm,df,103.066,288.547,301.477,443.872,47.412,2002.29
korytarz3.pgm,df,103.066,288.547,301.477,443.872,47.018,2002.29
korytarz3.pgm,df,103.066,288.547,301.477,443.872,47.49,2002.29
korytarz3.pgm,df,103.066,288.547,301.477,443.872,46.993,2002.29
korytarz3.pgm,df,103.066,288.547,301.477,443.872,45.613,2002.29
korytarz3.pgm,df,103.066,288.547,301.477,443.872,47.651,2002.29
korytarz3.pgm,df,103.066,288.547,301.477,443.872,46.987,2002.29
korytarz3.pgm,df,103.066,288.547,301.477,443.872,47.248,2002.29
korytarz3.pgm,df,103.066,288.547,301.477,443.872,46.286,2002.29
korytarz3.pgm,df,103.066,288.547,301.477,443.872,47.438,2002.29
korytarz3.pgm,df,103.066,288.547,301.477,443.872,46.133,2002.29
korytarz3.pgm,df,103.066,288.547,301.477,443.872,47.74,2002.29
korytarz3.pgm,df,103.066,288.547,301.477,443.872,47.965,2002.29
korytarz3.pgm,df,103.066,288.547,301.477,443.872,46.811,2002.29
korytarz3.pgm,df,103.066,288.547,301.477,443.872,46.885,2002.29
korytarz3.pgm,df,103.066,288.547,301.477,443.872,47.297,2002.29
korytarz3.pgm,df,103.066,288.547,301.477,443.872,45.59,2002.29


korytarz3.pgm,df,149.617,381.427,407.528,263.157,14.062,1297.49
korytarz3.pgm,df,149.617,381.427,407.528,263.157,13.534,1297.49
korytarz3.pgm,df,149.617,381.427,407.528,263.157,14.101,1297.49
korytarz3.pgm,df,149.617,381.427,407.528,263.157,13.733,1297.49
korytarz3.pgm,df,149.617,381.427,407.528,263.157,14.03,1297.49
korytarz3.pgm,df,149.617,381.427,407.528,263.157,13.032,1297.49
korytarz3.pgm,df,149.617,381.427,407.528,263.157,13.438,1297.49
korytarz3.pgm,df,149.617,381.427,407.528,263.157,13.805,1297.49
korytarz3.pgm,df,149.617,381.427,407.528,263.157,13.421,1297.49
korytarz3.pgm,df,149.617,381.427,407.528,263.157,13.926,1297.49
korytarz3.pgm,df,149.617,381.427,407.528,263.157,14.007,1297.49
korytarz3.pgm,df,149.617,381.427,407.528,263.157,14.509,1297.49
korytarz3.pgm,df,149.617,381.427,407.528,263.157,14.405,1297.49
korytarz3.pgm,df,149.617,381.427,407.528,263.157,13.606,1297.49
korytarz3.pgm,df,149.617,381.427,407.528,263.157,14.348,1297.49
korytarz3.pgm,df,149.617,381.427,407.528,263.157,13.469,1297.49
korytarz3.pgm,df,149.617,381.427,407.528,263.157,13.864,1297.49
korytarz3.pgm,df,149.617,381.427,407.528,263.157,13.739,1297.49
korytarz3.pgm,df,149.617,381.427,407.528,263.157,13.586,1297.49
korytarz3.pgm,df,149.617,381.427,407.528,263.157,13.449,1297.49
korytarz3.pgm,df,149.617,381.427,407.528,263.157,14.079,1297.49
korytarz3.pgm,df,149.617,381.427,407.528,263.157,13.926,1297.49
korytarz3.pgm,df,149.617,381.427,407.528,263.157,14.955,1297.49
korytarz3.pgm,df,149.617,381.427,407.528,263.157,14.172,1297.49
korytarz3.pgm,df,149.617,381.427,407.528,263.157,13.256,1297.49
korytarz3.pgm,df,149.617,381.427,407.528,263.157,12.991,1297.49
korytarz3.pgm,df,149.617,381.427,407.528,263.157,14.282,1297.49
korytarz3.pgm,df,149.617,381.427,407.528,263.157,13.628,1297.49
korytarz3.pgm,df,149.617,381.427,407.528,263.157,13.832,1297.49
korytarz3.pgm,df,149.617,381.427,407.528,263.157,14.088,1297.49
korytarz3.pgm,df,149.617,381.427,407.528,263.157,13.611,1297.49
korytarz3.pgm,df,149.617,381.427,407.528,263.157,13.377,1297.49
korytarz3.pgm,df,149.617,381.427,407.528,263.157,13.311,1297.49
korytarz3.pgm,df,149.617,381.427,407.528,263.157,13.964,1297.49
korytarz3.pgm,df,149.617,381.427,407.528,263.157,13.691,1297.49
korytarz3.pgm,df,149.617,381.427,407.528,263.157,13.838,1297.49
korytarz3.pgm,df,149.617,381.427,407.528,263.157,13.172,1297.49
korytarz3.pgm,df,149.617,381.427,407.528,263.157,13.399,1297.49
korytarz3.pgm,df,149.617,381.427,407.528,263.157,14.159,1297.49
korytarz3.pgm,df,149.617,381.427,407.528,263.157,13.593,1297.49
korytarz3.pgm,df,149.617,381.427,407.528,263.157,13.937,1297.49
korytarz3.pgm,df,149.617,381.427,407.528,263.157,13.398,1297.49
korytarz3.pgm,df,149.617,381.427,407.528,263.157,12.899,1297.49
korytarz3.pgm,df,149.617,381.427,407.528,263.157,13.862,1297.49
korytarz3.pgm,df,149.617,381.427,407.528,263.157,13.337,1297.49
korytarz3.pgm,df,149.617,381.427,407.528,263.157,14.136,1297.49
korytarz3.pgm,df,149.617,381.427,407.528,263.157,13.697,1297.49
korytarz3.pgm,df,149.617,381.427,407.528,263.157,14.59,1297.49
korytarz3.pgm,df,149.617,381.427,407.528,263.157,13.027,1297.49
korytarz3.pgm,df,149.617,381.427,407.528,263.157,13.504,1297.49
korytarz3.pgm,df,149.617,381.427,407.528,263.157,13.562,1297.49
korytarz3.pgm,df,149.617,381.427,407.528,263.157,13.827,1297.49
korytarz3.pgm,df,149.617,381.427,407.528,263.157,14.005,1297.49
korytarz3.pgm,df,149.617,381.427,407.528,263.157,13.785,1297.49
korytarz3.pgm,df,149.617,381.427,407.528,263.157,13.442,1297.49
korytarz3.pgm,df,149.617,381.427,407.528,263.157,14.001,1297.49
korytarz3.pgm,df,149.617,381.427,407.528,263.157,13.418,1297.49
korytarz3.pgm,df,149.617,381.427,407.528,263.157,13.846,1297.49
korytarz3.pgm,df,149.617,381.427,407.528,263.157,13.365,1297.49
korytarz3.pgm,df,149.617,381.427,407.528,263.157,14.233,1297.49
korytarz3.pgm,df,149.617,381.427,407.528,263.157,13.058,1297.49
korytarz3.pgm,df,149.617,381.427,407.528,263.157,14.27,1297.49
korytarz3.pgm,df,149.617,381.427,407.528,263.157,14.149,1297.49
korytarz3.pgm,df,149.617,381.427,407.528,263.157,13.918,1297.49
korytarz3.pgm,df,149.617,381.427,407.528,263.157,13.989,1297.49
korytarz3.pgm,df,149.617,381.427,407.528,263.157,14.008,1297.49
korytarz3.pgm,df,149.617,381.427,407.528,263.157,13.248,1297.49
korytarz3.pgm,df,149.617,381.427,407.528,263.157,13.908,1297.49
korytarz3.pgm,df,149.617,381.427,407.528,263.157,13.935,1297.49
korytarz3.pgm,df,149.617,381.427,407.528,263.157,14.23,1297.49
korytarz3.pgm,df,149.617,381.427,407.528,263.157,14.152,1297.49
korytarz3.pgm,df,149.617,381.427,407.528,263.157,14.015,1297.49
korytarz3.pgm,df,149.617,381.427,407.528,263.157,13.589,1297.49
korytarz3.pgm,df,149.617,381.427,407.528,263.157,12.917,1297.49
korytarz3.pgm,df,149.617,381.427,407.528,263.157,14.067,1297.49
korytarz3.pgm,df,149.617,381.427,407.528,263.157,14.223,1297.49
korytarz3.pgm,df,149.617,381.427,407.528,263.157,14.055,1297.49
korytarz3.pgm,df,149.617,381.427,407.528,263.157,13.415,1297.49
korytarz3.pgm,df,149.617,381.427,407.528,263.157,13.884,1297.49
korytarz3.pgm,df,149.617,381.427,407.528,263.157,13.75,1297.49
korytarz3.pgm,df,149.617,381.427,407.528,263.157,13.361,1297.49
korytarz3.pgm,df,149.617,381.427,407.528,263.157,13.971,1297.49
korytarz3.pgm,df,149.617,381.427,407.528,263.157,14.654,1297.49
korytarz3.pgm,df,149.617,381.427,407.528,263.157,14.336,1297.49
korytarz3.pgm,df,149.617,381.427,407.528,263.157,14.136,1297.49
korytarz3.pgm,df,149.617,381.427,407.528,263.157,13.157,1297.49
korytarz3.pgm,df,149.617,381.427,407.528,263.157,13.378,1297.49
korytarz3.pgm,df,149.617,381.427,407.528,263.157,13.935,1297.49
korytarz3.pgm,df,149.617,381.427,407.528,263.157,14.018,1297.49
korytarz3.pgm,df,149.617,381.427,407.528,263.157,13.653,1297.49
korytarz3.pgm,df,149.617,381.427,407.528,263.157,14.391,1297.49
korytarz3.pgm,df,149.617,381.427,407.528,263.157,13.769,1297.49
korytarz3.pgm,df,149.617,381.427,407.528,263.157,12.955,1297.49
korytarz3.pgm,df,149.617,381.427,407.528,263.157,14.12,1297.49
korytarz3.pgm,df,149.617,381.427,407.528,263.157,13.907,1297.49
korytarz3.pgm,df,149.617,381.427,407.528,263.157,14.148,1297.49
korytarz3.pgm,df,149.617,381.427,407.528,263.157,14.048,1297.49
korytarz3.pgm,df,149.617,381.427,407.528,263.157,13.843,1297.49
korytarz3.pgm,df,149.617,381.427,407.528,263.157,13.544,1297.49
korytarz3.pgm,df,149.617,381.427,407.528,263.157,13.483,1297.49


korytarz3.pgm,df,93.9751,321.653,305.85,452.636,48.641,1658.37
korytarz3.pgm,df,93.9751,321.653,305.85,452.636,47.779,1658.37
korytarz3.pgm,df,93.9751,321.653,305.85,452.636,48.442,1658.37
korytarz3.pgm,df,93.9751,321.653,305.85,452.636,49.155,1658.37
korytarz3.pgm,df,93.9751,321.653,305.85,452.636,48.631,1658.37
korytarz3.pgm,df,93.9751,321.653,305.85,452.636,48.909,1658.37
korytarz3.pgm,df,93.9751,321.653,305.85,452.636,48.907,1658.37
korytarz3.pgm,df,93.9751,321.653,305.85,452.636,49.015,1658.37
korytarz3.pgm,df,93.9751,321.653,305.85,452.636,48.763,1658.37
korytarz3.pgm,df,93.9751,321.653,305.85,452.636,48.744,1658.37
korytarz3.pgm,df,93.9751,321.653,305.85,452.636,48.504,1658.37
korytarz3.pgm,df,93.9751,321.653,305.85,452.636,48.273,1658.37
korytarz3.pgm,df,93.9751,321.653,305.85,452.636,48.38,1658.37
korytarz3.pgm,df,93.9751,321.653,305.85,452.636,48.431,1658.37
korytarz3.pgm,df,93.9751,321.653,305.85,452.636,47.8,1658.37
korytarz3.pgm,df,93.9751,321.653,305.85,452.636,50.276,1658.37
korytarz3.pgm,df,93.9751,321.653,305.85,452.636,48.642,1658.37
korytarz3.pgm,df,93.9751,321.653,305.85,452.636,49.313,1658.37
korytarz3.pgm,df,93.9751,321.653,305.85,452.636,50.148,1658.37
korytarz3.pgm,df,93.9751,321.653,305.85,452.636,48.053,1658.37
korytarz3.pgm,df,93.9751,321.653,305.85,452.636,48.574,1658.37
korytarz3.pgm,df,93.9751,321.653,305.85,452.636,48.831,1658.37
korytarz3.pgm,df,93.9751,321.653,305.85,452.636,47.977,1658.37
korytarz3.pgm,df,93.9751,321.653,305.85,452.636,48.779,1658.37
korytarz3.pgm,df,93.9751,321.653,305.85,452.636,48.771,1658.37
korytarz3.pgm,df,93.9751,321.653,305.85,452.636,48.233,1658.37
korytarz3.pgm,df,93.9751,321.653,305.85,452.636,48.298,1658.37
korytarz3.pgm,df,93.9751,321.653,305.85,452.636,48.994,1658.37
korytarz3.pgm,df,93.9751,321.653,305.85,452.636,48.573,1658.37
korytarz3.pgm,df,93.9751,321.653,305.85,452.636,47.455,1658.37
korytarz3.pgm,df,93.9751,321.653,305.85,452.636,48.19,1658.37
korytarz3.pgm,df,93.9751,321.653,305.85,452.636,47.979,1658.37
korytarz3.pgm,df,93.9751,321.653,305.85,452.636,47.903,1658.37
korytarz3.pgm,df,93.9751,321.653,305.85,452.636,48.133,1658.37
korytarz3.pgm,df,93.9751,321.653,305.85,452.636,48.4,1658.37
korytarz3.pgm,df,93.9751,321.653,305.85,452.636,50.015,1658.37
korytarz3.pgm,df,93.9751,321.653,305.85,452.636,49.206,1658.37
korytarz3.pgm,df,93.9751,321.653,305.85,452.636,48.728,1658.37
korytarz3.pgm,df,93.9751,321.653,305.85,452.636,49.094,1658.37
korytarz3.pgm,df,93.9751,321.653,305.85,452.636,48.582,1658.37
korytarz3.pgm,df,93.9751,321.653,305.85,452.636,48.768,1658.37
korytarz3.pgm,df,93.9751,321.653,305.85,452.636,48.198,1658.37
korytarz3.pgm,df,93.9751,321.653,305.85,452.636,48.309,1658.37
korytarz3.pgm,df,93.9751,321.653,305.85,452.636,49.841,1658.37
korytarz3.pgm,df,93.9751,321.653,305.85,452.636,48.754,1658.37
korytarz3.pgm,df,93.9751,321.653,305.85,452.636,49.724,1658.37
korytarz3.pgm,df,93.9751,321.653,305.85,452.636,48.925,1658.37
korytarz3.pgm,df,93.9751,321.653,305.85,452.636,49.659,1658.37
korytarz3.pgm,df,93.9751,321.653,305.85,452.636,48.838,1658.37
korytarz3.pgm,df,93.9751,321.653,305.85,452.636,49.732,1658.37
korytarz3.pgm,df,93.9751,321.653,305.85,452.636,47.869,1658.37
korytarz3.pgm,df,93.9751,321.653,305.85,452.636,51.242,1658.37
korytarz3.pgm,df,93.9751,321.653,305.85,452.636,50.029,1658.37
korytarz3.pgm,df,93.9751,321.653,305.85,452.636,48.548,1658.37
korytarz3.pgm,df,93.9751,321.653,305.85,452.636,48.092,1658.37
korytarz3.pgm,df,93.9751,321.653,305.85,452.636,48.286,1658.37
korytarz3.pgm,df,93.9751,321.653,305.85,452.636,48.504,1658.37
korytarz3.pgm,df,93.9751,321.653,305.85,452.636,48.73,1658.37
korytarz3.pgm,df,93.9751,321.653,305.85,452.636,48.708,1658.37
korytarz3.pgm,df,93.9751,321.653,305.85,452.636,49.393,1658.37
korytarz3.pgm,df,93.9751,321.653,305.85,452.636,48.741,1658.37
korytarz3.pgm,df,93.9751,321.653,305.85,452.636,48.534,1658.37
korytarz3.pgm,df,93.9751,321.653,305.85,452.636,48.686,1658.37
korytarz3.pgm,df,93.9751,321.653,305.85,452.636,48.928,1658.37
korytarz3.pgm,df,93.9751,321.653,305.85,452.636,49.102,1658.37
korytarz3.pgm,df,93.9751,321.653,305.85,452.636,49.598,1658.37
korytarz3.pgm,df,93.9751,321.653,305.85,452.636,50.474,1658.37
korytarz3.pgm,df,93.9751,321.653,305.85,452.636,48.615,1658.37
korytarz3.pgm,df,93.9751,321.653,305.85,452.636,49.053,1658.37
korytarz3.pgm,df,93.9751,321.653,305.85,452.636,48.419,1658.37
korytarz3.pgm,df,93.9751,321.653,305.85,452.636,48.161,1658.37
korytarz3.pgm,df,93.9751,321.653,305.85,452.636,48.377,1658.37
korytarz3.pgm,df,93.9751,321.653,305.85,452.636,48.623,1658.37
korytarz3.pgm,df,93.9751,321.653,305.85,452.636,48.06,1658.37
korytarz3.pgm,df,93.9751,321.653,305.85,452.636,48.767,1658.37
korytarz3.pgm,df,93.9751,321.653,305.85,452.636,47.608,1658.37
korytarz3.pgm,df,93.9751,321.653,305.85,452.636,49.634,1658.37
korytarz3.pgm,df,93.9751,321.653,305.85,452.636,48.47,1658.37
korytarz3.pgm,df,93.9751,321.653,305.85,452.636,49.715,1658.37
korytarz3.pgm,df,93.9751,321.653,305.85,452.636,49.181,1658.37
korytarz3.pgm,df,93.9751,321.653,305.85,452.636,49.363,1658.37
korytarz3.pgm,df,93.9751,321.653,305.85,452.636,48.858,1658.37
korytarz3.pgm,df,93.9751,321.653,305.85,452.636,48.717,1658.37
korytarz3.pgm,df,93.9751,321.653,305.85,452.636,48.147,1658.37
korytarz3.pgm,df,93.9751,321.653,305.85,452.636,49.149,1658.37
korytarz3.pgm,df,93.9751,321.653,305.85,452.636,48.398,1658.37
korytarz3.pgm,df,93.9751,321.653,305.85,452.636,49.221,1658.37
korytarz3.pgm,df,93.9751,321.653,305.85,452.636,50.926,1658.37
korytarz3.pgm,df,93.9751,321.653,305.85,452.636,49.559,1658.37
korytarz3.pgm,df,93.9751,321.653,305.85,452.636,48.652,1658.37
korytarz3.pgm,df,93.9751,321.653,305.85,452.636,48.678,1658.37
korytarz3.pgm,df,93.9751,321.653,305.85,452.636,48.117,1658.37
korytarz3.pgm,df,93.9751,321.653,305.85,452.636,49.571,1658.37
korytarz3.pgm,df,93.9751,321.653,305.85,452.636,49.037,1658.37
korytarz3.pgm,df,93.9751,321.653,305.85,452.636,48.547,1658.37
korytarz3.pgm,df,93.9751,321.653,305.85,452.636,49.359,1658.37
korytarz3.pgm,df,93.9751,321.653,305.85,452.636,49.896,1658.37
korytarz3.pgm,df,93.9751,321.653,305.85,452.636,49.074,1658.37
korytarz3.pgm,df,93.9751,321.653,305.85,452.636,49.296,1658.37
korytarz3.pgm,df,93.9751,321.653,305.85,452.636,48.304,1658.37


korytarz3.pgm,df,69.9906,238.158,239.067,311.747,33.815,2648.23
korytarz3.pgm,df,69.9906,238.158,239.067,311.747,33.977,2648.23
korytarz3.pgm,df,69.9906,238.158,239.067,311.747,34.182,2648.23
korytarz3.pgm,df,69.9906,238.158,239.067,311.747,34.048,2648.23
korytarz3.pgm,df,69.9906,238.158,239.067,311.747,34.704,2648.23
korytarz3.pgm,df,69.9906,238.158,239.067,311.747,33.097,2648.23
korytarz3.pgm,df,69.9906,238.158,239.067,311.747,33.798,2648.23
korytarz3.pgm,df,69.9906,238.158,239.067,311.747,33.64,2648.23
korytarz3.pgm,df,69.9906,238.158,239.067,311.747,33.439,2648.23
korytarz3.pgm,df,69.9906,238.158,239.067,311.747,33.709,2648.23
korytarz3.pgm,df,69.9906,238.158,239.067,311.747,33.834,2648.23
korytarz3.pgm,df,69.9906,238.158,239.067,311.747,33.778,2648.23
korytarz3.pgm,df,69.9906,238.158,239.067,311.747,33.683,2648.23
korytarz3.pgm,df,69.9906,238.158,239.067,311.747,34.194,2648.23
korytarz3.pgm,df,69.9906,238.158,239.067,311.747,34.266,2648.23
korytarz3.pgm,df,69.9906,238.158,239.067,311.747,34.233,2648.23
korytarz3.pgm,df,69.9906,238.158,239.067,311.747,34.328,2648.23
korytarz3.pgm,df,69.9906,238.158,239.067,311.747,34.414,2648.23
korytarz3.pgm,df,69.9906,238.158,239.067,311.747,33.837,2648.23
korytarz3.pgm,df,69.9906,238.158,239.067,311.747,33.981,2648.23
korytarz3.pgm,df,69.9906,238.158,239.067,311.747,34.127,2648.23
korytarz3.pgm,df,69.9906,238.158,239.067,311.747,34.876,2648.23
korytarz3.pgm,df,69.9906,238.158,239.067,311.747,33.894,2648.23
korytarz3.pgm,df,69.9906,238.158,239.067,311.747,34.485,2648.23
korytarz3.pgm,df,69.9906,238.158,239.067,311.747,34.15,2648.23
korytarz3.pgm,df,69.9906,238.158,239.067,311.747,33.83,2648.23
korytarz3.pgm,df,69.9906,238.158,239.067,311.747,34.218,2648.23
korytarz3.pgm,df,69.9906,238.158,239.067,311.747,34.252,2648.23
korytarz3.pgm,df,69.9906,238.158,239.067,311.747,34.896,2648.23
korytarz3.pgm,df,69.9906,238.158,239.067,311.747,35.014,2648.23
korytarz3.pgm,df,69.9906,238.158,239.067,311.747,33.697,2648.23
korytarz3.pgm,df,69.9906,238.158,239.067,311.747,34.306,2648.23
korytarz3.pgm,df,69.9906,238.158,239.067,311.747,33.927,2648.23
korytarz3.pgm,df,69.9906,238.158,239.067,311.747,33.792,2648.23
korytarz3.pgm,df,69.9906,238.158,239.067,311.747,34.057,2648.23
korytarz3.pgm,df,69.9906,238.158,239.067,311.747,34.046,2648.23
korytarz3.pgm,df,69.9906,238.158,239.067,311.747,33.898,2648.23
korytarz3.pgm,df,69.9906,238.158,239.067,311.747,34.619,2648.23
korytarz3.pgm,df,69.9906,238.158,239.067,311.747,34.072,2648.23
korytarz3.pgm,df,69.9906,238.158,239.067,311.747,33.255,2648.23
korytarz3.pgm,df,69.9906,238.158,239.067,311.747,33.694,2648.23
korytarz3.pgm,df,69.9906,238.158,239.067,311.747,34.223,2648.23
korytarz3.pgm,df,69.9906,238.158,239.067,311.747,34.528,2648.23
korytarz3.pgm,df,69.9906,238.158,239.067,311.747,34.444,2648.23
korytarz3.pgm,df,69.9906,238.158,239.067,311.747,34.637,2648.23
korytarz3.pgm,df,69.9906,238.158,239.067,311.747,35.054,2648.23
korytarz3.pgm,df,69.9906,238.158,239.067,311.747,34.143,2648.23
korytarz3.pgm,df,69.9906,238.158,239.067,311.747,33.772,2648.23
korytarz3.pgm,df,69.9906,238.158,239.067,311.747,33.389,2648.23
korytarz3.pgm,df,69.9906,238.158,239.067,311.747,33.119,2648.23
korytarz3.pgm,df,69.9906,238.158,239.067,311.747,34.729,2648.23
korytarz3.pgm,df,69.9906,238.158,239.067,311.747,34.316,2648.23
korytarz3.pgm,df,69.9906,238.158,239.067,311.747,33.27,2648.23
korytarz3.pgm,df,69.9906,238.158,239.067,311.747,33.955,2648.23
korytarz3.pgm,df,69.9906,238.158,239.067,311.747,33.721,2648.23
korytarz3.pgm,df,69.9906,238.158,239.067,311.747,33.148,2648.23
korytarz3.pgm,df,69.9906,238.158,239.067,311.747,34.547,2648.23
korytarz3.pgm,df,69.9906,238.158,239.067,311.747,34.106,2648.23
korytarz3.pgm,df,69.9906,238.158,239.067,311.747,34.578,2648.23
korytarz3.pgm,df,69.9906,238.158,239.067,311.747,33.094,2648.23
korytarz3.pgm,df,69.9906,238.158,239.067,311.747,34.18,2648.23
korytarz3.pgm,df,69.9906,238.158,239.067,311.747,35.312,2648.23
korytarz3.pgm,df,69.9906,238.158,239.067,311.747,33.76,2648.23
korytarz3.pgm,df,69.9906,238.158,239.067,311.747,38.943,2648.23
korytarz3.pgm,df,69.9906,238.158,239.067,311.747,34.218,2648.23
korytarz3.pgm,df,69.9906,238.158,239.067,311.747,33.548,2648.23
korytarz3.pgm,df,69.9906,238.158,239.067,311.747,33.534,2648.23
korytarz3.pgm,df,69.9906,238.158,239.067,311.747,33.406,2648.23
korytarz3.pgm,df,69.9906,238.158,239.067,311.747,33.898,2648.23
korytarz3.pgm,df,69.9906,238.158,239.067,311.747,33.966,2648.23
korytarz3.pgm,df,69.9906,238.158,239.067,311.747,33.985,2648.23
korytarz3.pgm,df,69.9906,238.158,239.067,311.747,33.451,2648.23
korytarz3.pgm,df,69.9906,238.158,239.067,311.747,33.533,2648.23
korytarz3.pgm,df,69.9906,238.158,239.067,311.747,33.997,2648.23
korytarz3.pgm,df,69.9906,238.158,239.067,311.747,33.8,2648.23
korytarz3.pgm,df,69.9906,238.158,239.067,311.747,33.331,2648.23
korytarz3.pgm,df,69.9906,238.158,239.067,311.747,35.421,2648.23
korytarz3.pgm,df,69.9906,238.158,239.067,311.747,33.939,2648.23
korytarz3.pgm,df,69.9906,238.158,239.067,311.747,34.337,2648.23
korytarz3.pgm,df,69.9906,238.158,239.067,311.747,34.209,2648.23
korytarz3.pgm,df,69.9906,238.158,239.067,311.747,33.757,2648.23
korytarz3.pgm,df,69.9906,238.158,239.067,311.747,34.25,2648.23
korytarz3.pgm,df,69.9906,238.158,239.067,311.747,34.465,2648.23
korytarz3.pgm,df,69.9906,238.158,239.067,311.747,33.647,2648.23
korytarz3.pgm,df,69.9906,238.158,239.067,311.747,34.618,2648.23
korytarz3.pgm,df,69.9906,238.158,239.067,311.747,34.921,2648.23
korytarz3.pgm,df,69.9906,238.158,239.067,311.747,33.389,2648.23
korytarz3.pgm,df,69.9906,238.158,239.067,311.747,35.566,2648.23
korytarz3.pgm,df,69.9906,238.158,239.067,311.747,33.623,2648.23
korytarz3.pgm,df,69.9906,238.158,239.067,311.747,33.072,2648.23
korytarz3.pgm,df,69.9906,238.158,239.067,311.747,33.759,2648.23
korytarz3.pgm,df,69.9906,238.158,239.067,311.747,34.326,2648.23
korytarz3.pgm,df,69.9906,238.158,239.067,311.747,33.601,2648.23
korytarz3.pgm,df,69.9906,238.158,239.067,311.747,33.872,2648.23
korytarz3.pgm,df,69.9906,238.158,239.067,311.747,33.782,2648.23
korytarz3.pgm,df,69.9906,238.158,239.067,311.747,34.782,2648.23
korytarz3.pgm,df,69.9906,238.158,239.067,311.747,33.864,2648.23
korytarz3.pgm,df,69.9906,238.158,239.067,311.747,33.983,2648.23
korytarz3.pgm,df,69.9906,238.158,239.067,311.747,33.843,2648.23
korytarz3.pgm,df,69.9906,238.158,239.067,311.747,34.19,2648.23


