korytarz1.pgm,astar,281.015,289.882,315.164,428.619,37.353,230.784
korytarz1.pgm,astar,281.015,289.882,315.164,428.619,36.905,230.784
korytarz1.pgm,astar,281.015,289.882,315.164,428.619,35.332,230.784
korytarz1.pgm,astar,281.015,289.882,315.164,428.619,35.421,230.784
korytarz1.pgm,astar,281.015,289.882,315.164,428.619,35.193,230.784
korytarz1.pgm,astar,281.015,289.882,315.164,428.619,35.172,230.784
korytarz1.pgm,astar,281.015,289.882,315.164,428.619,34.373,230.784
korytarz1.pgm,astar,281.015,289.882,315.164,428.619,35.644,230.784
korytarz1.pgm,astar,281.015,289.882,315.164,428.619,35.118,230.784
korytarz1.pgm,astar,281.015,289.882,315.164,428.619,34.636,230.784
korytarz1.pgm,astar,281.015,289.882,315.164,428.619,35.096,230.784
korytarz1.pgm,astar,281.015,289.882,315.164,428.619,34.803,230.784
korytarz1.pgm,astar,281.015,289.882,315.164,428.619,35.091,230.784
korytarz1.pgm,astar,281.015,289.882,315.164,428.619,35.042,230.784
korytarz1.pgm,astar,281.015,289.882,315.164,428.619,34.803,230.784
korytarz1.pgm,astar,281.015,289.882,315.164,428.619,34.655,230.784
korytarz1.pgm,astar,281.015,289.882,315.164,428.619,35.403,230.784
korytarz1.pgm,astar,281.015,289.882,315.164,428.619,34.694,230.784
korytarz1.pgm,astar,281.015,289.882,315.164,428.619,34.673,230.784
korytarz1.pgm,astar,281.015,289.882,315.164,428.619,34.916,230.784
korytarz1.pgm,astar,281.015,289.882,315.164,428.619,34.864,230.784
korytarz1.pgm,astar,281.015,289.882,315.164,428.619,34.811,230.784
korytarz1.pgm,astar,281.015,289.882,315.164,428.619,34.97,230.784
korytarz1.pgm,astar,281.015,289.882,315.164,428.619,34.751,230.784
korytarz1.pgm,astar,281.015,289.882,315.164,428.619,34.655,230.784
korytarz1.pgm,astar,281.015,289.882,315.164,428.619,24.067,230.784
korytarz1.pgm,astar,281.015,289.882,315.164,428.619,22.56,230.784
korytarz1.pgm,astar,281.015,289.882,315.164,428.619,22.655,230.784
korytarz1.pgm,astar,281.015,289.882,315.164,428.619,22.873,230.784
korytarz1.pgm,astar,281.015,289.882,315.164,428.619,22.569,230.784
korytarz1.pgm,astar,281.015,289.882,315.164,428.619,22.852,230.784
korytarz1.pgm,astar,281.015,289.882,315.164,428.619,22.569,230.784
korytarz1.pgm,astar,281.015,289.882,315.164,428.619,23.005,230.784
korytarz1.pgm,astar,281.015,289.882,315.164,428.619,23.925,230.784
korytarz1.pgm,astar,281.015,289.882,315.164,428.619,24.477,230.784
korytarz1.pgm,astar,281.015,289.882,315.164,428.619,23.277,230.784
korytarz1.pgm,astar,281.015,289.882,315.164,428.619,23.29,230.784
korytarz1.pgm,astar,281.015,289.882,315.164,428.619,23.22,230.784
korytarz1.pgm,astar,281.015,289.882,315.164,428.619,23.105,230.784
korytarz1.pgm,astar,281.015,289.882,315.164,428.619,23.302,230.784
korytarz1.pgm,astar,281.015,289.882,315.164,428.619,24.149,230.784
korytarz1.pgm,astar,281.015,289.882,315.164,428.619,22.957,230.784
korytarz1.pgm,astar,281.015,289.882,315.164,428.619,22.921,230.784
korytarz1.pgm,astar,281.015,289.882,315.164,428.619,23.012,230.784
korytarz1.pgm,astar,281.015,289.882,315.164,428.619,23.202,230.784
korytarz1.pgm,astar,281.015,289.882,315.164,428.619,23.229,230.784
korytarz1.pgm,astar,281.015,289.882,315.164,428.619,23.184,230.784
korytarz1.pgm,astar,281.015,289.882,315.164,428.619,22.755,230.784
korytarz1.pgm,astar,281.015,289.882,315.164,428.619,23.02,230.784
korytarz1.pgm,astar,281.015,289.882,315.164,428.619,22.688,230.784
korytarz1.pgm,astar,281.015,289.882,315.164,428.619,22.393,230.784
korytarz1.pgm,astar,281.015,289.882,315.164,428.619,22.714,230.784
korytarz1.pgm,astar,281.015,289.882,315.164,428.619,22.662,230.784
korytarz1.pgm,astar,281.015,289.882,315.164,428.619,22.92,230.784
korytarz1.pgm,astar,281.015,289.882,315.164,428.619,22.636,230.784
korytarz1.pgm,astar,281.015,289.882,315.164,428.619,27.018,230.784
korytarz1.pgm,astar,281.015,289.882,315.164,428.619,23.033,230.784
korytarz1.pgm,astar,281.015,289.882,315.164,428.619,23.111,230.784
korytarz1.pgm,astar,281.015,289.882,315.164,428.619,22.472,230.784
korytarz1.pgm,astar,281.015,289.882,315.164,428.619,22.562,230.784
korytarz1.pgm,astar,281.015,289.882,315.164,428.619,22.911,230.784
korytarz1.pgm,astar,281.015,289.882,315.164,428.619,22.684,230.784
korytarz1.pgm,astar,281.015,289.882,315.164,428.619,22.772,230.784
korytarz1.pgm,astar,281.015,289.882,315.164,428.619,22.85,230.784
korytarz1.pgm,astar,281.015,289.882,315.164,428.619,22.777,230.784
korytarz1.pgm,astar,281.015,289.882,315.164,428.619,22.742,230.784
korytarz1.pgm,astar,281.015,289.882,315.164,428.619,22.5,230.784
korytarz1.pgm,astar,281.015,289.882,315.164,428.619,22.522,230.784
korytarz1.pgm,astar,281.015,289.882,315.164,428.619,22.73,230.784
korytarz1.pgm,astar,281.015,289.882,315.164,428.619,23.006,230.784
korytarz1.pgm,astar,281.015,289.882,315.164,428.619,23.488,230.784
korytarz1.pgm,astar,281.015,289.882,315.164,428.619,22.522,230.784
korytarz1.pgm,astar,281.015,289.882,315.164,428.619,22.558,230.784
korytarz1.pgm,astar,281.015,289.882,315.164,428.619,23.043,230.784
korytarz1.pgm,astar,281.015,289.882,315.164,428.619,22.818,230.784
korytarz1.pgm,astar,281.015,289.882,315.164,428.619,23.063,230.784
korytarz1.pgm,astar,281.015,289.882,315.164,428.619,24.208,230.784
korytarz1.pgm,astar,281.015,289.882,315.164,428.619,24.657,230.784
korytarz1.pgm,astar,281.015,289.882,315.164,428.619,22.866,230.784
korytarz1.pgm,astar,281.015,289.882,315.164,428.619,23.259,230.784
korytarz1.pgm,astar,281.015,289.882,315.164,428.619,23.696,230.784
korytarz1.pgm,astar,281.015,289.882,315.164,428.619,24.111,230.784
korytarz1.pgm,astar,281.015,289.882,315.164,428.619,23.756,230.784
korytarz1.pgm,astar,281.015,289.882,315.164,428.619,23.647,230.784
korytarz1.pgm,astar,281.015,289.882,315.164,428.619,23.43,230.784
korytarz1.pgm,astar,281.015,289.882,315.164,428.619,23.578,230.784
korytarz1.pgm,astar,281.015,289.882,315.164,428.619,23.227,230.784
korytarz1.pgm,astar,281.015,289.882,315.164,428.619,23.369,230.784
korytarz1.pgm,astar,281.015,289.882,315.164,428.619,22.853,230.784
korytarz1.pgm,astar,281.015,289.882,315.164,428.619,22.91,230.784
korytarz1.pgm,astar,281.015,289.882,315.164,428.619,22.948,230.784
korytarz1.pgm,astar,281.015,289.882,315.164,428.619,26.02,230.784
korytarz1.pgm,astar,281.015,289.882,315.164,428.619,33.525,230.784
korytarz1.pgm,astar,281.015,289.882,315.164,428.619,23.146,230.784
korytarz1.pgm,astar,281.015,289.882,315.164,428.619,23.142,230.784
korytarz1.pgm,astar,281.015,289.882,315.164,428.619,23.766,230.784
korytarz1.pgm,astar,281.015,289.882,315.164,428.619,23.041,230.784
korytarz1.pgm,astar,281.015,289.882,315.164,428.619,25.249,230.784
korytarz1.pgm,astar,281.015,289.882,315.164,428.619,23.761,230.784
korytarz1.pgm,astar,281.015,289.882,315.164,428.619,23.694,230.784


korytarz1.pgm,astar,205.935,331.552,506.227,157.698,24.664,379.807
korytarz1.pgm,astar,205.935,331.552,506.227,157.698,24.953,379.807
korytarz1.pgm,astar,205.935,331.552,506.227,157.698,23.768,379.807
korytarz1.pgm,astar,205.935,331.552,506.227,157.698,24.514,379.807
korytarz1.pgm,astar,205.935,331.552,506.227,157.698,23.897,379.807
korytarz1.pgm,astar,205.935,331.552,506.227,157.698,24.412,379.807
korytarz1.pgm,astar,205.935,331.552,506.227,157.698,24.42,379.807
korytarz1.pgm,astar,205.935,331.552,506.227,157.698,24.223,379.807
korytarz1.pgm,astar,205.935,331.552,506.227,157.698,24.192,379.807
korytarz1.pgm,astar,205.935,331.552,506.227,157.698,24.176,379.807
korytarz1.pgm,astar,205.935,331.552,506.227,157.698,24.376,379.807
korytarz1.pgm,astar,205.935,331.552,506.227,157.698,24.499,379.807
korytarz1.pgm,astar,205.935,331.552,506.227,157.698,24.502,379.807
korytarz1.pgm,astar,205.935,331.552,506.227,157.698,24.042,379.807
korytarz1.pgm,astar,205.935,331.552,506.227,157.698,24.111,379.807
korytarz1.pgm,astar,205.935,331.552,506.227,157.698,24.294,379.807
korytarz1.pgm,astar,205.935,331.552,506.227,157.698,24.434,379.807
korytarz1.pgm,astar,205.935,331.552,506.227,157.698,25.85,379.807
korytarz1.pgm,astar,205.935,331.552,506.227,157.698,25.808,379.807
korytarz1.pgm,astar,205.935,331.552,506.227,157.698,24.346,379.807
korytarz1.pgm,astar,205.935,331.552,506.227,157.698,25.257,379.807
korytarz1.pgm,astar,205.935,331.552,506.227,157.698,24.781,379.807
korytarz1.pgm,astar,205.935,331.552,506.227,157.698,24.648,379.807
korytarz1.pgm,astar,205.935,331.552,506.227,157.698,24.563,379.807
korytarz1.pgm,astar,205.935,331.552,506.227,157.698,29.772,379.807
korytarz1.pgm,astar,205.935,331.552,506.227,157.698,25.589,379.807
korytarz1.pgm,astar,205.935,331.552,506.227,157.698,24.159,379.807
korytarz1.pgm,astar,205.935,331.552,506.227,157.698,24.621,379.807
korytarz1.pgm,astar,205.935,331.552,506.227,157.698,25.168,379.807
korytarz1.pgm,astar,205.935,331.552,506.227,157.698,24.066,379.807
korytarz1.pgm,astar,205.935,331.552,506.227,157.698,23.983,379.807
korytarz1.pgm,astar,205.935,331.552,506.227,157.698,24.371,379.807
korytarz1.pgm,astar,205.935,331.552,506.227,157.698,24.011,379.807
korytarz1.pgm,astar,205.935,331.552,506.227,157.698,24.545,379.807
korytarz1.pgm,astar,205.935,331.552,506.227,157.698,23.99,379.807
korytarz1.pgm,astar,205.935,331.552,506.227,157.698,24.639,379.807
korytarz1.pgm,astar,205.935,331.552,506.227,157.698,24.278,379.807
korytarz1.pgm,astar,205.935,331.552,506.227,157.698,25.092,379.807
korytarz1.pgm,astar,205.935,331.552,506.227,157.698,25.004,379.807
korytarz1.pgm,astar,205.935,331.552,506.227,157.698,30.962,379.807
korytarz1.pgm,astar,205.935,331.552,506.227,157.698,24.532,379.807
korytarz1.pgm,astar,205.935,331.552,506.227,157.698,28.398,379.807
korytarz1.pgm,astar,205.935,331.552,506.227,157.698,26.401,379.807
korytarz1.pgm,astar,205.935,331.552,506.227,157.698,25.053,379.807
korytarz1.pgm,astar,205.935,331.552,506.227,157.698,25.938,379.807
korytarz1.pgm,astar,205.935,331.552,506.227,157.698,26.847,379.807
korytarz1.pgm,astar,205.935,331.552,506.227,157.698,24.37,379.807
korytarz1.pgm,astar,205.935,331.552,506.227,157.698,24.737,379.807
korytarz1.pgm,astar,205.935,331.552,506.227,157.698,23.891,379.807
korytarz1.pgm,astar,205.935,331.552,506.227,157.698,23.717,379.807
korytarz1.pgm,astar,205.935,331.552,506.227,157.698,23.854,379.807
korytarz1.pgm,astar,205.935,331.552,506.227,157.698,23.733,379.807
korytarz1.pgm,astar,205.935,331.552,506.227,157.698,23.71,379.807
korytarz1.pgm,astar,205.935,331.552,506.227,157.698,23.632,379.807
korytarz1.pgm,astar,205.935,331.552,506.227,157.698,23.565,379.807
korytarz1.pgm,astar,205.935,331.552,506.227,157.698,23.932,379.807
korytarz1.pgm,astar,205.935,331.552,506.227,157.698,24.049,379.807
korytarz1.pgm,astar,205.935,331.552,506.227,157.698,23.56,379.807
korytarz1.pgm,astar,205.935,331.552,506.227,157.698,23.535,379.807
korytarz1.pgm,astar,205.935,331.552,506.227,157.698,23.633,379.807
korytarz1.pgm,astar,205.935,331.552,506.227,157.698,23.833,379.807
korytarz1.pgm,astar,205.935,331.552,506.227,157.698,23.502,379.807
korytarz1.pgm,astar,205.935,331.552,506.227,157.698,23.516,379.807
korytarz1.pgm,astar,205.935,331.552,506.227,157.698,24.178,379.807
korytarz1.pgm,astar,205.935,331.552,506.227,157.698,24.671,379.807
korytarz1.pgm,astar,205.935,331.552,506.227,157.698,23.658,379.807
korytarz1.pgm,astar,205.935,331.552,506.227,157.698,23.556,379.807
korytarz1.pgm,astar,205.935,331.552,506.227,157.698,23.422,379.807
korytarz1.pgm,astar,205.935,331.552,506.227,157.698,23.941,379.807
korytarz1.pgm,astar,205.935,331.552,506.227,157.698,23.851,379.807
korytarz1.pgm,astar,205.935,331.552,506.227,157.698,23.862,379.807
korytarz1.pgm,astar,205.935,331.552,506.227,157.698,23.976,379.807
korytarz1.pgm,astar,205.935,331.552,506.227,157.698,23.755,379.807
korytarz1.pgm,astar,205.935,331.552,506.227,157.698,23.669,379.807
korytarz1.pgm,astar,205.935,331.552,506.227,157.698,23.583,379.807
korytarz1.pgm,astar,205.935,331.552,506.227,157.698,23.642,379.807
korytarz1.pgm,astar,205.935,331.552,506.227,157.698,24.024,379.807
korytarz1.pgm,astar,205.935,331.552,506.227,157.698,23.711,379.807
korytarz1.pgm,astar,205.935,331.552,506.227,157.698,24.132,379.807
korytarz1.pgm,astar,205.935,331.552,506.227,157.698,24.558,379.807
korytarz1.pgm,astar,205.935,331.552,506.227,157.698,23.697,379.807
korytarz1.pgm,astar,205.935,331.552,506.227,157.698,23.918,379.807
korytarz1.pgm,astar,205.935,331.552,506.227,157.698,23.464,379.807
korytarz1.pgm,astar,205.935,331.552,506.227,157.698,23.441,379.807
korytarz1.pgm,astar,205.935,331.552,506.227,157.698,23.466,379.807
korytarz1.pgm,astar,205.935,331.552,506.227,157.698,23.888,379.807
korytarz1.pgm,astar,205.935,331.552,506.227,157.698,23.49,379.807
korytarz1.pgm,astar,205.935,331.552,506.227,157.698,23.583,379.807
korytarz1.pgm,astar,205.935,331.552,506.227,157.698,23.525,379.807
korytarz1.pgm,astar,205.935,331.552,506.227,157.698,23.845,379.807
korytarz1.pgm,astar,205.935,331.552,506.227,157.698,23.434,379.807
korytarz1.pgm,astar,205.935,331.552,506.227,157.698,23.856,379.807
korytarz1.pgm,astar,205.935,331.552,506.227,157.698,23.797,379.807
korytarz1.pgm,astar,205.935,331.552,506.227,157.698,23.583,379.807
korytarz1.pgm,astar,205.935,331.552,506.227,157.698,23.502,379.807
korytarz1.pgm,astar,205.935,331.552,506.227,157.698,23.489,379.807
korytarz1.pgm,astar,205.935,331.552,506.227,157.698,23.423,379.807
korytarz1.pgm,astar,205.935,331.552,506.227,157.698,23.616,379.807
korytarz1.pgm,astar,205.935,331.552,506.227,157.698,23.67,379.807
korytarz1.pgm,astar,205.935,331.552,506.227,157.698,23.612,379.807


korytarz1.pgm,astar,281.095,269.638,393.121,220.771,6.04,142.067
korytarz1.pgm,astar,281.095,269.638,393.121,220.771,6.059,142.067
korytarz1.pgm,astar,281.095,269.638,393.121,220.771,6.072,142.067
korytarz1.pgm,astar,281.095,269.638,393.121,220.771,6.053,142.067
korytarz1.pgm,astar,281.095,269.638,393.121,220.771,6.059,142.067
korytarz1.pgm,astar,281.095,269.638,393.121,220.771,6.056,142.067
korytarz1.pgm,astar,281.095,269.638,393.121,220.771,6.093,142.067
korytarz1.pgm,astar,281.095,269.638,393.121,220.771,6.129,142.067
korytarz1.pgm,astar,281.095,269.638,393.121,220.771,6.152,142.067
korytarz1.pgm,astar,281.095,269.638,393.121,220.771,6.276,142.067
korytarz1.pgm,astar,281.095,269.638,393.121,220.771,6.139,142.067
korytarz1.pgm,astar,281.095,269.638,393.121,220.771,6.067,142.067
korytarz1.pgm,astar,281.095,269.638,393.121,220.771,6.151,142.067
korytarz1.pgm,astar,281.095,269.638,393.121,220.771,6.024,142.067
korytarz1.pgm,astar,281.095,269.638,393.121,220.771,6.079,142.067
korytarz1.pgm,astar,281.095,269.638,393.121,220.771,6.11,142.067
korytarz1.pgm,astar,281.095,269.638,393.121,220.771,6.057,142.067
korytarz1.pgm,astar,281.095,269.638,393.121,220.771,6.06,142.067
korytarz1.pgm,astar,281.095,269.638,393.121,220.771,6.044,142.067
korytarz1.pgm,astar,281.095,269.638,393.121,220.771,6.034,142.067
korytarz1.pgm,astar,281.095,269.638,393.121,220.771,6.073,142.067
korytarz1.pgm,astar,281.095,269.638,393.121,220.771,6.24,142.067
korytarz1.pgm,astar,281.095,269.638,393.121,220.771,6.075,142.067
korytarz1.pgm,astar,281.095,269.638,393.121,220.771,6.081,142.067
korytarz1.pgm,astar,281.095,269.638,393.121,220.771,6.138,142.067
korytarz1.pgm,astar,281.095,269.638,393.121,220.771,6.246,142.067
korytarz1.pgm,astar,281.095,269.638,393.121,220.771,6.071,142.067
korytarz1.pgm,astar,281.095,269.638,393.121,220.771,6.017,142.067
korytarz1.pgm,astar,281.095,269.638,393.121,220.771,6.047,142.067
korytarz1.pgm,astar,281.095,269.638,393.121,220.771,6.034,142.067
korytarz1.pgm,astar,281.095,269.638,393.121,220.771,6.073,142.067
korytarz1.pgm,astar,281.095,269.638,393.121,220.771,6.093,142.067
korytarz1.pgm,astar,281.095,269.638,393.121,220.771,6.022,142.067
korytarz1.pgm,astar,281.095,269.638,393.121,220.771,6.047,142.067
korytarz1.pgm,astar,281.095,269.638,393.121,220.771,6.068,142.067
korytarz1.pgm,astar,281.095,269.638,393.121,220.771,6.063,142.067
korytarz1.pgm,astar,281.095,269.638,393.121,220.771,6.039,142.067
korytarz1.pgm,astar,281.095,269.638,393.121,220.771,6.019,142.067
korytarz1.pgm,astar,281.095,269.638,393.121,220.771,6.138,142.067
korytarz1.pgm,astar,281.095,269.638,393.121,220.771,6.096,142.067
korytarz1.pgm,astar,281.095,269.638,393.121,220.771,6.184,142.067
korytarz1.pgm,astar,281.095,269.638,393.121,220.771,6.58,142.067
korytarz1.pgm,astar,281.095,269.638,393.121,220.771,6.076,142.067
korytarz1.pgm,astar,281.095,269.638,393.121,220.771,6.047,142.067
korytarz1.pgm,astar,281.095,269.638,393.121,220.771,6.064,142.067
korytarz1.pgm,astar,281.095,269.638,393.121,220.771,6.074,142.067
korytarz1.pgm,astar,281.095,269.638,393.121,220.771,6.05,142.067
korytarz1.pgm,astar,281.095,269.638,393.121,220.771,6.052,142.067
korytarz1.pgm,astar,281.095,269.638,393.121,220.771,6.047,142.067
korytarz1.pgm,astar,281.095,269.638,393.121,220.771,6.039,142.067
korytarz1.pgm,astar,281.095,269.638,393.121,220.771,6.068,142.067
korytarz1.pgm,astar,281.095,269.638,393.121,220.771,6.047,142.067
korytarz1.pgm,astar,281.095,269.638,393.121,220.771,6.032,142.067
korytarz1.pgm,astar,281.095,269.638,393.121,220.771,6.058,142.067
korytarz1.pgm,astar,281.095,269.638,393.121,220.771,6.057,142.067
korytarz1.pgm,astar,281.095,269.638,393.121,220.771,6.057,142.067
korytarz1.pgm,astar,281.095,269.638,393.121,220.771,6.08,142.067
korytarz1.pgm,astar,281.095,269.638,393.121,220.771,6.141,142.067
korytarz1.pgm,astar,281.095,269.638,393.121,220.771,6.145,142.067
korytarz1.pgm,astar,281.095,269.638,393.121,220.771,6.062,142.067
korytarz1.pgm,astar,281.095,269.638,393.121,220.771,6.047,142.067
korytarz1.pgm,astar,281.095,269.638,393.121,220.771,6.037,142.067
korytarz1.pgm,astar,281.095,269.638,393.121,220.771,6.09,142.067
korytarz1.pgm,astar,281.095,269.638,393.121,220.771,6.044,142.067
korytarz1.pgm,astar,281.095,269.638,393.121,220.771,6.085,142.067
korytarz1.pgm,astar,281.095,269.638,393.121,220.771,6.026,142.067
korytarz1.pgm,astar,281.095,269.638,393.121,220.771,6.052,142.067
korytarz1.pgm,astar,281.095,269.638,393.121,220.771,6.098,142.067
korytarz1.pgm,astar,281.095,269.638,393.121,220.771,6.129,142.067
korytarz1.pgm,astar,281.095,269.638,393.121,220.771,6.056,142.067
korytarz1.pgm,astar,281.095,269.638,393.121,220.771,6.112,142.067
korytarz1.pgm,astar,281.095,269.638,393.121,220.771,6.056,142.067
korytarz1.pgm,astar,281.095,269.638,393.121,220.771,6.075,142.067
korytarz1.pgm,astar,281.095,269.638,393.121,220.771,6.166,142.067
korytarz1.pgm,astar,281.095,269.638,393.121,220.771,6.265,142.067
korytarz1.pgm,astar,281.095,269.638,393.121,220.771,6.062,142.067
korytarz1.pgm,astar,281.095,269.638,393.121,220.771,6.065,142.067
korytarz1.pgm,astar,281.095,269.638,393.121,220.771,6.074,142.067
korytarz1.pgm,astar,281.095,269.638,393.121,220.771,6.049,142.067
korytarz1.pgm,astar,281.095,269.638,393.121,220.771,6.055,142.067
korytarz1.pgm,astar,281.095,269.638,393.121,220.771,6.153,142.067
korytarz1.pgm,astar,281.095,269.638,393.121,220.771,6.487,142.067
korytarz1.pgm,astar,281.095,269.638,393.121,220.771,6.074,142.067
korytarz1.pgm,astar,281.095,269.638,393.121,220.771,6.055,142.067
korytarz1.pgm,astar,281.095,269.638,393.121,220.771,6.169,142.067
korytarz1.pgm,astar,281.095,269.638,393.121,220.771,6.031,142.067
korytarz1.pgm,astar,281.095,269.638,393.121,220.771,6.229,142.067
korytarz1.pgm,astar,281.095,269.638,393.121,220.771,6.056,142.067
korytarz1.pgm,astar,281.095,269.638,393.121,220.771,6.079,142.067
korytarz1.pgm,astar,281.095,269.638,393.121,220.771,6.712,142.067
korytarz1.pgm,astar,281.095,269.638,393.121,220.771,6.241,142.067
korytarz1.pgm,astar,281.095,269.638,393.121,220.771,6.067,142.067
korytarz1.pgm,astar,281.095,269.638,393.121,220.771,6.113,142.067
korytarz1.pgm,astar,281.095,269.638,393.121,220.771,6.081,142.067
korytarz1.pgm,astar,281.095,269.638,393.121,220.771,6.059,142.067
korytarz1.pgm,astar,281.095,269.638,393.121,220.771,6.106,142.067
korytarz1.pgm,astar,281.095,269.638,393.121,220.771,6.087,142.067
korytarz1.pgm,astar,281.095,269.638,393.121,220.771,6.075,142.067
korytarz1.pgm,astar,281.095,269.638,393.121,220.771,6.039,142.067
korytarz1.pgm,astar,281.095,269.638,393.121,220.771,6.085,142.067


korytarz1.pgm,astar,277.793,254.32,320.145,492.106,19.609,303.189
korytarz1.pgm,astar,277.793,254.32,320.145,492.106,19.803,303.189
korytarz1.pgm,astar,277.793,254.32,320.145,492.106,20.657,303.189
korytarz1.pgm,astar,277.793,254.32,320.145,492.106,19.652,303.189
korytarz1.pgm,astar,277.793,254.32,320.145,492.106,20.306,303.189
korytarz1.pgm,astar,277.793,254.32,320.145,492.106,19.636,303.189
korytarz1.pgm,astar,277.793,254.32,320.145,492.106,20.125,303.189
korytarz1.pgm,astar,277.793,254.32,320.145,492.106,19.755,303.189
korytarz1.pgm,astar,277.793,254.32,320.145,492.106,20.242,303.189
korytarz1.pgm,astar,277.793,254.32,320.145,492.106,20.17,303.189
korytarz1.pgm,astar,277.793,254.32,320.145,492.106,20.081,303.189
korytarz1.pgm,astar,277.793,254.32,320.145,492.106,19.78,303.189
korytarz1.pgm,astar,277.793,254.32,320.145,492.106,19.669,303.189
korytarz1.pgm,astar,277.793,254.32,320.145,492.106,20.285,303.189
korytarz1.pgm,astar,277.793,254.32,320.145,492.106,32.597,303.189
korytarz1.pgm,astar,277.793,254.32,320.145,492.106,32.917,303.189
korytarz1.pgm,astar,277.793,254.32,320.145,492.106,32.842,303.189
korytarz1.pgm,astar,277.793,254.32,320.145,492.106,33.794,303.189
korytarz1.pgm,astar,277.793,254.32,320.145,492.106,33.609,303.189
korytarz1.pgm,astar,277.793,254.32,320.145,492.106,29.635,303.189
korytarz1.pgm,astar,277.793,254.32,320.145,492.106,27.466,303.189
korytarz1.pgm,astar,277.793,254.32,320.145,492.106,25.841,303.189
korytarz1.pgm,astar,277.793,254.32,320.145,492.106,30.636,303.189
korytarz1.pgm,astar,277.793,254.32,320.145,492.106,29.081,303.189
korytarz1.pgm,astar,277.793,254.32,320.145,492.106,31.686,303.189
korytarz1.pgm,astar,277.793,254.32,320.145,492.106,33.583,303.189
korytarz1.pgm,astar,277.793,254.32,320.145,492.106,32.235,303.189
korytarz1.pgm,astar,277.793,254.32,320.145,492.106,32.053,303.189
korytarz1.pgm,astar,277.793,254.32,320.145,492.106,31.552,303.189
korytarz1.pgm,astar,277.793,254.32,320.145,492.106,30.644,303.189
korytarz1.pgm,astar,277.793,254.32,320.145,492.106,30.944,303.189
korytarz1.pgm,astar,277.793,254.32,320.145,492.106,32.881,303.189
korytarz1.pgm,astar,277.793,254.32,320.145,492.106,27.546,303.189
korytarz1.pgm,astar,277.793,254.32,320.145,492.106,24.917,303.189
korytarz1.pgm,astar,277.793,254.32,320.145,492.106,21.86,303.189
korytarz1.pgm,astar,277.793,254.32,320.145,492.106,24.546,303.189
korytarz1.pgm,astar,277.793,254.32,320.145,492.106,25.676,303.189
korytarz1.pgm,astar,277.793,254.32,320.145,492.106,24.923,303.189
korytarz1.pgm,astar,277.793,254.32,320.145,492.106,25.888,303.189
korytarz1.pgm,astar,277.793,254.32,320.145,492.106,30.752,303.189
korytarz1.pgm,astar,277.793,254.32,320.145,492.106,28.181,303.189
korytarz1.pgm,astar,277.793,254.32,320.145,492.106,28.186,303.189
korytarz1.pgm,astar,277.793,254.32,320.145,492.106,28.555,303.189
korytarz1.pgm,astar,277.793,254.32,320.145,492.106,29.824,303.189
korytarz1.pgm,astar,277.793,254.32,320.145,492.106,30.919,303.189
korytarz1.pgm,astar,277.793,254.32,320.145,492.106,28.188,303.189
korytarz1.pgm,astar,277.793,254.32,320.145,492.106,28.154,303.189
korytarz1.pgm,astar,277.793,254.32,320.145,492.106,29.276,303.189
korytarz1.pgm,astar,277.793,254.32,320.145,492.106,30.808,303.189
korytarz1.pgm,astar,277.793,254.32,320.145,492.106,31.643,303.189
korytarz1.pgm,astar,277.793,254.32,320.145,492.106,29.537,303.189
korytarz1.pgm,astar,277.793,254.32,320.145,492.106,29.519,303.189
korytarz1.pgm,astar,277.793,254.32,320.145,492.106,25.14,303.189
korytarz1.pgm,astar,277.793,254.32,320.145,492.106,24.263,303.189
korytarz1.pgm,astar,277.793,254.32,320.145,492.106,25.035,303.189
korytarz1.pgm,astar,277.793,254.32,320.145,492.106,25.382,303.189
korytarz1.pgm,astar,277.793,254.32,320.145,492.106,23.101,303.189
korytarz1.pgm,astar,277.793,254.32,320.145,492.106,26.436,303.189
korytarz1.pgm,astar,277.793,254.32,320.145,492.106,26.753,303.189
korytarz1.pgm,astar,277.793,254.32,320.145,492.106,23.73,303.189
korytarz1.pgm,astar,277.793,254.32,320.145,492.106,24.809,303.189
korytarz1.pgm,astar,277.793,254.32,320.145,492.106,22.436,303.189
korytarz1.pgm,astar,277.793,254.32,320.145,492.106,23.46,303.189
korytarz1.pgm,astar,277.793,254.32,320.145,492.106,23.678,303.189
korytarz1.pgm,astar,277.793,254.32,320.145,492.106,23.573,303.189
korytarz1.pgm,astar,277.793,254.32,320.145,492.106,24.562,303.189
korytarz1.pgm,astar,277.793,254.32,320.145,492.106,23.109,303.189
korytarz1.pgm,astar,277.793,254.32,320.145,492.106,29.141,303.189
korytarz1.pgm,astar,277.793,254.32,320.145,492.106,28.589,303.189
korytarz1.pgm,astar,277.793,254.32,320.145,492.106,30.833,303.189
korytarz1.pgm,astar,277.793,254.32,320.145,492.106,22.008,303.189
korytarz1.pgm,astar,277.793,254.32,320.145,492.106,25.288,303.189
korytarz1.pgm,astar,277.793,254.32,320.145,492.106,21.776,303.189
korytarz1.pgm,astar,277.793,254.32,320.145,492.106,21.871,303.189
korytarz1.pgm,astar,277.793,254.32,320.145,492.106,24.77,303.189
korytarz1.pgm,astar,277.793,254.32,320.145,492.106,22.535,303.189
korytarz1.pgm,astar,277.793,254.32,320.145,492.106,25.916,303.189
korytarz1.pgm,astar,277.793,254.32,320.145,492.106,20.088,303.189
korytarz1.pgm,astar,277.793,254.32,320.145,492.106,22.379,303.189
korytarz1.pgm,astar,277.793,254.32,320.145,492.106,21.923,303.189
korytarz1.pgm,astar,277.793,254.32,320.145,492.106,23.176,303.189
korytarz1.pgm,astar,277.793,254.32,320.145,492.106,19.761,303.189
korytarz1.pgm,astar,277.793,254.32,320.145,492.106,21.051,303.189
korytarz1.pgm,astar,277.793,254.32,320.145,492.106,21.765,303.189
korytarz1.pgm,astar,277.793,254.32,320.145,492.106,25.151,303.189
korytarz1.pgm,astar,277.793,254.32,320.145,492.106,31.025,303.189
korytarz1.pgm,astar,277.793,254.32,320.145,492.106,23.292,303.189
korytarz1.pgm,astar,277.793,254.32,320.145,492.106,23.172,303.189
korytarz1.pgm,astar,277.793,254.32,320.145,492.106,20.949,303.189
korytarz1.pgm,astar,277.793,254.32,320.145,492.106,22.356,303.189
korytarz1.pgm,astar,277.793,254.32,320.145,492.106,20.286,303.189
korytarz1.pgm,astar,277.793,254.32,320.145,492.106,20.952,303.189
korytarz1.pgm,astar,277.793,254.32,320.145,492.106,20.943,303.189
korytarz1.pgm,astar,277.793,254.32,320.145,492.106,21.136,303.189
korytarz1.pgm,astar,277.793,254.32,320.145,492.106,20.164,303.189
korytarz1.pgm,astar,277.793,254.32,320.145,492.106,19.647,303.189
korytarz1.pgm,astar,277.793,254.32,320.145,492.106,22.406,303.189
korytarz1.pgm,astar,277.793,254.32,320.145,492.106,25.196,303.189
korytarz1.pgm,astar,277.793,254.32,320.145,492.106,20.237,303.189
korytarz1.pgm,astar,277.793,254.32,320.145,492.106,19.399,303.189


korytarz1.pgm,astar,477.427,201.88,340.739,282.088,6.649,175.457
korytarz1.pgm,astar,477.427,201.88,340.739,282.088,6.038,175.457
korytarz1.pgm,astar,477.427,201.88,340.739,282.088,6.312,175.457
korytarz1.pgm,astar,477.427,201.88,340.739,282.088,5.911,175.457
korytarz1.pgm,astar,477.427,201.88,340.739,282.088,6.184,175.457
korytarz1.pgm,astar,477.427,201.88,340.739,282.088,5.957,175.457
korytarz1.pgm,astar,477.427,201.88,340.739,282.088,6.021,175.457
korytarz1.pgm,astar,477.427,201.88,340.739,282.088,8.09,175.457
korytarz1.pgm,astar,477.427,201.88,340.739,282.088,5.971,175.457
korytarz1.pgm,astar,477.427,201.88,340.739,282.088,5.904,175.457
korytarz1.pgm,astar,477.427,201.88,340.739,282.088,6.045,175.457
korytarz1.pgm,astar,477.427,201.88,340.739,282.088,5.914,175.457
korytarz1.pgm,astar,477.427,201.88,340.739,282.088,6.19,175.457
korytarz1.pgm,astar,477.427,201.88,340.739,282.088,5.994,175.457
korytarz1.pgm,astar,477.427,201.88,340.739,282.088,6.141,175.457
korytarz1.pgm,astar,477.427,201.88,340.739,282.088,6.114,175.457
korytarz1.pgm,astar,477.427,201.88,340.739,282.088,6.133,175.457
korytarz1.pgm,astar,477.427,201.88,340.739,282.088,6.073,175.457
korytarz1.pgm,astar,477.427,201.88,340.739,282.088,6.204,175.457
korytarz1.pgm,astar,477.427,201.88,340.739,282.088,6.001,175.457
korytarz1.pgm,astar,477.427,201.88,340.739,282.088,6.089,175.457
korytarz1.pgm,astar,477.427,201.88,340.739,282.088,5.961,175.457
korytarz1.pgm,astar,477.427,201.88,340.739,282.088,5.996,175.457
korytarz1.pgm,astar,477.427,201.88,340.739,282.088,5.921,175.457
korytarz1.pgm,astar,477.427,201.88,340.739,282.088,5.947,175.457
korytarz1.pgm,astar,477.427,201.88,340.739,282.088,6.047,175.457
korytarz1.pgm,astar,477.427,201.88,340.739,282.088,6.134,175.457
korytarz1.pgm,astar,477.427,201.88,340.739,282.088,5.906,175.457
korytarz1.pgm,astar,477.427,201.88,340.739,282.088,5.914,175.457
korytarz1.pgm,astar,477.427,201.88,340.739,282.088,6.034,175.457
korytarz1.pgm,astar,477.427,201.88,340.739,282.088,6.205,175.457
korytarz1.pgm,astar,477.427,201.88,340.739,282.088,6.01,175.457
korytarz1.pgm,astar,477.427,201.88,340.739,282.088,6.205,175.457
korytarz1.pgm,astar,477.427,201.88,340.739,282.088,6.139,175.457
korytarz1.pgm,astar,477.427,201.88,340.739,282.088,6.227,175.457
korytarz1.pgm,astar,477.427,201.88,340.739,282.088,6.059,175.457
korytarz1.pgm,astar,477.427,201.88,340.739,282.088,6.099,175.457
korytarz1.pgm,astar,477.427,201.88,340.739,282.088,5.969,175.457
korytarz1.pgm,astar,477.427,201.88,340.739,282.088,5.917,175.457
korytarz1.pgm,astar,477.427,201.88,340.739,282.088,5.94,175.457
korytarz1.pgm,astar,477.427,201.88,340.739,282.088,6.087,175.457
korytarz1.pgm,astar,477.427,201.88,340.739,282.088,5.994,175.457
korytarz1.pgm,astar,477.427,201.88,340.739,282.088,5.882,175.457
korytarz1.pgm,astar,477.427,201.88,340.739,282.088,6.066,175.457
korytarz1.pgm,astar,477.427,201.88,340.739,282.088,5.922,175.457
korytarz1.pgm,astar,477.427,201.88,340.739,282.088,6.015,175.457
korytarz1.pgm,astar,477.427,201.88,340.739,282.088,6.186,175.457
korytarz1.pgm,astar,477.427,201.88,340.739,282.088,6.628,175.457
korytarz1.pgm,astar,477.427,201.88,340.739,282.088,6.277,175.457
korytarz1.pgm,astar,477.427,201.88,340.739,282.088,6.3,175.457
korytarz1.pgm,astar,477.427,201.88,340.739,282.088,6.282,175.457
korytarz1.pgm,astar,477.427,201.88,340.739,282.088,6.233,175.457
korytarz1.pgm,astar,477.427,201.88,340.739,282.088,6.367,175.457
korytarz1.pgm,astar,477.427,201.88,340.739,282.088,6.283,175.457
korytarz1.pgm,astar,477.427,201.88,340.739,282.088,6.333,175.457
korytarz1.pgm,astar,477.427,201.88,340.739,282.088,6.23,175.457
korytarz1.pgm,astar,477.427,201.88,340.739,282.088,6.285,175.457
korytarz1.pgm,astar,477.427,201.88,340.739,282.088,6.264,175.457
korytarz1.pgm,astar,477.427,201.88,340.739,282.088,6.136,175.457
korytarz1.pgm,astar,477.427,201.88,340.739,282.088,7.465,175.457
korytarz1.pgm,astar,477.427,201.88,340.739,282.088,7.78,175.457
korytarz1.pgm,astar,477.427,201.88,340.739,282.088,6.116,175.457
korytarz1.pgm,astar,477.427,201.88,340.739,282.088,5.929,175.457
korytarz1.pgm,astar,477.427,201.88,340.739,282.088,6.319,175.457
korytarz1.pgm,astar,477.427,201.88,340.739,282.088,6.103,175.457
korytarz1.pgm,astar,477.427,201.88,340.739,282.088,5.975,175.457
korytarz1.pgm,astar,477.427,201.88,340.739,282.088,6.14,175.457
korytarz1.pgm,astar,477.427,201.88,340.739,282.088,6.403,175.457
korytarz1.pgm,astar,477.427,201.88,340.739,282.088,6.344,175.457
korytarz1.pgm,astar,477.427,201.88,340.739,282.088,6.441,175.457
korytarz1.pgm,astar,477.427,201.88,340.739,282.088,7.282,175.457
korytarz1.pgm,astar,477.427,201.88,340.739,282.088,7.971,175.457
korytarz1.pgm,astar,477.427,201.88,340.739,282.088,8.246,175.457
korytarz1.pgm,astar,477.427,201.88,340.739,282.088,8.126,175.457
korytarz1.pgm,astar,477.427,201.88,340.739,282.088,6.6,175.457
korytarz1.pgm,astar,477.427,201.88,340.739,282.088,6.495,175.457
korytarz1.pgm,astar,477.427,201.88,340.739,282.088,6.855,175.457
korytarz1.pgm,astar,477.427,201.88,340.739,282.088,6.195,175.457
korytarz1.pgm,astar,477.427,201.88,340.739,282.088,6.455,175.457
korytarz1.pgm,astar,477.427,201.88,340.739,282.088,6.099,175.457
korytarz1.pgm,astar,477.427,201.88,340.739,282.088,6.788,175.457
korytarz1.pgm,astar,477.427,201.88,340.739,282.088,6.286,175.457
korytarz1.pgm,astar,477.427,201.88,340.739,282.088,6.923,175.457
korytarz1.pgm,astar,477.427,201.88,340.739,282.088,7.069,175.457
korytarz1.pgm,astar,477.427,201.88,340.739,282.088,6.294,175.457
korytarz1.pgm,astar,477.427,201.88,340.739,282.088,7.755,175.457
korytarz1.pgm,astar,477.427,201.88,340.739,282.088,6.003,175.457
korytarz1.pgm,astar,477.427,201.88,340.739,282.088,5.974,175.457
korytarz1.pgm,astar,477.427,201.88,340.739,282.088,6.83,175.457
korytarz1.pgm,astar,477.427,201.88,340.739,282.088,5.975,175.457
korytarz1.pgm,astar,477.427,201.88,340.739,282.088,6.363,175.457
korytarz1.pgm,astar,477.427,201.88,340.739,282.088,6.801,175.457
korytarz1.pgm,astar,477.427,201.88,340.739,282.088,5.972,175.457
korytarz1.pgm,astar,477.427,201.88,340.739,282.088,7.209,175.457
korytarz1.pgm,astar,477.427,201.88,340.739,282.088,6.127,175.457
korytarz1.pgm,astar,477.427,201.88,340.739,282.088,7.01,175.457
korytarz1.pgm,astar,477.427,201.88,340.739,282.088,6.382,175.457
korytarz1.pgm,astar,477.427,201.88,340.739,282.088,6.053,175.457
korytarz1.pgm,astar,477.427,201.88,340.739,282.088,7.356,175.457
korytarz1.pgm,astar,477.427,201.88,340.739,282.088,6.427,175.457


korytarz2.pgm,astar,436.477,371.604,197.589,192.953,64.098,375.544
korytarz2.pgm,astar,436.477,371.604,197.589,192.953,61.048,375.544
korytarz2.pgm,astar,436.477,371.604,197.589,192.953,59.712,375.544
korytarz2.pgm,astar,436.477,371.604,197.589,192.953,58.821,375.544
korytarz2.pgm,astar,436.477,371.604,197.589,192.953,61.038,375.544
korytarz2.pgm,astar,436.477,371.604,197.589,192.953,70.151,375.544
korytarz2.pgm,astar,436.477,371.604,197.589,192.953,65.223,375.544
korytarz2.pgm,astar,436.477,371.604,197.589,192.953,70.349,375.544
korytarz2.pgm,astar,436.477,371.604,197.589,192.953,59.231,375.544
korytarz2.pgm,astar,436.477,371.604,197.589,192.953,66.62,375.544
korytarz2.pgm,astar,436.477,371.604,197.589,192.953,53.573,375.544
korytarz2.pgm,astar,436.477,371.604,197.589,192.953,53.198,375.544
korytarz2.pgm,astar,436.477,371.604,197.589,192.953,54.798,375.544
korytarz2.pgm,astar,436.477,371.604,197.589,192.953,58.16,375.544
korytarz2.pgm,astar,436.477,371.604,197.589,192.953,54.281,375.544
korytarz2.pgm,astar,436.477,371.604,197.589,192.953,55.785,375.544
korytarz2.pgm,astar,436.477,371.604,197.589,192.953,54.797,375.544
korytarz2.pgm,astar,436.477,371.604,197.589,192.953,52.93,375.544
korytarz2.pgm,astar,436.477,371.604,197.589,192.953,52.896,375.544
korytarz2.pgm,astar,436.477,371.604,197.589,192.953,52.685,375.544
korytarz2.pgm,astar,436.477,371.604,197.589,192.953,52.65,375.544
korytarz2.pgm,astar,436.477,371.604,197.589,192.953,52.728,375.544
korytarz2.pgm,astar,436.477,371.604,197.589,192.953,54.171,375.544
korytarz2.pgm,astar,436.477,371.604,197.589,192.953,54.823,375.544
korytarz2.pgm,astar,436.477,371.604,197.589,192.953,54.38,375.544
korytarz2.pgm,astar,436.477,371.604,197.589,192.953,54.87,375.544
korytarz2.pgm,astar,436.477,371.604,197.589,192.953,55.957,375.544
korytarz2.pgm,astar,436.477,371.604,197.589,192.953,52.952,375.544
korytarz2.pgm,astar,436.477,371.604,197.589,192.953,52.611,375.544
korytarz2.pgm,astar,436.477,371.604,197.589,192.953,55.51,375.544
korytarz2.pgm,astar,436.477,371.604,197.589,192.953,58.517,375.544
korytarz2.pgm,astar,436.477,371.604,197.589,192.953,59.316,375.544
korytarz2.pgm,astar,436.477,371.604,197.589,192.953,54.332,375.544
korytarz2.pgm,astar,436.477,371.604,197.589,192.953,53.287,375.544
korytarz2.pgm,astar,436.477,371.604,197.589,192.953,53.224,375.544
korytarz2.pgm,astar,436.477,371.604,197.589,192.953,56.848,375.544
korytarz2.pgm,astar,436.477,371.604,197.589,192.953,60.083,375.544
korytarz2.pgm,astar,436.477,371.604,197.589,192.953,61.823,375.544
korytarz2.pgm,astar,436.477,371.604,197.589,192.953,59.019,375.544
korytarz2.pgm,astar,436.477,371.604,197.589,192.953,58.066,375.544
korytarz2.pgm,astar,436.477,371.604,197.589,192.953,55.412,375.544
korytarz2.pgm,astar,436.477,371.604,197.589,192.953,54.995,375.544
korytarz2.pgm,astar,436.477,371.604,197.589,192.953,62.187,375.544
korytarz2.pgm,astar,436.477,371.604,197.589,192.953,56.669,375.544
korytarz2.pgm,astar,436.477,371.604,197.589,192.953,64.192,375.544
korytarz2.pgm,astar,436.477,371.604,197.589,192.953,58.495,375.544
korytarz2.pgm,astar,436.477,371.604,197.589,192.953,54.927,375.544
korytarz2.pgm,astar,436.477,371.604,197.589,192.953,54.722,375.544
korytarz2.pgm,astar,436.477,371.604,197.589,192.953,59.275,375.544
korytarz2.pgm,astar,436.477,371.604,197.589,192.953,53.611,375.544
korytarz2.pgm,astar,436.477,371.604,197.589,192.953,56.078,375.544
korytarz2.pgm,astar,436.477,371.604,197.589,192.953,56.14,375.544
korytarz2.pgm,astar,436.477,371.604,197.589,192.953,57.761,375.544
korytarz2.pgm,astar,436.477,371.604,197.589,192.953,60.584,375.544
korytarz2.pgm,astar,436.477,371.604,197.589,192.953,55.326,375.544
korytarz2.pgm,astar,436.477,371.604,197.589,192.953,60.964,375.544
korytarz2.pgm,astar,436.477,371.604,197.589,192.953,55.915,375.544
korytarz2.pgm,astar,436.477,371.604,197.589,192.953,57.359,375.544
korytarz2.pgm,astar,436.477,371.604,197.589,192.953,62.066,375.544
korytarz2.pgm,astar,436.477,371.604,197.589,192.953,59.226,375.544
korytarz2.pgm,astar,436.477,371.604,197.589,192.953,57.34,375.544
korytarz2.pgm,astar,436.477,371.604,197.589,192.953,60.562,375.544
korytarz2.pgm,astar,436.477,371.604,197.589,192.953,55.603,375.544
korytarz2.pgm,astar,436.477,371.604,197.589,192.953,57.117,375.544
korytarz2.pgm,astar,436.477,371.604,197.589,192.953,56.288,375.544
korytarz2.pgm,astar,436.477,371.604,197.589,192.953,56.735,375.544
korytarz2.pgm,astar,436.477,371.604,197.589,192.953,55.866,375.544
korytarz2.pgm,astar,436.477,371.604,197.589,192.953,54.536,375.544
korytarz2.pgm,astar,436.477,371.604,197.589,192.953,54.399,375.544
korytarz2.pgm,astar,436.477,371.604,197.589,192.953,53.244,375.544
korytarz2.pgm,astar,436.477,371.604,197.589,192.953,52.87,375.544
korytarz2.pgm,astar,436.477,371.604,197.589,192.953,53.009,375.544
korytarz2.pgm,astar,436.477,371.604,197.589,192.953,52.62,375.544
korytarz2.pgm,astar,436.477,371.604,197.589,192.953,53.56,375.544
korytarz2.pgm,astar,436.477,371.604,197.589,192.953,54.589,375.544
korytarz2.pgm,astar,436.477,371.604,197.589,192.953,53.811,375.544
korytarz2.pgm,astar,436.477,371.604,197.589,192.953,52.339,375.544
korytarz2.pgm,astar,436.477,371.604,197.589,192.953,52.311,375.544
korytarz2.pgm,astar,436.477,371.604,197.589,192.953,52.195,375.544
korytarz2.pgm,astar,436.477,371.604,197.589,192.953,52.327,375.544
korytarz2.pgm,astar,436.477,371.604,197.589,192.953,53.059,375.544
korytarz2.pgm,astar,436.477,371.604,197.589,192.953,53.045,375.544
korytarz2.pgm,astar,436.477,371.604,197.589,192.953,52.278,375.544
korytarz2.pgm,astar,436.477,371.604,197.589,192.953,52.687,375.544
korytarz2.pgm,astar,436.477,371.604,197.589,192.953,53.008,375.544
korytarz2.pgm,astar,436.477,371.604,197.589,192.953,52.648,375.544
korytarz2.pgm,astar,436.477,371.604,197.589,192.953,52.232,375.544
korytarz2.pgm,astar,436.477,371.604,197.589,192.953,52.45,375.544
korytarz2.pgm,astar,436.477,371.604,197.589,192.953,52.799,375.544
korytarz2.pgm,astar,436.477,371.604,197.589,192.953,52.487,375.544
korytarz2.pgm,astar,436.477,371.604,197.589,192.953,52.578,375.544
korytarz2.pgm,astar,436.477,371.604,197.589,192.953,52.784,375.544
korytarz2.pgm,astar,436.477,371.604,197.589,192.953,53.142,375.544
korytarz2.pgm,astar,436.477,371.604,197.589,192.953,52.794,375.544
korytarz2.pgm,astar,436.477,371.604,197.589,192.953,53.114,375.544
korytarz2.pgm,astar,436.477,371.604,197.589,192.953,52.49,375.544
korytarz2.pgm,astar,436.477,371.604,197.589,192.953,52.989,375.544
korytarz2.pgm,astar,436.477,371.604,197.589,192.953,52.435,375.544
korytarz2.pgm,astar,436.477,371.604,197.589,192.953,52.73,375.544
korytarz2.pgm,astar,436.477,371.604,197.589,192.953,53.038,375.544


korytarz2.pgm,astar,362.583,223.582,204.179,255.2,14.342,172.038
korytarz2.pgm,astar,362.583,223.582,204.179,255.2,14.505,172.038
korytarz2.pgm,astar,362.583,223.582,204.179,255.2,14.274,172.038
korytarz2.pgm,astar,362.583,223.582,204.179,255.2,14.337,172.038
korytarz2.pgm,astar,362.583,223.582,204.179,255.2,14.626,172.038
korytarz2.pgm,astar,362.583,223.582,204.179,255.2,14.512,172.038
korytarz2.pgm,astar,362.583,223.582,204.179,255.2,14.613,172.038
korytarz2.pgm,astar,362.583,223.582,204.179,255.2,14.399,172.038
korytarz2.pgm,astar,362.583,223.582,204.179,255.2,14.614,172.038
korytarz2.pgm,astar,362.583,223.582,204.179,255.2,15.047,172.038
korytarz2.pgm,astar,362.583,223.582,204.179,255.2,14.691,172.038
korytarz2.pgm,astar,362.583,223.582,204.179,255.2,14.386,172.038
korytarz2.pgm,astar,362.583,223.582,204.179,255.2,15.68,172.038
korytarz2.pgm,astar,362.583,223.582,204.179,255.2,15.701,172.038
korytarz2.pgm,astar,362.583,223.582,204.179,255.2,14.725,172.038
korytarz2.pgm,astar,362.583,223.582,204.179,255.2,14.793,172.038
korytarz2.pgm,astar,362.583,223.582,204.179,255.2,14.563,172.038
korytarz2.pgm,astar,362.583,223.582,204.179,255.2,14.277,172.038
korytarz2.pgm,astar,362.583,223.582,204.179,255.2,14.581,172.038
korytarz2.pgm,astar,362.583,223.582,204.179,255.2,14.891,172.038
korytarz2.pgm,astar,362.583,223.582,204.179,255.2,14.493,172.038
korytarz2.pgm,astar,362.583,223.582,204.179,255.2,14.58,172.038
korytarz2.pgm,astar,362.583,223.582,204.179,255.2,14.557,172.038
korytarz2.pgm,astar,362.583,223.582,204.179,255.2,14.313,172.038
korytarz2.pgm,astar,362.583,223.582,204.179,255.2,14.286,172.038
korytarz2.pgm,astar,362.583,223.582,204.179,255.2,14.978,172.038
korytarz2.pgm,astar,362.583,223.582,204.179,255.2,14.901,172.038
korytarz2.pgm,astar,362.583,223.582,204.179,255.2,14.521,172.038
korytarz2.pgm,astar,362.583,223.582,204.179,255.2,14.445,172.038
korytarz2.pgm,astar,362.583,223.582,204.179,255.2,14.352,172.038
korytarz2.pgm,astar,362.583,223.582,204.179,255.2,14.338,172.038
korytarz2.pgm,astar,362.583,223.582,204.179,255.2,14.334,172.038
korytarz2.pgm,astar,362.583,223.582,204.179,255.2,14.394,172.038
korytarz2.pgm,astar,362.583,223.582,204.179,255.2,14.742,172.038
korytarz2.pgm,astar,362.583,223.582,204.179,255.2,14.437,172.038
korytarz2.pgm,astar,362.583,223.582,204.179,255.2,14.463,172.038
korytarz2.pgm,astar,362.583,223.582,204.179,255.2,14.23,172.038
korytarz2.pgm,astar,362.583,223.582,204.179,255.2,14.281,172.038
korytarz2.pgm,astar,362.583,223.582,204.179,255.2,14.255,172.038
korytarz2.pgm,astar,362.583,223.582,204.179,255.2,14.422,172.038
korytarz2.pgm,astar,362.583,223.582,204.179,255.2,14.591,172.038
korytarz2.pgm,astar,362.583,223.582,204.179,255.2,14.48,172.038
korytarz2.pgm,astar,362.583,223.582,204.179,255.2,14.36,172.038
korytarz2.pgm,astar,362.583,223.582,204.179,255.2,16.683,172.038
korytarz2.pgm,astar,362.583,223.582,204.179,255.2,15.845,172.038
korytarz2.pgm,astar,362.583,223.582,204.179,255.2,17.664,172.038
korytarz2.pgm,astar,362.583,223.582,204.179,255.2,15.609,172.038
korytarz2.pgm,astar,362.583,223.582,204.179,255.2,17.715,172.038
korytarz2.pgm,astar,362.583,223.582,204.179,255.2,17.388,172.038
korytarz2.pgm,astar,362.583,223.582,204.179,255.2,15.139,172.038
korytarz2.pgm,astar,362.583,223.582,204.179,255.2,17.436,172.038
korytarz2.pgm,astar,362.583,223.582,204.179,255.2,15.723,172.038
korytarz2.pgm,astar,362.583,223.582,204.179,255.2,18.247,172.038
korytarz2.pgm,astar,362.583,223.582,204.179,255.2,15.13,172.038
korytarz2.pgm,astar,362.583,223.582,204.179,255.2,17.242,172.038
korytarz2.pgm,astar,362.583,223.582,204.179,255.2,15.555,172.038
korytarz2.pgm,astar,362.583,223.582,204.179,255.2,15.273,172.038
korytarz2.pgm,astar,362.583,223.582,204.179,255.2,15.86,172.038
korytarz2.pgm,astar,362.583,223.582,204.179,255.2,15.469,172.038
korytarz2.pgm,astar,362.583,223.582,204.179,255.2,18.28,172.038
korytarz2.pgm,astar,362.583,223.582,204.179,255.2,16.201,172.038
korytarz2.pgm,astar,362.583,223.582,204.179,255.2,17.209,172.038
korytarz2.pgm,astar,362.583,223.582,204.179,255.2,15.187,172.038
korytarz2.pgm,astar,362.583,223.582,204.179,255.2,15.069,172.038
korytarz2.pgm,astar,362.583,223.582,204.179,255.2,14.639,172.038
korytarz2.pgm,astar,362.583,223.582,204.179,255.2,17.397,172.038
korytarz2.pgm,astar,362.583,223.582,204.179,255.2,21.133,172.038
korytarz2.pgm,astar,362.583,223.582,204.179,255.2,15.528,172.038
korytarz2.pgm,astar,362.583,223.582,204.179,255.2,18.315,172.038
korytarz2.pgm,astar,362.583,223.582,204.179,255.2,14.944,172.038
korytarz2.pgm,astar,362.583,223.582,204.179,255.2,15.52,172.038
korytarz2.pgm,astar,362.583,223.582,204.179,255.2,15.007,172.038
korytarz2.pgm,astar,362.583,223.582,204.179,255.2,15.281,172.038
korytarz2.pgm,astar,362.583,223.582,204.179,255.2,14.431,172.038
korytarz2.pgm,astar,362.583,223.582,204.179,255.2,14.47,172.038
korytarz2.pgm,astar,362.583,223.582,204.179,255.2,14.312,172.038
korytarz2.pgm,astar,362.583,223.582,204.179,255.2,14.376,172.038
korytarz2.pgm,astar,362.583,223.582,204.179,255.2,14.473,172.038
korytarz2.pgm,astar,362.583,223.582,204.179,255.2,14.432,172.038
korytarz2.pgm,astar,362.583,223.582,204.179,255.2,15.211,172.038
korytarz2.pgm,astar,362.583,223.582,204.179,255.2,15.75,172.038
korytarz2.pgm,astar,362.583,223.582,204.179,255.2,14.938,172.038
korytarz2.pgm,astar,362.583,223.582,204.179,255.2,15.344,172.038
korytarz2.pgm,astar,362.583,223.582,204.179,255.2,15.365,172.038
korytarz2.pgm,astar,362.583,223.582,204.179,255.2,15.767,172.038
korytarz2.pgm,astar,362.583,223.582,204.179,255.2,15.383,172.038
korytarz2.pgm,astar,362.583,223.582,204.179,255.2,15.937,172.038
korytarz2.pgm,astar,362.583,223.582,204.179,255.2,17.694,172.038
korytarz2.pgm,astar,362.583,223.582,204.179,255.2,14.871,172.038
korytarz2.pgm,astar,362.583,223.582,204.179,255.2,14.732,172.038
korytarz2.pgm,astar,362.583,223.582,204.179,255.2,15.392,172.038
korytarz2.pgm,astar,362.583,223.582,204.179,255.2,14.7,172.038
korytarz2.pgm,astar,362.583,223.582,204.179,255.2,16.064,172.038
korytarz2.pgm,astar,362.583,223.582,204.179,255.2,15.195,172.038
korytarz2.pgm,astar,362.583,223.582,204.179,255.2,14.812,172.038
korytarz2.pgm,astar,362.583,223.582,204.179,255.2,14.599,172.038
korytarz2.pgm,astar,362.583,223.582,204.179,255.2,18.647,172.038
korytarz2.pgm,astar,362.583,223.582,204.179,255.2,19.158,172.038
korytarz2.pgm,astar,362.583,223.582,204.179,255.2,15.091,172.038
korytarz2.pgm,astar,362.583,223.582,204.179,255.2,15.158,172.038


korytarz2.pgm,astar,200.799,333.171,304.847,435.493,10.717,166.284
korytarz2.pgm,astar,200.799,333.171,304.847,435.493,11.215,166.284
korytarz2.pgm,astar,200.799,333.171,304.847,435.493,9.176,166.284
korytarz2.pgm,astar,200.799,333.171,304.847,435.493,9.133,166.284
korytarz2.pgm,astar,200.799,333.171,304.847,435.493,9.042,166.284
korytarz2.pgm,astar,200.799,333.171,304.847,435.493,9.245,166.284
korytarz2.pgm,astar,200.799,333.171,304.847,435.493,9.917,166.284
korytarz2.pgm,astar,200.799,333.171,304.847,435.493,9.6,166.284
korytarz2.pgm,astar,200.799,333.171,304.847,435.493,9.26,166.284
korytarz2.pgm,astar,200.799,333.171,304.847,435.493,9.178,166.284
korytarz2.pgm,astar,200.799,333.171,304.847,435.493,9.714,166.284
korytarz2.pgm,astar,200.799,333.171,304.847,435.493,9.756,166.284
korytarz2.pgm,astar,200.799,333.171,304.847,435.493,9.292,166.284
korytarz2.pgm,astar,200.799,333.171,304.847,435.493,9.958,166.284
korytarz2.pgm,astar,200.799,333.171,304.847,435.493,11.099,166.284
korytarz2.pgm,astar,200.799,333.171,304.847,435.493,9.675,166.284
korytarz2.pgm,astar,200.799,333.171,304.847,435.493,10.019,166.284
korytarz2.pgm,astar,200.799,333.171,304.847,435.493,9.489,166.284
korytarz2.pgm,astar,200.799,333.171,304.847,435.493,9.278,166.284
korytarz2.pgm,astar,200.799,333.171,304.847,435.493,8.917,166.284
korytarz2.pgm,astar,200.799,333.171,304.847,435.493,10.088,166.284
korytarz2.pgm,astar,200.799,333.171,304.847,435.493,9.191,166.284
korytarz2.pgm,astar,200.799,333.171,304.847,435.493,9.597,166.284
korytarz2.pgm,astar,200.799,333.171,304.847,435.493,9.378,166.284
korytarz2.pgm,astar,200.799,333.171,304.847,435.493,9.201,166.284
korytarz2.pgm,astar,200.799,333.171,304.847,435.493,9.656,166.284
korytarz2.pgm,astar,200.799,333.171,304.847,435.493,10.129,166.284
korytarz2.pgm,astar,200.799,333.171,304.847,435.493,9.41,166.284
korytarz2.pgm,astar,200.799,333.171,304.847,435.493,9.237,166.284
korytarz2.pgm,astar,200.799,333.171,304.847,435.493,9.384,166.284
korytarz2.pgm,astar,200.799,333.171,304.847,435.493,8.987,166.284
korytarz2.pgm,astar,200.799,333.171,304.847,435.493,9.546,166.284
korytarz2.pgm,astar,200.799,333.171,304.847,435.493,9.924,166.284
korytarz2.pgm,astar,200.799,333.171,304.847,435.493,9.262,166.284
korytarz2.pgm,astar,200.799,333.171,304.847,435.493,11.338,166.284
korytarz2.pgm,astar,200.799,333.171,304.847,435.493,9.116,166.284
korytarz2.pgm,astar,200.799,333.171,304.847,435.493,9.359,166.284
korytarz2.pgm,astar,200.799,333.171,304.847,435.493,9.4,166.284
korytarz2.pgm,astar,200.799,333.171,304.847,435.493,9.295,166.284
korytarz2.pgm,astar,200.799,333.171,304.847,435.493,9.344,166.284
korytarz2.pgm,astar,200.799,333.171,304.847,435.493,9.31,166.284
korytarz2.pgm,astar,200.799,333.171,304.847,435.493,9.202,166.284
korytarz2.pgm,astar,200.799,333.171,304.847,435.493,9.001,166.284
korytarz2.pgm,astar,200.799,333.171,304.847,435.493,9.026,166.284
korytarz2.pgm,astar,200.799,333.171,304.847,435.493,9.019,166.284
korytarz2.pgm,astar,200.799,333.171,304.847,435.493,9.179,166.284
korytarz2.pgm,astar,200.799,333.171,304.847,435.493,9.011,166.284
korytarz2.pgm,astar,200.799,333.171,304.847,435.493,9.103,166.284
korytarz2.pgm,astar,200.799,333.171,304.847,435.493,9.084,166.284
korytarz2.pgm,astar,200.799,333.171,304.847,435.493,9.35,166.284
korytarz2.pgm,astar,200.799,333.171,304.847,435.493,9.37,166.284
korytarz2.pgm,astar,200.799,333.171,304.847,435.493,9.256,166.284
korytarz2.pgm,astar,200.799,333.171,304.847,435.493,9.119,166.284
korytarz2.pgm,astar,200.799,333.171,304.847,435.493,9.02,166.284
korytarz2.pgm,astar,200.799,333.171,304.847,435.493,9.021,166.284
korytarz2.pgm,astar,200.799,333.171,304.847,435.493,8.994,166.284
korytarz2.pgm,astar,200.799,333.171,304.847,435.493,9.109,166.284
korytarz2.pgm,astar,200.799,333.171,304.847,435.493,9.099,166.284
korytarz2.pgm,astar,200.799,333.171,304.847,435.493,8.962,166.284
korytarz2.pgm,astar,200.799,333.171,304.847,435.493,9.057,166.284
korytarz2.pgm,astar,200.799,333.171,304.847,435.493,9.227,166.284
korytarz2.pgm,astar,200.799,333.171,304.847,435.493,9.619,166.284
korytarz2.pgm,astar,200.799,333.171,304.847,435.493,9.693,166.284
korytarz2.pgm,astar,200.799,333.171,304.847,435.493,10.213,166.284
korytarz2.pgm,astar,200.799,333.171,304.847,435.493,9.239,166.284
korytarz2.pgm,astar,200.799,333.171,304.847,435.493,9.008,166.284
korytarz2.pgm,astar,200.799,333.171,304.847,435.493,9.147,166.284
korytarz2.pgm,astar,200.799,333.171,304.847,435.493,10.435,166.284
korytarz2.pgm,astar,200.799,333.171,304.847,435.493,13.796,166.284
korytarz2.pgm,astar,200.799,333.171,304.847,435.493,9.237,166.284
korytarz2.pgm,astar,200.799,333.171,304.847,435.493,10.662,166.284
korytarz2.pgm,astar,200.799,333.171,304.847,435.493,9.178,166.284
korytarz2.pgm,astar,200.799,333.171,304.847,435.493,9.202,166.284
korytarz2.pgm,astar,200.799,333.171,304.847,435.493,9.586,166.284
korytarz2.pgm,astar,200.799,333.171,304.847,435.493,10.4,166.284
korytarz2.pgm,astar,200.799,333.171,304.847,435.493,10.659,166.284
korytarz2.pgm,astar,200.799,333.171,304.847,435.493,9.24,166.284
korytarz2.pgm,astar,200.799,333.171,304.847,435.493,9.601,166.284
korytarz2.pgm,astar,200.799,333.171,304.847,435.493,9.112,166.284
korytarz2.pgm,astar,200.799,333.171,304.847,435.493,9.056,166.284
korytarz2.pgm,astar,200.799,333.171,304.847,435.493,9.157,166.284
korytarz2.pgm,astar,200.799,333.171,304.847,435.493,9.265,166.284
korytarz2.pgm,astar,200.799,333.171,304.847,435.493,9.145,166.284
korytarz2.pgm,astar,200.799,333.171,304.847,435.493,9.172,166.284
korytarz2.pgm,astar,200.799,333.171,304.847,435.493,9.18,166.284
korytarz2.pgm,astar,200.799,333.171,304.847,435.493,8.997,166.284
korytarz2.pgm,astar,200.799,333.171,304.847,435.493,8.998,166.284
korytarz2.pgm,astar,200.799,333.171,304.847,435.493,9.293,166.284
korytarz2.pgm,astar,200.799,333.171,304.847,435.493,9.075,166.284
korytarz2.pgm,astar,200.799,333.171,304.847,435.493,9.064,166.284
korytarz2.pgm,astar,200.799,333.171,304.847,435.493,11,166.284
korytarz2.pgm,astar,200.799,333.171,304.847,435.493,9.972,166.284
korytarz2.pgm,astar,200.799,333.171,304.847,435.493,9.512,166.284
korytarz2.pgm,astar,200.799,333.171,304.847,435.493,9.042,166.284
korytarz2.pgm,astar,200.799,333.171,304.847,435.493,9.292,166.284
korytarz2.pgm,astar,200.799,333.171,304.847,435.493,9.477,166.284
korytarz2.pgm,astar,200.799,333.171,304.847,435.493,9.592,166.284
korytarz2.pgm,astar,200.799,333.171,304.847,435.493,9.431,166.284
korytarz2.pgm,astar,200.799,333.171,304.847,435.493,9.668,166.284
korytarz2.pgm,astar,200.799,333.171,304.847,435.493,9.245,166.284


korytarz2.pgm,astar,95.9787,185.552,225.158,230.27,13.918,148.72
korytarz2.pgm,astar,95.9787,185.552,225.158,230.27,13.862,148.72
korytarz2.pgm,astar,95.9787,185.552,225.158,230.27,13.849,148.72
korytarz2.pgm,astar,95.9787,185.552,225.158,230.27,15.307,148.72
korytarz2.pgm,astar,95.9787,185.552,225.158,230.27,13.888,148.72
korytarz2.pgm,astar,95.9787,185.552,225.158,230.27,12.983,148.72
korytarz2.pgm,astar,95.9787,185.552,225.158,230.27,13.355,148.72
korytarz2.pgm,astar,95.9787,185.552,225.158,230.27,13.173,148.72
korytarz2.pgm,astar,95.9787,185.552,225.158,230.27,13.326,148.72
korytarz2.pgm,astar,95.9787,185.552,225.158,230.27,13.142,148.72
korytarz2.pgm,astar,95.9787,185.552,225.158,230.27,13.046,148.72
korytarz2.pgm,astar,95.9787,185.552,225.158,230.27,12.981,148.72
korytarz2.pgm,astar,95.9787,185.552,225.158,230.27,13.392,148.72
korytarz2.pgm,astar,95.9787,185.552,225.158,230.27,13.411,148.72
korytarz2.pgm,astar,95.9787,185.552,225.158,230.27,13.145,148.72
korytarz2.pgm,astar,95.9787,185.552,225.158,230.27,13.157,148.72
korytarz2.pgm,astar,95.9787,185.552,225.158,230.27,13.026,148.72
korytarz2.pgm,astar,95.9787,185.552,225.158,230.27,13.092,148.72
korytarz2.pgm,astar,95.9787,185.552,225.158,230.27,12.948,148.72
korytarz2.pgm,astar,95.9787,185.552,225.158,230.27,13.004,148.72
korytarz2.pgm,astar,95.9787,185.552,225.158,230.27,12.911,148.72
korytarz2.pgm,astar,95.9787,185.552,225.158,230.27,12.987,148.72
korytarz2.pgm,astar,95.9787,185.552,225.158,230.27,12.948,148.72
korytarz2.pgm,astar,95.9787,185.552,225.158,230.27,13.32,148.72
korytarz2.pgm,astar,95.9787,185.552,225.158,230.27,12.995,148.72
korytarz2.pgm,astar,95.9787,185.552,225.158,230.27,12.987,148.72
korytarz2.pgm,astar,95.9787,185.552,225.158,230.27,13.047,148.72
korytarz2.pgm,astar,95.9787,185.552,225.158,230.27,13.776,148.72
korytarz2.pgm,astar,95.9787,185.552,225.158,230.27,14.736,148.72
korytarz2.pgm,astar,95.9787,185.552,225.158,230.27,13.039,148.72
korytarz2.pgm,astar,95.9787,185.552,225.158,230.27,13.415,148.72
korytarz2.pgm,astar,95.9787,185.552,225.158,230.27,14.346,148.72
korytarz2.pgm,astar,95.9787,185.552,225.158,230.27,13.261,148.72
korytarz2.pgm,astar,95.9787,185.552,225.158,230.27,13.012,148.72
korytarz2.pgm,astar,95.9787,185.552,225.158,230.27,12.897,148.72
korytarz2.pgm,astar,95.9787,185.552,225.158,230.27,13.547,148.72
korytarz2.pgm,astar,95.9787,185.552,225.158,230.27,15.628,148.72
korytarz2.pgm,astar,95.9787,185.552,225.158,230.27,13.722,148.72
korytarz2.pgm,astar,95.9787,185.552,225.158,230.27,13.538,148.72
korytarz2.pgm,astar,95.9787,185.552,225.158,230.27,13.242,148.72
korytarz2.pgm,astar,95.9787,185.552,225.158,230.27,13.118,148.72
korytarz2.pgm,astar,95.9787,185.552,225.158,230.27,14.027,148.72
korytarz2.pgm,astar,95.9787,185.552,225.158,230.27,14.82,148.72
korytarz2.pgm,astar,95.9787,185.552,225.158,230.27,13.315,148.72
korytarz2.pgm,astar,95.9787,185.552,225.158,230.27,13.147,148.72
korytarz2.pgm,astar,95.9787,185.552,225.158,230.27,17.874,148.72
korytarz2.pgm,astar,95.9787,185.552,225.158,230.27,16.065,148.72
korytarz2.pgm,astar,95.9787,185.552,225.158,230.27,13.109,148.72
korytarz2.pgm,astar,95.9787,185.552,225.158,230.27,12.954,148.72
korytarz2.pgm,astar,95.9787,185.552,225.158,230.27,14.117,148.72
korytarz2.pgm,astar,95.9787,185.552,225.158,230.27,13.411,148.72
korytarz2.pgm,astar,95.9787,185.552,225.158,230.27,13.561,148.72
korytarz2.pgm,astar,95.9787,185.552,225.158,230.27,13.979,148.72
korytarz2.pgm,astar,95.9787,185.552,225.158,230.27,12.985,148.72
korytarz2.pgm,astar,95.9787,185.552,225.158,230.27,12.904,148.72
korytarz2.pgm,astar,95.9787,185.552,225.158,230.27,13.16,148.72
korytarz2.pgm,astar,95.9787,185.552,225.158,230.27,12.861,148.72
korytarz2.pgm,astar,95.9787,185.552,225.158,230.27,12.928,148.72
korytarz2.pgm,astar,95.9787,185.552,225.158,230.27,12.981,148.72
korytarz2.pgm,astar,95.9787,185.552,225.158,230.27,13.057,148.72
korytarz2.pgm,astar,95.9787,185.552,225.158,230.27,12.995,148.72
korytarz2.pgm,astar,95.9787,185.552,225.158,230.27,12.955,148.72
korytarz2.pgm,astar,95.9787,185.552,225.158,230.27,13.043,148.72
korytarz2.pgm,astar,95.9787,185.552,225.158,230.27,12.912,148.72
korytarz2.pgm,astar,95.9787,185.552,225.158,230.27,13.1,148.72
korytarz2.pgm,astar,95.9787,185.552,225.158,230.27,13.241,148.72
korytarz2.pgm,astar,95.9787,185.552,225.158,230.27,12.957,148.72
korytarz2.pgm,astar,95.9787,185.552,225.158,230.27,13.153,148.72
korytarz2.pgm,astar,95.9787,185.552,225.158,230.27,12.971,148.72
korytarz2.pgm,astar,95.9787,185.552,225.158,230.27,13.122,148.72
korytarz2.pgm,astar,95.9787,185.552,225.158,230.27,13.053,148.72
korytarz2.pgm,astar,95.9787,185.552,225.158,230.27,12.924,148.72
korytarz2.pgm,astar,95.9787,185.552,225.158,230.27,13.125,148.72
korytarz2.pgm,astar,95.9787,185.552,225.158,230.27,13.04,148.72
korytarz2.pgm,astar,95.9787,185.552,225.158,230.27,13.045,148.72
korytarz2.pgm,astar,95.9787,185.552,225.158,230.27,13.08,148.72
korytarz2.pgm,astar,95.9787,185.552,225.158,230.27,12.983,148.72
korytarz2.pgm,astar,95.9787,185.552,225.158,230.27,13.006,148.72
korytarz2.pgm,astar,95.9787,185.552,225.158,230.27,12.991,148.72
korytarz2.pgm,astar,95.9787,185.552,225.158,230.27,12.854,148.72
korytarz2.pgm,astar,95.9787,185.552,225.158,230.27,12.745,148.72
korytarz2.pgm,astar,95.9787,185.552,225.158,230.27,13.104,148.72
korytarz2.pgm,astar,95.9787,185.552,225.158,230.27,13.121,148.72
korytarz2.pgm,astar,95.9787,185.552,225.158,230.27,14.866,148.72
korytarz2.pgm,astar,95.9787,185.552,225.158,230.27,12.936,148.72
korytarz2.pgm,astar,95.9787,185.552,225.158,230.27,13.284,148.72
korytarz2.pgm,astar,95.9787,185.552,225.158,230.27,12.971,148.72
korytarz2.pgm,astar,95.9787,185.552,225.158,230.27,14.43,148.72
korytarz2.pgm,astar,95.9787,185.552,225.158,230.27,13.247,148.72
korytarz2.pgm,astar,95.9787,185.552,225.158,230.27,13.389,148.72
korytarz2.pgm,astar,95.9787,185.552,225.158,230.27,13.314,148.72
korytarz2.pgm,astar,95.9787,185.552,225.158,230.27,13.681,148.72
korytarz2.pgm,astar,95.9787,185.552,225.158,230.27,14.637,148.72
korytarz2.pgm,astar,95.9787,185.552,225.158,230.27,14.974,148.72
korytarz2.pgm,astar,95.9787,185.552,225.158,230.27,13.994,148.72
korytarz2.pgm,astar,95.9787,185.552,225.158,230.27,13.969,148.72
korytarz2.pgm,astar,95.9787,185.552,225.158,230.27,13.197,148.72
korytarz2.pgm,astar,95.9787,185.552,225.158,230.27,13.276,148.72
korytarz2.pgm,astar,95.9787,185.552,225.158,230.27,12.963,148.72
korytarz2.pgm,astar,95.9787,185.552,225.158,230.27,12.912,148.72


korytarz2.pgm,astar,434.83,282.063,280.333,439.657,52.222,310.938
korytarz2.pgm,astar,434.83,282.063,280.333,439.657,51.697,310.938
korytarz2.pgm,astar,434.83,282.063,280.333,439.657,52.16,310.938
korytarz2.pgm,astar,434.83,282.063,280.333,439.657,51.633,310.938
korytarz2.pgm,astar,434.83,282.063,280.333,439.657,54.095,310.938
korytarz2.pgm,astar,434.83,282.063,280.333,439.657,54.221,310.938
korytarz2.pgm,astar,434.83,282.063,280.333,439.657,57.645,310.938
korytarz2.pgm,astar,434.83,282.063,280.333,439.657,55.53,310.938
korytarz2.pgm,astar,434.83,282.063,280.333,439.657,53.925,310.938
korytarz2.pgm,astar,434.83,282.063,280.333,439.657,60.659,310.938
korytarz2.pgm,astar,434.83,282.063,280.333,439.657,57.544,310.938
korytarz2.pgm,astar,434.83,282.063,280.333,439.657,54.875,310.938
korytarz2.pgm,astar,434.83,282.063,280.333,439.657,54.489,310.938
korytarz2.pgm,astar,434.83,282.063,280.333,439.657,53.086,310.938
korytarz2.pgm,astar,434.83,282.063,280.333,439.657,54.955,310.938
korytarz2.pgm,astar,434.83,282.063,280.333,439.657,60.418,310.938
korytarz2.pgm,astar,434.83,282.063,280.333,439.657,54.741,310.938
korytarz2.pgm,astar,434.83,282.063,280.333,439.657,52.062,310.938
korytarz2.pgm,astar,434.83,282.063,280.333,439.657,51.685,310.938
korytarz2.pgm,astar,434.83,282.063,280.333,439.657,52.287,310.938
korytarz2.pgm,astar,434.83,282.063,280.333,439.657,52.505,310.938
korytarz2.pgm,astar,434.83,282.063,280.333,439.657,52.378,310.938
korytarz2.pgm,astar,434.83,282.063,280.333,439.657,51.89,310.938
korytarz2.pgm,astar,434.83,282.063,280.333,439.657,55.44,310.938
korytarz2.pgm,astar,434.83,282.063,280.333,439.657,61.579,310.938
korytarz2.pgm,astar,434.83,282.063,280.333,439.657,54.901,310.938
korytarz2.pgm,astar,434.83,282.063,280.333,439.657,54.728,310.938
korytarz2.pgm,astar,434.83,282.063,280.333,439.657,59.951,310.938
korytarz2.pgm,astar,434.83,282.063,280.333,439.657,56.672,310.938
korytarz2.pgm,astar,434.83,282.063,280.333,439.657,54.544,310.938
korytarz2.pgm,astar,434.83,282.063,280.333,439.657,55.727,310.938
korytarz2.pgm,astar,434.83,282.063,280.333,439.657,54.517,310.938
korytarz2.pgm,astar,434.83,282.063,280.333,439.657,54.996,310.938
korytarz2.pgm,astar,434.83,282.063,280.333,439.657,59.729,310.938
korytarz2.pgm,astar,434.83,282.063,280.333,439.657,55.669,310.938
korytarz2.pgm,astar,434.83,282.063,280.333,439.657,53.134,310.938
korytarz2.pgm,astar,434.83,282.063,280.333,439.657,51.319,310.938
korytarz2.pgm,astar,434.83,282.063,280.333,439.657,53.258,310.938
korytarz2.pgm,astar,434.83,282.063,280.333,439.657,53.131,310.938
korytarz2.pgm,astar,434.83,282.063,280.333,439.657,52.693,310.938
korytarz2.pgm,astar,434.83,282.063,280.333,439.657,56.924,310.938
korytarz2.pgm,astar,434.83,282.063,280.333,439.657,55.85,310.938
korytarz2.pgm,astar,434.83,282.063,280.333,439.657,53.761,310.938
korytarz2.pgm,astar,434.83,282.063,280.333,439.657,55.822,310.938
korytarz2.pgm,astar,434.83,282.063,280.333,439.657,52.427,310.938
korytarz2.pgm,astar,434.83,282.063,280.333,439.657,53.635,310.938
korytarz2.pgm,astar,434.83,282.063,280.333,439.657,53.073,310.938
korytarz2.pgm,astar,434.83,282.063,280.333,439.657,55.954,310.938
korytarz2.pgm,astar,434.83,282.063,280.333,439.657,53.196,310.938
korytarz2.pgm,astar,434.83,282.063,280.333,439.657,54.297,310.938
korytarz2.pgm,astar,434.83,282.063,280.333,439.657,55.962,310.938
korytarz2.pgm,astar,434.83,282.063,280.333,439.657,58.934,310.938
korytarz2.pgm,astar,434.83,282.063,280.333,439.657,56.758,310.938
korytarz2.pgm,astar,434.83,282.063,280.333,439.657,54.303,310.938
korytarz2.pgm,astar,434.83,282.063,280.333,439.657,53.415,310.938
korytarz2.pgm,astar,434.83,282.063,280.333,439.657,53.175,310.938
korytarz2.pgm,astar,434.83,282.063,280.333,439.657,56.665,310.938
korytarz2.pgm,astar,434.83,282.063,280.333,439.657,54.245,310.938
korytarz2.pgm,astar,434.83,282.063,280.333,439.657,53.334,310.938
korytarz2.pgm,astar,434.83,282.063,280.333,439.657,59.038,310.938
korytarz2.pgm,astar,434.83,282.063,280.333,439.657,54.703,310.938
korytarz2.pgm,astar,434.83,282.063,280.333,439.657,53.186,310.938
korytarz2.pgm,astar,434.83,282.063,280.333,439.657,53.678,310.938
korytarz2.pgm,astar,434.83,282.063,280.333,439.657,54.234,310.938
korytarz2.pgm,astar,434.83,282.063,280.333,439.657,59.242,310.938
korytarz2.pgm,astar,434.83,282.063,280.333,439.657,53.624,310.938
korytarz2.pgm,astar,434.83,282.063,280.333,439.657,57.192,310.938
korytarz2.pgm,astar,434.83,282.063,280.333,439.657,56.207,310.938
korytarz2.pgm,astar,434.83,282.063,280.333,439.657,53.559,310.938
korytarz2.pgm,astar,434.83,282.063,280.333,439.657,55.3,310.938
korytarz2.pgm,astar,434.83,282.063,280.333,439.657,58.761,310.938
korytarz2.pgm,astar,434.83,282.063,280.333,439.657,55.489,310.938
korytarz2.pgm,astar,434.83,282.063,280.333,439.657,59.709,310.938
korytarz2.pgm,astar,434.83,282.063,280.333,439.657,53.998,310.938
korytarz2.pgm,astar,434.83,282.063,280.333,439.657,53.748,310.938
korytarz2.pgm,astar,434.83,282.063,280.333,439.657,62.769,310.938
korytarz2.pgm,astar,434.83,282.063,280.333,439.657,67.991,310.938
korytarz2.pgm,astar,434.83,282.063,280.333,439.657,76.806,310.938
korytarz2.pgm,astar,434.83,282.063,280.333,439.657,68.895,310.938
korytarz2.pgm,astar,434.83,282.063,280.333,439.657,56.667,310.938
korytarz2.pgm,astar,434.83,282.063,280.333,439.657,60.254,310.938
korytarz2.pgm,astar,434.83,282.063,280.333,439.657,64.015,310.938
korytarz2.pgm,astar,434.83,282.063,280.333,439.657,83.517,310.938
korytarz2.pgm,astar,434.83,282.063,280.333,439.657,75.395,310.938
korytarz2.pgm,astar,434.83,282.063,280.333,439.657,66.191,310.938
korytarz2.pgm,astar,434.83,282.063,280.333,439.657,88.508,310.938
korytarz2.pgm,astar,434.83,282.063,280.333,439.657,86.91,310.938
korytarz2.pgm,astar,434.83,282.063,280.333,439.657,85.098,310.938
korytarz2.pgm,astar,434.83,282.063,280.333,439.657,67.132,310.938
korytarz2.pgm,astar,434.83,282.063,280.333,439.657,87.929,310.938
korytarz2.pgm,astar,434.83,282.063,280.333,439.657,89.015,310.938
korytarz2.pgm,astar,434.83,282.063,280.333,439.657,67.561,310.938
korytarz2.pgm,astar,434.83,282.063,280.333,439.657,61.097,310.938
korytarz2.pgm,astar,434.83,282.063,280.333,439.657,57.759,310.938
korytarz2.pgm,astar,434.83,282.063,280.333,439.657,55.648,310.938
korytarz2.pgm,astar,434.83,282.063,280.333,439.657,57.134,310.938
korytarz2.pgm,astar,434.83,282.063,280.333,439.657,63.378,310.938
korytarz2.pgm,astar,434.83,282.063,280.333,439.657,51.827,310.938
korytarz2.pgm,astar,434.83,282.063,280.333,439.657,61.273,310.938
korytarz2.pgm,astar,434.83,282.063,280.333,439.657,60.132,310.938


korytarz3.pgm,astar,226.885,299.122,77.5639,386.195,19.644,258.002
korytarz3.pgm,astar,226.885,299.122,77.5639,386.195,20.385,258.002
korytarz3.pgm,astar,226.885,299.122,77.5639,386.195,19.535,258.002
korytarz3.pgm,astar,226.885,299.122,77.5639,386.195,18.745,258.002
korytarz3.pgm,astar,226.885,299.122,77.5639,386.195,18.75,258.002
korytarz3.pgm,astar,226.885,299.122,77.5639,386.195,18.724,258.002
korytarz3.pgm,astar,226.885,299.122,77.5639,386.195,18.94,258.002
korytarz3.pgm,astar,226.885,299.122,77.5639,386.195,18.649,258.002
korytarz3.pgm,astar,226.885,299.122,77.5639,386.195,20.069,258.002
korytarz3.pgm,astar,226.885,299.122,77.5639,386.195,19.931,258.002
korytarz3.pgm,astar,226.885,299.122,77.5639,386.195,20.599,258.002
korytarz3.pgm,astar,226.885,299.122,77.5639,386.195,20.894,258.002
korytarz3.pgm,astar,226.885,299.122,77.5639,386.195,19.905,258.002
korytarz3.pgm,astar,226.885,299.122,77.5639,386.195,20.689,258.002
korytarz3.pgm,astar,226.885,299.122,77.5639,386.195,18.953,258.002
korytarz3.pgm,astar,226.885,299.122,77.5639,386.195,21.828,258.002
korytarz3.pgm,astar,226.885,299.122,77.5639,386.195,26.368,258.002
korytarz3.pgm,astar,226.885,299.122,77.5639,386.195,28.339,258.002
korytarz3.pgm,astar,226.885,299.122,77.5639,386.195,22.396,258.002
korytarz3.pgm,astar,226.885,299.122,77.5639,386.195,22.537,258.002
korytarz3.pgm,astar,226.885,299.122,77.5639,386.195,21.166,258.002
korytarz3.pgm,astar,226.885,299.122,77.5639,386.195,21.866,258.002
korytarz3.pgm,astar,226.885,299.122,77.5639,386.195,19.623,258.002
korytarz3.pgm,astar,226.885,299.122,77.5639,386.195,20.122,258.002
korytarz3.pgm,astar,226.885,299.122,77.5639,386.195,21.503,258.002
korytarz3.pgm,astar,226.885,299.122,77.5639,386.195,22.779,258.002
korytarz3.pgm,astar,226.885,299.122,77.5639,386.195,20.776,258.002
korytarz3.pgm,astar,226.885,299.122,77.5639,386.195,19.351,258.002
korytarz3.pgm,astar,226.885,299.122,77.5639,386.195,20.307,258.002
korytarz3.pgm,astar,226.885,299.122,77.5639,386.195,22.064,258.002
korytarz3.pgm,astar,226.885,299.122,77.5639,386.195,22.447,258.002
korytarz3.pgm,astar,226.885,299.122,77.5639,386.195,21.039,258.002
korytarz3.pgm,astar,226.885,299.122,77.5639,386.195,20.181,258.002
korytarz3.pgm,astar,226.885,299.122,77.5639,386.195,27.482,258.002
korytarz3.pgm,astar,226.885,299.122,77.5639,386.195,24.323,258.002
korytarz3.pgm,astar,226.885,299.122,77.5639,386.195,23.513,258.002
korytarz3.pgm,astar,226.885,299.122,77.5639,386.195,21.332,258.002
korytarz3.pgm,astar,226.885,299.122,77.5639,386.195,20.167,258.002
korytarz3.pgm,astar,226.885,299.122,77.5639,386.195,19.966,258.002
korytarz3.pgm,astar,226.885,299.122,77.5639,386.195,24.173,258.002
korytarz3.pgm,astar,226.885,299.122,77.5639,386.195,19.289,258.002
korytarz3.pgm,astar,226.885,299.122,77.5639,386.195,18.744,258.002
korytarz3.pgm,astar,226.885,299.122,77.5639,386.195,19.073,258.002
korytarz3.pgm,astar,226.885,299.122,77.5639,386.195,18.969,258.002
korytarz3.pgm,astar,226.885,299.122,77.5639,386.195,19.067,258.002
korytarz3.pgm,astar,226.885,299.122,77.5639,386.195,21.033,258.002
korytarz3.pgm,astar,226.885,299.122,77.5639,386.195,18.792,258.002
korytarz3.pgm,astar,226.885,299.122,77.5639,386.195,19.297,258.002
korytarz3.pgm,astar,226.885,299.122,77.5639,386.195,20.021,258.002
korytarz3.pgm,astar,226.885,299.122,77.5639,386.195,19.061,258.002
korytarz3.pgm,astar,226.885,299.122,77.5639,386.195,19.046,258.002
korytarz3.pgm,astar,226.885,299.122,77.5639,386.195,19.291,258.002
korytarz3.pgm,astar,226.885,299.122,77.5639,386.195,19.888,258.002
korytarz3.pgm,astar,226.885,299.122,77.5639,386.195,19.859,258.002
korytarz3.pgm,astar,226.885,299.122,77.5639,386.195,20.06,258.002
korytarz3.pgm,astar,226.885,299.122,77.5639,386.195,21.302,258.002
korytarz3.pgm,astar,226.885,299.122,77.5639,386.195,20.118,258.002
korytarz3.pgm,astar,226.885,299.122,77.5639,386.195,20.627,258.002
korytarz3.pgm,astar,226.885,299.122,77.5639,386.195,20.337,258.002
korytarz3.pgm,astar,226.885,299.122,77.5639,386.195,19.938,258.002
korytarz3.pgm,astar,226.885,299.122,77.5639,386.195,19.401,258.002
korytarz3.pgm,astar,226.885,299.122,77.5639,386.195,19.453,258.002
korytarz3.pgm,astar,226.885,299.122,77.5639,386.195,20.1,258.002
korytarz3.pgm,astar,226.885,299.122,77.5639,386.195,22.696,258.002
korytarz3.pgm,astar,226.885,299.122,77.5639,386.195,20.383,258.002
korytarz3.pgm,astar,226.885,299.122,77.5639,386.195,19.158,258.002
korytarz3.pgm,astar,226.885,299.122,77.5639,386.195,18.742,258.002
korytarz3.pgm,astar,226.885,299.122,77.5639,386.195,19.506,258.002
korytarz3.pgm,astar,226.885,299.122,77.5639,386.195,20.845,258.002
korytarz3.pgm,astar,226.885,299.122,77.5639,386.195,19.943,258.002
korytarz3.pgm,astar,226.885,299.122,77.5639,386.195,20.286,258.002
korytarz3.pgm,astar,226.885,299.122,77.5639,386.195,19.453,258.002
korytarz3.pgm,astar,226.885,299.122,77.5639,386.195,20.951,258.002
korytarz3.pgm,astar,226.885,299.122,77.5639,386.195,21.712,258.002
korytarz3.pgm,astar,226.885,299.122,77.5639,386.195,20.607,258.002
korytarz3.pgm,astar,226.885,299.122,77.5639,386.195,21.008,258.002
korytarz3.pgm,astar,226.885,299.122,77.5639,386.195,19.913,258.002
korytarz3.pgm,astar,226.885,299.122,77.5639,386.195,20.214,258.002
korytarz3.pgm,astar,226.885,299.122,77.5639,386.195,19.258,258.002
korytarz3.pgm,astar,226.885,299.122,77.5639,386.195,18.748,258.002
korytarz3.pgm,astar,226.885,299.122,77.5639,386.195,19.448,258.002
korytarz3.pgm,astar,226.885,299.122,77.5639,386.195,19.062,258.002
korytarz3.pgm,astar,226.885,299.122,77.5639,386.195,18.857,258.002
korytarz3.pgm,astar,226.885,299.122,77.5639,386.195,18.814,258.002
korytarz3.pgm,astar,226.885,299.122,77.5639,386.195,18.539,258.002
korytarz3.pgm,astar,226.885,299.122,77.5639,386.195,18.476,258.002
korytarz3.pgm,astar,226.885,299.122,77.5639,386.195,18.495,258.002
korytarz3.pgm,astar,226.885,299.122,77.5639,386.195,18.419,258.002
korytarz3.pgm,astar,226.885,299.122,77.5639,386.195,19.557,258.002
korytarz3.pgm,astar,226.885,299.122,77.5639,386.195,18.988,258.002
korytarz3.pgm,astar,226.885,299.122,77.5639,386.195,18.658,258.002
korytarz3.pgm,astar,226.885,299.122,77.5639,386.195,20.845,258.002
korytarz3.pgm,astar,226.885,299.122,77.5639,386.195,19.567,258.002
korytarz3.pgm,astar,226.885,299.122,77.5639,386.195,18.873,258.002
korytarz3.pgm,astar,226.885,299.122,77.5639,386.195,20.292,258.002
korytarz3.pgm,astar,226.885,299.122,77.5639,386.195,23.775,258.002
korytarz3.pgm,astar,226.885,299.122,77.5639,386.195,27.891,258.002
korytarz3.pgm,astar,226.885,299.122,77.5639,386.195,32.27,258.002
korytarz3.pgm,astar,226.885,299.122,77.5639,386.195,31.99,258.002
korytarz3.pgm,astar,226.885,299.122,77.5639,386.195,32.776,258.002


korytarz3.pgm,astar,103.066,288.547,301.477,443.872,43.793,302.827
korytarz3.pgm,astar,103.066,288.547,301.477,443.872,43.772,302.827
korytarz3.pgm,astar,103.066,288.547,301.477,443.872,36.824,302.827
korytarz3.pgm,astar,103.066,288.547,301.477,443.872,29.762,302.827
korytarz3.pgm,astar,103.066,288.547,301.477,443.872,28.547,302.827
korytarz3.pgm,astar,103.066,288.547,301.477,443.872,29.978,302.827
korytarz3.pgm,astar,103.066,288.547,301.477,443.872,31.439,302.827
korytarz3.pgm,astar,103.066,288.547,301.477,443.872,30.03,302.827
korytarz3.pgm,astar,103.066,288.547,301.477,443.872,31.942,302.827
korytarz3.pgm,astar,103.066,288.547,301.477,443.872,30.504,302.827
korytarz3.pgm,astar,103.066,288.547,301.477,443.872,28.857,302.827
korytarz3.pgm,astar,103.066,288.547,301.477,443.872,29.72,302.827
korytarz3.pgm,astar,103.066,288.547,301.477,443.872,39.589,302.827
korytarz3.pgm,astar,103.066,288.547,301.477,443.872,40.303,302.827
korytarz3.pgm,astar,103.066,288.547,301.477,443.872,42.995,302.827
korytarz3.pgm,astar,103.066,288.547,301.477,443.872,32.201,302.827
korytarz3.pgm,astar,103.066,288.547,301.477,443.872,26.316,302.827
korytarz3.pgm,astar,103.066,288.547,301.477,443.872,25.456,302.827
korytarz3.pgm,astar,103.066,288.547,301.477,443.872,25.691,302.827
korytarz3.pgm,astar,103.066,288.547,301.477,443.872,26.474,302.827
korytarz3.pgm,astar,103.066,288.547,301.477,443.872,25.507,302.827
korytarz3.pgm,astar,103.066,288.547,301.477,443.872,25.437,302.827
korytarz3.pgm,astar,103.066,288.547,301.477,443.872,24.87,302.827
korytarz3.pgm,astar,103.066,288.547,301.477,443.872,25.803,302.827
korytarz3.pgm,astar,103.066,288.547,301.477,443.872,25.327,302.827
korytarz3.pgm,astar,103.066,288.547,301.477,443.872,25.748,302.827
korytarz3.pgm,astar,103.066,288.547,301.477,443.872,25.761,302.827
korytarz3.pgm,astar,103.066,288.547,301.477,443.872,28.739,302.827
korytarz3.pgm,astar,103.066,288.547,301.477,443.872,26.426,302.827
korytarz3.pgm,astar,103.066,288.547,301.477,443.872,26.878,302.827
korytarz3.pgm,astar,103.066,288.547,301.477,443.872,26.827,302.827
korytarz3.pgm,astar,103.066,288.547,301.477,443.872,25.438,302.827
korytarz3.pgm,astar,103.066,288.547,301.477,443.872,26.036,302.827
korytarz3.pgm,astar,103.066,288.547,301.477,443.872,26.799,302.827
korytarz3.pgm,astar,103.066,288.547,301.477,443.872,25.292,302.827
korytarz3.pgm,astar,103.066,288.547,301.477,443.872,30.99,302.827
korytarz3.pgm,astar,103.066,288.547,301.477,443.872,33.978,302.827
korytarz3.pgm,astar,103.066,288.547,301.477,443.872,25.662,302.827
korytarz3.pgm,astar,103.066,288.547,301.477,443.872,29.167,302.827
korytarz3.pgm,astar,103.066,288.547,301.477,443.872,25.467,302.827
korytarz3.pgm,astar,103.066,288.547,301.477,443.872,25.278,302.827
korytarz3.pgm,astar,103.066,288.547,301.477,443.872,30.662,302.827
korytarz3.pgm,astar,103.066,288.547,301.477,443.872,29.306,302.827
korytarz3.pgm,astar,103.066,288.547,301.477,443.872,27.552,302.827
korytarz3.pgm,astar,103.066,288.547,301.477,443.872,26.343,302.827
korytarz3.pgm,astar,103.066,288.547,301.477,443.872,28.328,302.827
korytarz3.pgm,astar,103.066,288.547,301.477,443.872,26.631,302.827
korytarz3.pgm,astar,103.066,288.547,301.477,443.872,26.235,302.827
korytarz3.pgm,astar,103.066,288.547,301.477,443.872,27.648,302.827
korytarz3.pgm,astar,103.066,288.547,301.477,443.872,27.085,302.827
korytarz3.pgm,astar,103.066,288.547,301.477,443.872,27.355,302.827
korytarz3.pgm,astar,103.066,288.547,301.477,443.872,28.184,302.827
korytarz3.pgm,astar,103.066,288.547,301.477,443.872,26.707,302.827
korytarz3.pgm,astar,103.066,288.547,301.477,443.872,29.715,302.827
korytarz3.pgm,astar,103.066,288.547,301.477,443.872,36.953,302.827
korytarz3.pgm,astar,103.066,288.547,301.477,443.872,39.327,302.827
korytarz3.pgm,astar,103.066,288.547,301.477,443.872,31.069,302.827
korytarz3.pgm,astar,103.066,288.547,301.477,443.872,26.143,302.827
korytarz3.pgm,astar,103.066,288.547,301.477,443.872,25.59,302.827
korytarz3.pgm,astar,103.066,288.547,301.477,443.872,26.07,302.827
korytarz3.pgm,astar,103.066,288.547,301.477,443.872,26.293,302.827
korytarz3.pgm,astar,103.066,288.547,301.477,443.872,26.109,302.827
korytarz3.pgm,astar,103.066,288.547,301.477,443.872,29.158,302.827
korytarz3.pgm,astar,103.066,288.547,301.477,443.872,26.605,302.827
korytarz3.pgm,astar,103.066,288.547,301.477,443.872,35.493,302.827
korytarz3.pgm,astar,103.066,288.547,301.477,443.872,26.193,302.827
korytarz3.pgm,astar,103.066,288.547,301.477,443.872,26.332,302.827
korytarz3.pgm,astar,103.066,288.547,301.477,443.872,25.98,302.827
korytarz3.pgm,astar,103.066,288.547,301.477,443.872,25.88,302.827
korytarz3.pgm,astar,103.066,288.547,301.477,443.872,25.521,302.827
korytarz3.pgm,astar,103.066,288.547,301.477,443.872,24.827,302.827
korytarz3.pgm,astar,103.066,288.547,301.477,443.872,25.448,302.827
korytarz3.pgm,astar,103.066,288.547,301.477,443.872,38.093,302.827
korytarz3.pgm,astar,103.066,288.547,301.477,443.872,26.577,302.827
korytarz3.pgm,astar,103.066,288.547,301.477,443.872,26.977,302.827
korytarz3.pgm,astar,103.066,288.547,301.477,443.872,26.272,302.827
korytarz3.pgm,astar,103.066,288.547,301.477,443.872,27.133,302.827
korytarz3.pgm,astar,103.066,288.547,301.477,443.872,27.638,302.827
korytarz3.pgm,astar,103.066,288.547,301.477,443.872,26.763,302.827
korytarz3.pgm,astar,103.066,288.547,301.477,443.872,30.972,302.827
korytarz3.pgm,astar,103.066,288.547,301.477,443.872,27.181,302.827
korytarz3.pgm,astar,103.066,288.547,301.477,443.872,26.687,302.827
korytarz3.pgm,astar,103.066,288.547,301.477,443.872,26.772,302.827
korytarz3.pgm,astar,103.066,288.547,301.477,443.872,31.293,302.827
korytarz3.pgm,astar,103.066,288.547,301.477,443.872,27.591,302.827
korytarz3.pgm,astar,103.066,288.547,301.477,443.872,25.999,302.827
korytarz3.pgm,astar,103.066,288.547,301.477,443.872,26.087,302.827
korytarz3.pgm,astar,103.066,288.547,301.477,443.872,25.712,302.827
korytarz3.pgm,astar,103.066,288.547,301.477,443.872,25.771,302.827
korytarz3.pgm,astar,103.066,288.547,301.477,443.872,26.426,302.827
korytarz3.pgm,astar,103.066,288.547,301.477,443.872,26.349,302.827
korytarz3.pgm,astar,103.066,288.547,301.477,443.872,26.753,302.827
korytarz3.pgm,astar,103.066,288.547,301.477,443.872,26.773,302.827
korytarz3.pgm,astar,103.066,288.547,301.477,443.872,25.227,302.827
korytarz3.pgm,astar,103.066,288.547,301.477,443.872,27.032,302.827
korytarz3.pgm,astar,103.066,288.547,301.477,443.872,25.731,302.827
korytarz3.pgm,astar,103.066,288.547,301.477,443.872,25.81,302.827
korytarz3.pgm,astar,103.066,288.547,301.477,443.872,28.591,302.827
korytarz3.pgm,astar,103.066,288.547,301.477,443.872,41.006,302.827
korytarz3.pgm,astar,103.066,288.547,301.477,443.872,42.253,302.827


korytarz3.pgm,astar,149.617,381.427,407.528,263.157,40.4,399.678
korytarz3.pgm,astar,149.617,381.427,407.528,263.157,38.722,399.678
korytarz3.pgm,astar,149.617,381.427,407.528,263.157,36.264,399.678
korytarz3.pgm,astar,149.617,381.427,407.528,263.157,38.339,399.678
korytarz3.pgm,astar,149.617,381.427,407.528,263.157,40.483,399.678
korytarz3.pgm,astar,149.617,381.427,407.528,263.157,40.357,399.678
korytarz3.pgm,astar,149.617,381.427,407.528,263.157,36.803,399.678
korytarz3.pgm,astar,149.617,381.427,407.528,263.157,35.433,399.678
korytarz3.pgm,astar,149.617,381.427,407.528,263.157,41.189,399.678
korytarz3.pgm,astar,149.617,381.427,407.528,263.157,37.547,399.678
korytarz3.pgm,astar,149.617,381.427,407.528,263.157,35.634,399.678
korytarz3.pgm,astar,149.617,381.427,407.528,263.157,37.734,399.678
korytarz3.pgm,astar,149.617,381.427,407.528,263.157,54.235,399.678
korytarz3.pgm,astar,149.617,381.427,407.528,263.157,45.452,399.678
korytarz3.pgm,astar,149.617,381.427,407.528,263.157,36.719,399.678
korytarz3.pgm,astar,149.617,381.427,407.528,263.157,38.504,399.678
korytarz3.pgm,astar,149.617,381.427,407.528,263.157,38.203,399.678
korytarz3.pgm,astar,149.617,381.427,407.528,263.157,42.739,399.678
korytarz3.pgm,astar,149.617,381.427,407.528,263.157,39.648,399.678
korytarz3.pgm,astar,149.617,381.427,407.528,263.157,35.497,399.678
korytarz3.pgm,astar,149.617,381.427,407.528,263.157,35.951,399.678
korytarz3.pgm,astar,149.617,381.427,407.528,263.157,46.425,399.678
korytarz3.pgm,astar,149.617,381.427,407.528,263.157,37.811,399.678
korytarz3.pgm,astar,149.617,381.427,407.528,263.157,34.643,399.678
korytarz3.pgm,astar,149.617,381.427,407.528,263.157,37.965,399.678
korytarz3.pgm,astar,149.617,381.427,407.528,263.157,35.955,399.678
korytarz3.pgm,astar,149.617,381.427,407.528,263.157,34.577,399.678
korytarz3.pgm,astar,149.617,381.427,407.528,263.157,37.113,399.678
korytarz3.pgm,astar,149.617,381.427,407.528,263.157,36.018,399.678
korytarz3.pgm,astar,149.617,381.427,407.528,263.157,37.668,399.678
korytarz3.pgm,astar,149.617,381.427,407.528,263.157,36.892,399.678
korytarz3.pgm,astar,149.617,381.427,407.528,263.157,37.068,399.678
korytarz3.pgm,astar,149.617,381.427,407.528,263.157,35.958,399.678
korytarz3.pgm,astar,149.617,381.427,407.528,263.157,38.057,399.678
korytarz3.pgm,astar,149.617,381.427,407.528,263.157,36.656,399.678
korytarz3.pgm,astar,149.617,381.427,407.528,263.157,36.513,399.678
korytarz3.pgm,astar,149.617,381.427,407.528,263.157,41.328,399.678
korytarz3.pgm,astar,149.617,381.427,407.528,263.157,42.064,399.678
korytarz3.pgm,astar,149.617,381.427,407.528,263.157,40.139,399.678
korytarz3.pgm,astar,149.617,381.427,407.528,263.157,38.042,399.678
korytarz3.pgm,astar,149.617,381.427,407.528,263.157,42.101,399.678
korytarz3.pgm,astar,149.617,381.427,407.528,263.157,35.03,399.678
korytarz3.pgm,astar,149.617,381.427,407.528,263.157,38.245,399.678
korytarz3.pgm,astar,149.617,381.427,407.528,263.157,36.714,399.678
korytarz3.pgm,astar,149.617,381.427,407.528,263.157,49.072,399.678
korytarz3.pgm,astar,149.617,381.427,407.528,263.157,42.074,399.678
korytarz3.pgm,astar,149.617,381.427,407.528,263.157,36.015,399.678
korytarz3.pgm,astar,149.617,381.427,407.528,263.157,50.279,399.678
korytarz3.pgm,astar,149.617,381.427,407.528,263.157,40.11,399.678
korytarz3.pgm,astar,149.617,381.427,407.528,263.157,33.916,399.678
korytarz3.pgm,astar,149.617,381.427,407.528,263.157,33.961,399.678
korytarz3.pgm,astar,149.617,381.427,407.528,263.157,32.14,399.678
korytarz3.pgm,astar,149.617,381.427,407.528,263.157,40.807,399.678
korytarz3.pgm,astar,149.617,381.427,407.528,263.157,30.445,399.678
korytarz3.pgm,astar,149.617,381.427,407.528,263.157,30.397,399.678
korytarz3.pgm,astar,149.617,381.427,407.528,263.157,42.954,399.678
korytarz3.pgm,astar,149.617,381.427,407.528,263.157,34.014,399.678
korytarz3.pgm,astar,149.617,381.427,407.528,263.157,30.564,399.678
korytarz3.pgm,astar,149.617,381.427,407.528,263.157,30.677,399.678
korytarz3.pgm,astar,149.617,381.427,407.528,263.157,31.883,399.678
korytarz3.pgm,astar,149.617,381.427,407.528,263.157,32.132,399.678
korytarz3.pgm,astar,149.617,381.427,407.528,263.157,32.71,399.678
korytarz3.pgm,astar,149.617,381.427,407.528,263.157,36.255,399.678
korytarz3.pgm,astar,149.617,381.427,407.528,263.157,32.636,399.678
korytarz3.pgm,astar,149.617,381.427,407.528,263.157,33.007,399.678
korytarz3.pgm,astar,149.617,381.427,407.528,263.157,33.307,399.678
korytarz3.pgm,astar,149.617,381.427,407.528,263.157,32.742,399.678
korytarz3.pgm,astar,149.617,381.427,407.528,263.157,32.031,399.678
korytarz3.pgm,astar,149.617,381.427,407.528,263.157,32.434,399.678
korytarz3.pgm,astar,149.617,381.427,407.528,263.157,31.319,399.678
korytarz3.pgm,astar,149.617,381.427,407.528,263.157,32.318,399.678
korytarz3.pgm,astar,149.617,381.427,407.528,263.157,35.652,399.678
korytarz3.pgm,astar,149.617,381.427,407.528,263.157,31.698,399.678
korytarz3.pgm,astar,149.617,381.427,407.528,263.157,31.522,399.678
korytarz3.pgm,astar,149.617,381.427,407.528,263.157,31.607,399.678
korytarz3.pgm,astar,149.617,381.427,407.528,263.157,31.017,399.678
korytarz3.pgm,astar,149.617,381.427,407.528,263.157,30.662,399.678
korytarz3.pgm,astar,149.617,381.427,407.528,263.157,31.759,399.678
korytarz3.pgm,astar,149.617,381.427,407.528,263.157,31.63,399.678
korytarz3.pgm,astar,149.617,381.427,407.528,263.157,32.791,399.678
korytarz3.pgm,astar,149.617,381.427,407.528,263.157,33.905,399.678
korytarz3.pgm,astar,149.617,381.427,407.528,263.157,32.676,399.678
korytarz3.pgm,astar,149.617,381.427,407.528,263.157,31.608,399.678
korytarz3.pgm,astar,149.617,381.427,407.528,263.157,31.382,399.678
korytarz3.pgm,astar,149.617,381.427,407.528,263.157,32.258,399.678
korytarz3.pgm,astar,149.617,381.427,407.528,263.157,31.684,399.678
korytarz3.pgm,astar,149.617,381.427,407.528,263.157,31.038,399.678
korytarz3.pgm,astar,149.617,381.427,407.528,263.157,34.186,399.678
korytarz3.pgm,astar,149.617,381.427,407.528,263.157,32.433,399.678
korytarz3.pgm,astar,149.617,381.427,407.528,263.157,31.667,399.678
korytarz3.pgm,astar,149.617,381.427,407.528,263.157,30.26,399.678
korytarz3.pgm,astar,149.617,381.427,407.528,263.157,32.194,399.678
korytarz3.pgm,astar,149.617,381.427,407.528,263.157,31.866,399.678
korytarz3.pgm,astar,149.617,381.427,407.528,263.157,31.261,399.678
korytarz3.pgm,astar,149.617,381.427,407.528,263.157,32.37,399.678
korytarz3.pgm,astar,149.617,381.427,407.528,263.157,32.929,399.678
korytarz3.pgm,astar,149.617,381.427,407.528,263.157,30.702,399.678
korytarz3.pgm,astar,149.617,381.427,407.528,263.157,30.648,399.678
korytarz3.pgm,astar,149.617,381.427,407.528,263.157,30.826,399.678
korytarz3.pgm,astar,149.617,381.427,407.528,263.157,32.905,399.678


korytarz3.pgm,astar,93.9751,321.653,305.85,452.636,18.958,276.483
korytarz3.pgm,astar,93.9751,321.653,305.85,452.636,19.372,276.483
korytarz3.pgm,astar,93.9751,321.653,305.85,452.636,18.791,276.483
korytarz3.pgm,astar,93.9751,321.653,305.85,452.636,19.232,276.483
korytarz3.pgm,astar,93.9751,321.653,305.85,452.636,19.375,276.483
korytarz3.pgm,astar,93.9751,321.653,305.85,452.636,21.533,276.483
korytarz3.pgm,astar,93.9751,321.653,305.85,452.636,18.097,276.483
korytarz3.pgm,astar,93.9751,321.653,305.85,452.636,17.352,276.483
korytarz3.pgm,astar,93.9751,321.653,305.85,452.636,17.124,276.483
korytarz3.pgm,astar,93.9751,321.653,305.85,452.636,18.063,276.483
korytarz3.pgm,astar,93.9751,321.653,305.85,452.636,17.15,276.483
korytarz3.pgm,astar,93.9751,321.653,305.85,452.636,17.175,276.483
korytarz3.pgm,astar,93.9751,321.653,305.85,452.636,17.918,276.483
korytarz3.pgm,astar,93.9751,321.653,305.85,452.636,18.275,276.483
korytarz3.pgm,astar,93.9751,321.653,305.85,452.636,17.411,276.483
korytarz3.pgm,astar,93.9751,321.653,305.85,452.636,18.155,276.483
korytarz3.pgm,astar,93.9751,321.653,305.85,452.636,17.296,276.483
korytarz3.pgm,astar,93.9751,321.653,305.85,452.636,17.258,276.483
korytarz3.pgm,astar,93.9751,321.653,305.85,452.636,17.087,276.483
korytarz3.pgm,astar,93.9751,321.653,305.85,452.636,18.502,276.483
korytarz3.pgm,astar,93.9751,321.653,305.85,452.636,17.043,276.483
korytarz3.pgm,astar,93.9751,321.653,305.85,452.636,17.14,276.483
korytarz3.pgm,astar,93.9751,321.653,305.85,452.636,17.587,276.483
korytarz3.pgm,astar,93.9751,321.653,305.85,452.636,17.248,276.483
korytarz3.pgm,astar,93.9751,321.653,305.85,452.636,17.734,276.483
korytarz3.pgm,astar,93.9751,321.653,305.85,452.636,17.688,276.483
korytarz3.pgm,astar,93.9751,321.653,305.85,452.636,17.864,276.483
korytarz3.pgm,astar,93.9751,321.653,305.85,452.636,18.02,276.483
korytarz3.pgm,astar,93.9751,321.653,305.85,452.636,17.506,276.483
korytarz3.pgm,astar,93.9751,321.653,305.85,452.636,17.167,276.483
korytarz3.pgm,astar,93.9751,321.653,305.85,452.636,18.386,276.483
korytarz3.pgm,astar,93.9751,321.653,305.85,452.636,17.451,276.483
korytarz3.pgm,astar,93.9751,321.653,305.85,452.636,17.301,276.483
korytarz3.pgm,astar,93.9751,321.653,305.85,452.636,17.635,276.483
korytarz3.pgm,astar,93.9751,321.653,305.85,452.636,17.173,276.483
korytarz3.pgm,astar,93.9751,321.653,305.85,452.636,16.921,276.483
korytarz3.pgm,astar,93.9751,321.653,305.85,452.636,17.546,276.483
korytarz3.pgm,astar,93.9751,321.653,305.85,452.636,17.622,276.483
korytarz3.pgm,astar,93.9751,321.653,305.85,452.636,17.258,276.483
korytarz3.pgm,astar,93.9751,321.653,305.85,452.636,18.79,276.483
korytarz3.pgm,astar,93.9751,321.653,305.85,452.636,17.116,276.483
korytarz3.pgm,astar,93.9751,321.653,305.85,452.636,16.915,276.483
korytarz3.pgm,astar,93.9751,321.653,305.85,452.636,16.987,276.483
korytarz3.pgm,astar,93.9751,321.653,305.85,452.636,17.36,276.483
korytarz3.pgm,astar,93.9751,321.653,305.85,452.636,17.186,276.483
korytarz3.pgm,astar,93.9751,321.653,305.85,452.636,17.04,276.483
korytarz3.pgm,astar,93.9751,321.653,305.85,452.636,16.939,276.483
korytarz3.pgm,astar,93.9751,321.653,305.85,452.636,16.929,276.483
korytarz3.pgm,astar,93.9751,321.653,305.85,452.636,17.308,276.483
korytarz3.pgm,astar,93.9751,321.653,305.85,452.636,17.176,276.483
korytarz3.pgm,astar,93.9751,321.653,305.85,452.636,17.041,276.483
korytarz3.pgm,astar,93.9751,321.653,305.85,452.636,16.952,276.483
korytarz3.pgm,astar,93.9751,321.653,305.85,452.636,17.13,276.483
korytarz3.pgm,astar,93.9751,321.653,305.85,452.636,16.924,276.483
korytarz3.pgm,astar,93.9751,321.653,305.85,452.636,16.896,276.483
korytarz3.pgm,astar,93.9751,321.653,305.85,452.636,17.166,276.483
korytarz3.pgm,astar,93.9751,321.653,305.85,452.636,16.992,276.483
korytarz3.pgm,astar,93.9751,321.653,305.85,452.636,16.868,276.483
korytarz3.pgm,astar,93.9751,321.653,305.85,452.636,16.984,276.483
korytarz3.pgm,astar,93.9751,321.653,305.85,452.636,18.261,276.483
korytarz3.pgm,astar,93.9751,321.653,305.85,452.636,17.531,276.483
korytarz3.pgm,astar,93.9751,321.653,305.85,452.636,18.031,276.483
korytarz3.pgm,astar,93.9751,321.653,305.85,452.636,18.012,276.483
korytarz3.pgm,astar,93.9751,321.653,305.85,452.636,17.219,276.483
korytarz3.pgm,astar,93.9751,321.653,305.85,452.636,18.159,276.483
korytarz3.pgm,astar,93.9751,321.653,305.85,452.636,17.407,276.483
korytarz3.pgm,astar,93.9751,321.653,305.85,452.636,17.612,276.483
korytarz3.pgm,astar,93.9751,321.653,305.85,452.636,17.95,276.483
korytarz3.pgm,astar,93.9751,321.653,305.85,452.636,17.041,276.483
korytarz3.pgm,astar,93.9751,321.653,305.85,452.636,16.98,276.483
korytarz3.pgm,astar,93.9751,321.653,305.85,452.636,16.953,276.483
korytarz3.pgm,astar,93.9751,321.653,305.85,452.636,16.945,276.483
korytarz3.pgm,astar,93.9751,321.653,305.85,452.636,16.916,276.483
korytarz3.pgm,astar,93.9751,321.653,305.85,452.636,16.907,276.483
korytarz3.pgm,astar,93.9751,321.653,305.85,452.636,17.01,276.483
korytarz3.pgm,astar,93.9751,321.653,305.85,452.636,16.927,276.483
korytarz3.pgm,astar,93.9751,321.653,305.85,452.636,17.042,276.483
korytarz3.pgm,astar,93.9751,321.653,305.85,452.636,18.222,276.483
korytarz3.pgm,astar,93.9751,321.653,305.85,452.636,17.068,276.483
korytarz3.pgm,astar,93.9751,321.653,305.85,452.636,16.82,276.483
korytarz3.pgm,astar,93.9751,321.653,305.85,452.636,16.921,276.483
korytarz3.pgm,astar,93.9751,321.653,305.85,452.636,16.867,276.483
korytarz3.pgm,astar,93.9751,321.653,305.85,452.636,17.064,276.483
korytarz3.pgm,astar,93.9751,321.653,305.85,452.636,16.972,276.483
korytarz3.pgm,astar,93.9751,321.653,305.85,452.636,16.98,276.483
korytarz3.pgm,astar,93.9751,321.653,305.85,452.636,16.83,276.483
korytarz3.pgm,astar,93.9751,321.653,305.85,452.636,17.892,276.483
korytarz3.pgm,astar,93.9751,321.653,305.85,452.636,17.777,276.483
korytarz3.pgm,astar,93.9751,321.653,305.85,452.636,17.735,276.483
korytarz3.pgm,astar,93.9751,321.653,305.85,452.636,17.227,276.483
korytarz3.pgm,astar,93.9751,321.653,305.85,452.636,17.089,276.483
korytarz3.pgm,astar,93.9751,321.653,305.85,452.636,17.76,276.483
korytarz3.pgm,astar,93.9751,321.653,305.85,452.636,17.843,276.483
korytarz3.pgm,astar,93.9751,321.653,305.85,452.636,17.111,276.483
korytarz3.pgm,astar,93.9751,321.653,305.85,452.636,16.985,276.483
korytarz3.pgm,astar,93.9751,321.653,305.85,452.636,16.933,276.483
korytarz3.pgm,astar,93.9751,321.653,305.85,452.636,16.96,276.483
korytarz3.pgm,astar,93.9751,321.653,305.85,452.636,17.948,276.483
korytarz3.pgm,astar,93.9751,321.653,305.85,452.636,17.547,276.483
korytarz3.pgm,astar,93.9751,321.653,305.85,452.636,17.712,276.483


korytarz3.pgm,astar,69.9906,238.158,239.067,311.747,13.815,227.82
korytarz3.pgm,astar,69.9906,238.158,239.067,311.747,13.865,227.82
korytarz3.pgm,astar,69.9906,238.158,239.067,311.747,13.377,227.82
korytarz3.pgm,astar,69.9906,238.158,239.067,311.747,13.254,227.82
korytarz3.pgm,astar,69.9906,238.158,239.067,311.747,13.23,227.82
korytarz3.pgm,astar,69.9906,238.158,239.067,311.747,13.169,227.82
korytarz3.pgm,astar,69.9906,238.158,239.067,311.747,14.306,227.82
korytarz3.pgm,astar,69.9906,238.158,239.067,311.747,13.371,227.82
korytarz3.pgm,astar,69.9906,238.158,239.067,311.747,13.922,227.82
korytarz3.pgm,astar,69.9906,238.158,239.067,311.747,13.568,227.82
korytarz3.pgm,astar,69.9906,238.158,239.067,311.747,14.517,227.82
korytarz3.pgm,astar,69.9906,238.158,239.067,311.747,13.654,227.82
korytarz3.pgm,astar,69.9906,238.158,239.067,311.747,14.023,227.82
korytarz3.pgm,astar,69.9906,238.158,239.067,311.747,14.325,227.82
korytarz3.pgm,astar,69.9906,238.158,239.067,311.747,13.36,227.82
korytarz3.pgm,astar,69.9906,238.158,239.067,311.747,13.523,227.82
korytarz3.pgm,astar,69.9906,238.158,239.067,311.747,13.166,227.82
korytarz3.pgm,astar,69.9906,238.158,239.067,311.747,13.153,227.82
korytarz3.pgm,astar,69.9906,238.158,239.067,311.747,13.265,227.82
korytarz3.pgm,astar,69.9906,238.158,239.067,311.747,13.293,227.82
korytarz3.pgm,astar,69.9906,238.158,239.067,311.747,13.294,227.82
korytarz3.pgm,astar,69.9906,238.158,239.067,311.747,22.24,227.82
korytarz3.pgm,astar,69.9906,238.158,239.067,311.747,19.384,227.82
korytarz3.pgm,astar,69.9906,238.158,239.067,311.747,19.291,227.82
korytarz3.pgm,astar,69.9906,238.158,239.067,311.747,14.638,227.82
korytarz3.pgm,astar,69.9906,238.158,239.067,311.747,13.949,227.82
korytarz3.pgm,astar,69.9906,238.158,239.067,311.747,13.959,227.82
korytarz3.pgm,astar,69.9906,238.158,239.067,311.747,14.005,227.82
korytarz3.pgm,astar,69.9906,238.158,239.067,311.747,14.125,227.82
korytarz3.pgm,astar,69.9906,238.158,239.067,311.747,14.046,227.82
korytarz3.pgm,astar,69.9906,238.158,239.067,311.747,13.544,227.82
korytarz3.pgm,astar,69.9906,238.158,239.067,311.747,14.09,227.82
korytarz3.pgm,astar,69.9906,238.158,239.067,311.747,14.155,227.82
korytarz3.pgm,astar,69.9906,238.158,239.067,311.747,15.402,227.82
korytarz3.pgm,astar,69.9906,238.158,239.067,311.747,19.571,227.82
korytarz3.pgm,astar,69.9906,238.158,239.067,311.747,13.288,227.82
korytarz3.pgm,astar,69.9906,238.158,239.067,311.747,13.186,227.82
korytarz3.pgm,astar,69.9906,238.158,239.067,311.747,13.168,227.82
korytarz3.pgm,astar,69.9906,238.158,239.067,311.747,13.234,227.82
korytarz3.pgm,astar,69.9906,238.158,239.067,311.747,13.203,227.82
korytarz3.pgm,astar,69.9906,238.158,239.067,311.747,13.358,227.82
korytarz3.pgm,astar,69.9906,238.158,239.067,311.747,14.608,227.82
korytarz3.pgm,astar,69.9906,238.158,239.067,311.747,13.359,227.82
korytarz3.pgm,astar,69.9906,238.158,239.067,311.747,13.31,227.82
korytarz3.pgm,astar,69.9906,238.158,239.067,311.747,13.3,227.82
korytarz3.pgm,astar,69.9906,238.158,239.067,311.747,13.256,227.82
korytarz3.pgm,astar,69.9906,238.158,239.067,311.747,13.436,227.82
korytarz3.pgm,astar,69.9906,238.158,239.067,311.747,13.431,227.82
korytarz3.pgm,astar,69.9906,238.158,239.067,311.747,13.169,227.82
korytarz3.pgm,astar,69.9906,238.158,239.067,311.747,13.22,227.82
korytarz3.pgm,astar,69.9906,238.158,239.067,311.747,13.143,227.82
korytarz3.pgm,astar,69.9906,238.158,239.067,311.747,13.316,227.82
korytarz3.pgm,astar,69.9906,238.158,239.067,311.747,13.245,227.82
korytarz3.pgm,astar,69.9906,238.158,239.067,311.747,13.207,227.82
korytarz3.pgm,astar,69.9906,238.158,239.067,311.747,13.362,227.82
korytarz3.pgm,astar,69.9906,238.158,239.067,311.747,13.414,227.82
korytarz3.pgm,astar,69.9906,238.158,239.067,311.747,13.924,227.82
korytarz3.pgm,astar,69.9906,238.158,239.067,311.747,14.135,227.82
korytarz3.pgm,astar,69.9906,238.158,239.067,311.747,13.995,227.82
korytarz3.pgm,astar,69.9906,238.158,239.067,311.747,13.99,227.82
korytarz3.pgm,astar,69.9906,238.158,239.067,311.747,18.289,227.82
korytarz3.pgm,astar,69.9906,238.158,239.067,311.747,14.219,227.82
korytarz3.pgm,astar,69.9906,238.158,239.067,311.747,14.015,227.82
korytarz3.pgm,astar,69.9906,238.158,239.067,311.747,14.083,227.82
korytarz3.pgm,astar,69.9906,238.158,239.067,311.747,13.973,227.82
korytarz3.pgm,astar,69.9906,238.158,239.067,311.747,14.418,227.82
korytarz3.pgm,astar,69.9906,238.158,239.067,311.747,13.683,227.82
korytarz3.pgm,astar,69.9906,238.158,239.067,311.747,14.706,227.82
korytarz3.pgm,astar,69.9906,238.158,239.067,311.747,13.456,227.82
korytarz3.pgm,astar,69.9906,238.158,239.067,311.747,13.716,227.82
korytarz3.pgm,astar,69.9906,238.158,239.067,311.747,14.447,227.82
korytarz3.pgm,astar,69.9906,238.158,239.067,311.747,14.414,227.82
korytarz3.pgm,astar,69.9906,238.158,239.067,311.747,14.113,227.82
korytarz3.pgm,astar,69.9906,238.158,239.067,311.747,14.163,227.82
korytarz3.pgm,astar,69.9906,238.158,239.067,311.747,13.828,227.82
korytarz3.pgm,astar,69.9906,238.158,239.067,311.747,13.989,227.82
korytarz3.pgm,astar,69.9906,238.158,239.067,311.747,13.482,227.82
korytarz3.pgm,astar,69.9906,238.158,239.067,311.747,13.32,227.82
korytarz3.pgm,astar,69.9906,238.158,239.067,311.747,13.184,227.82
korytarz3.pgm,astar,69.9906,238.158,239.067,311.747,17.799,227.82
korytarz3.pgm,astar,69.9906,238.158,239.067,311.747,13.185,227.82
korytarz3.pgm,astar,69.9906,238.158,239.067,311.747,13.187,227.82
korytarz3.pgm,astar,69.9906,238.158,239.067,311.747,13.221,227.82
korytarz3.pgm,astar,69.9906,238.158,239.067,311.747,13.429,227.82
korytarz3.pgm,astar,69.9906,238.158,239.067,311.747,16.621,227.82
korytarz3.pgm,astar,69.9906,238.158,239.067,311.747,13.73,227.82
korytarz3.pgm,astar,69.9906,238.158,239.067,311.747,13.419,227.82
korytarz3.pgm,astar,69.9906,238.158,239.067,311.747,13.256,227.82
korytarz3.pgm,astar,69.9906,238.158,239.067,311.747,16.408,227.82
korytarz3.pgm,astar,69.9906,238.158,239.067,311.747,19.127,227.82
korytarz3.pgm,astar,69.9906,238.158,239.067,311.747,15.17,227.82
korytarz3.pgm,astar,69.9906,238.158,239.067,311.747,15.077,227.82
korytarz3.pgm,astar,69.9906,238.158,239.067,311.747,15.644,227.82
korytarz3.pgm,astar,69.9906,238.158,239.067,311.747,14.705,227.82
korytarz3.pgm,astar,69.9906,238.158,239.067,311.747,14.75,227.82
korytarz3.pgm,astar,69.9906,238.158,239.067,311.747,14.182,227.82
korytarz3.pgm,astar,69.9906,238.158,239.067,311.747,15.227,227.82
korytarz3.pgm,astar,69.9906,238.158,239.067,311.747,14.693,227.82
korytarz3.pgm,astar,69.9906,238.158,239.067,311.747,15.16,227.82
korytarz3.pgm,astar,69.9906,238.158,239.067,311.747,15.227,227.82


